id,title,budget,revenue,genres,is_franchise,release_date,vote_average,vote_count,runtime,collection,roi,franchise_status
1011477,Karate Kid: Legends,45000000.0,104560790,"['Action', 'Adventure', 'Drama']",True,2025-05-08,7.281,367,94,The Karate Kid Collection,132.3573111111111,subsequent
541671,Ballerina,90000000.0,131611905,"['Action', 'Thriller', 'Crime']",True,2025-06-04,7.453,944,125,Ballerina Collection,46.23545,starter
1061474,Superman,225000000.0,217000000,"['Science Fiction', 'Adventure', 'Action']",False,2025-07-09,7.47,538,130,,-3.5555555555555554,standalone
1234821,Jurassic World Rebirth,180000000.0,529463000,"['Science Fiction', 'Adventure', 'Action']",True,2025-07-01,6.4,566,134,Jurassic Park Collection,194.1461111111111,subsequent
986056,Thunderbolts*,180000000.0,382027956,"['Action', 'Science Fiction', 'Adventure']",False,2025-04-30,7.428,1767,127,,112.23775333333333,standalone
574475,Final Destination Bloodlines,50000000.0,285153000,"['Horror', 'Mystery']",True,2025-05-14,7.2,1605,110,Final Destination Collection,470.306,subsequent
552524,Lilo & Stitch,100000000.0,994264677,"['Family', 'Science Fiction', 'Comedy', 'Adventure']",True,2025-05-17,7.154,827,108,Lilo & Stitch (Live-Action) Collection,894.264677,starter
1087192,How to Train Your Dragon,150000000.0,560773000,"['Fantasy', 'Family', 'Action']",True,2025-06-06,7.887,630,125,How to Train Your Dragon (Live-Action) Collection,273.84866666666665,starter
1151031,Bring Her Back,15000000.0,22878745,['Horror'],False,2025-05-28,7.425,242,104,,52.524966666666664,standalone
911430,F1,200000000.0,393395000,"['Action', 'Drama']",False,2025-06-25,7.664,727,156,,96.6975,standalone
1233413,Sinners,90000000.0,365841000,"['Horror', 'Action', 'Thriller']",True,2025-04-16,7.563,1980,138,Sinners Collection,306.49,starter
7451,xXx,70000000.0,277448382,"['Action', 'Adventure', 'Thriller', 'Crime']",True,2002-08-09,5.946,4458,124,xXx Collection,296.3548314285714,starter
950387,A Minecraft Movie,150000000.0,955149195,"['Family', 'Comedy', 'Adventure', 'Fantasy']",True,2025-03-31,6.461,2051,101,The Minecraft Movie Collection,536.76613,starter
575265,Mission: Impossible - The Final Reckoning,400000000.0,584107000,"['Action', 'Adventure', 'Thriller']",True,2025-05-17,7.2,925,170,Mission: Impossible Collection,46.02675,subsequent
1087891,The Amateur,60000000.0,95956038,"['Thriller', 'Action']",False,2025-04-09,7.0,765,123,,59.92672999999999,standalone
1100988,28 Years Later,60000000.0,138337000,"['Horror', 'Thriller', 'Science Fiction']",True,2025-06-18,7.151,571,115,28 Days/Weeks Later Collection,130.56166666666667,subsequent
999243,Hell of a Summer,3000000.0,3182680,"['Horror', 'Comedy', 'Mystery']",False,2025-04-03,5.6,53,88,,6.089333333333333,standalone
507086,Jurassic World Dominion,185000000.0,1004004592,"['Adventure', 'Action', 'Science Fiction']",True,2022-06-01,6.653,6507,147,Jurassic Park Collection,442.70518486486486,subsequent
1197306,A Working Man,40000000.0,99068160,"['Action', 'Crime', 'Thriller']",False,2025-03-26,6.7,1355,116,,147.6704,standalone
1071585,M3GAN 2.0,15000000.0,36423205,"['Action', 'Science Fiction', 'Thriller']",True,2025-06-25,7.2,132,120,M3GAN Collection,142.82136666666668,subsequent
870028,The Accountant²,80000000.0,102123366,"['Mystery', 'Crime', 'Thriller']",True,2025-04-23,7.202,1094,133,The Accountant Collection,27.6542075,subsequent
1241982,Moana 2,150000000.0,1059242164,"['Animation', 'Adventure', 'Family', 'Comedy']",True,2024-11-21,7.07,2546,100,Moana Collection,606.1614426666667,starter
713364,Clown in a Cornfield,1000000.0,8802437,"['Horror', 'Mystery', 'Thriller']",False,2025-05-08,6.3,158,96,,780.2437,standalone
1284120,The Ugly Stepsister,4250000.0,884602,"['Horror', 'Comedy', 'Fantasy', 'Drama']",False,2025-03-07,7.2,252,109,,-79.18583529411765,standalone
822119,Captain America: Brave New World,180000000.0,413640021,"['Action', 'Thriller', 'Science Fiction']",True,2025-02-12,6.041,2370,119,Captain America Collection,129.80001166666665,subsequent
447273,Snow White,270000000.0,205067778,"['Family', 'Fantasy']",False,2025-03-12,4.283,1256,109,,-24.04897111111111,standalone
939243,Sonic the Hedgehog 3,122000000.0,492162604,"['Action', 'Science Fiction', 'Comedy', 'Family']",True,2024-12-19,7.692,2765,110,Sonic the Hedgehog Collection,303.4119704918033,subsequent
135397,Jurassic World,150000000.0,1671537444,"['Action', 'Adventure', 'Science Fiction', 'Thriller']",True,2015-06-06,6.698,20828,124,Jurassic Park Collection,1014.358296,subsequent
351286,Jurassic World: Fallen Kingdom,170000000.0,1310469037,"['Action', 'Adventure', 'Science Fiction', 'Thriller']",True,2018-06-06,6.542,12176,129,Jurassic Park Collection,670.8641394117647,subsequent
1241436,Warfare,20000000.0,31896828,"['War', 'Action']",False,2025-04-09,7.2,747,95,,59.48414,standalone
10191,How to Train Your Dragon,165000000.0,495141736,"['Fantasy', 'Adventure', 'Animation', 'Family']",True,2010-03-18,7.848,13587,98,How to Train Your Dragon Collection,200.0859006060606,starter
1022789,Inside Out 2,200000000.0,1698863816,"['Animation', 'Adventure', 'Comedy', 'Family']",True,2024-06-11,7.554,5976,97,Inside Out Collection,749.431908,subsequent
519182,Despicable Me 4,100000000.0,969597394,"['Family', 'Comedy', 'Animation', 'Science Fiction']",True,2024-06-20,7.0,2843,94,Despicable Me Collection,869.597394,subsequent
1022787,Elio,150000000.0,117266191,"['Family', 'Comedy', 'Adventure', 'Animation', 'Science Fiction']",False,2025-06-18,6.809,175,98,,-21.82253933333333,standalone
1137350,The Phoenician Scheme,30000000.0,37374000,"['Adventure', 'Comedy']",False,2025-05-23,6.804,370,102,,24.58,standalone
533535,Deadpool & Wolverine,200000000.0,1338073645,"['Action', 'Comedy', 'Science Fiction']",True,2024-07-24,7.59,7462,128,Deadpool Collection,569.0368225,subsequent
324544,In the Lost Lands,55000000.0,4755330,"['Action', 'Fantasy', 'Adventure']",False,2025-02-27,6.517,537,102,,-91.35394545454545,standalone
762509,Mufasa: The Lion King,200000000.0,722631756,"['Adventure', 'Family', 'Animation']",True,2024-12-18,7.377,2255,118,The Lion King (Reboot) Collection,261.315878,subsequent
1232546,Until Dawn,15000000.0,52794193,"['Horror', 'Drama', 'Mystery']",False,2025-04-23,6.576,798,103,,251.9612866666667,standalone
1011985,Kung Fu Panda 4,80000000.0,548040835,"['Animation', 'Family', 'Action', 'Comedy', 'Adventure', 'Fantasy']",True,2024-03-02,7.059,3134,94,Kung Fu Panda Collection,585.05104375,subsequent
933260,The Substance,17500000.0,76506196,"['Drama', 'Horror', 'Science Fiction']",False,2024-09-07,7.1,4827,141,,337.1782628571429,standalone
157336,Interstellar,165000000.0,746606706,"['Adventure', 'Drama', 'Science Fiction']",False,2014-11-05,8.456,37413,169,,352.48891272727275,standalone
170,28 Days Later,8000000.0,85032676,"['Horror', 'Thriller', 'Science Fiction']",True,2002-10-31,7.2,7531,113,28 Days/Weeks Later Collection,962.9084499999999,starter
980477,Ne Zha 2,80000000.0,2213230000,"['Animation', 'Fantasy', 'Adventure', 'Action']",True,2025-01-29,8.079,184,144,Ne Zha Collection,2666.5375,subsequent
82702,How to Train Your Dragon 2,145000000.0,621537519,"['Fantasy', 'Action', 'Adventure', 'Animation', 'Comedy', 'Family']",True,2014-06-05,7.676,9929,102,How to Train Your Dragon Collection,328.6465648275862,subsequent
1184918,The Wild Robot,78000000.0,331982078,"['Animation', 'Science Fiction', 'Family']",True,2024-09-12,8.315,5157,102,The Wild Robot Collection,325.6180487179487,starter
757725,Shadow Force,40000000.0,5,"['Action', 'Drama', 'Thriller']",False,2025-05-01,6.101,114,103,,-99.9999875,standalone
1153714,Death of a Unicorn,15000000.0,16412392,"['Horror', 'Fantasy', 'Comedy']",False,2025-03-27,6.446,340,107,,9.415946666666667,standalone
166428,How to Train Your Dragon: The Hidden World,129000000.0,539987993,"['Animation', 'Family', 'Adventure']",True,2019-01-03,7.752,6701,104,How to Train Your Dragon Collection,318.5953434108527,subsequent
823219,Flow,3700000.0,17660107,"['Animation', 'Adventure', 'Fantasy', 'Family']",False,2024-08-29,8.174,2115,85,,377.30018918918915,standalone
912649,Venom: The Last Dance,120000000.0,478103649,"['Action', 'Science Fiction', 'Adventure']",True,2024-10-22,6.7,3568,109,Venom Collection,298.4197075,subsequent
24428,The Avengers,220000000.0,1518815515,"['Science Fiction', 'Action', 'Adventure']",True,2012-04-25,7.774,32340,143,The Avengers Collection,590.3706886363636,starter
592695,Pleasure,1800000.0,393824,['Drama'],False,2021-10-08,6.329,687,108,,-78.12088888888889,standalone
671,Harry Potter and the Philosopher's Stone,125000000.0,976475550,"['Adventure', 'Fantasy']",True,2001-11-16,7.903,28382,152,Harry Potter Collection,681.18044,starter
603692,John Wick: Chapter 4,100000000.0,440157245,"['Action', 'Thriller', 'Crime']",True,2023-03-22,7.7,7206,170,John Wick Collection,340.15724500000005,subsequent
597,Titanic,200000000.0,2264162353,"['Drama', 'Romance']",False,1997-11-18,7.906,26130,194,,1032.0811765,standalone
385687,Fast X,340000000.0,704709660,"['Action', 'Crime', 'Thriller', 'Adventure', 'Mystery']",True,2023-05-17,7.038,5952,142,The Fast and the Furious Collection,107.26754705882354,subsequent
1924,Superman,55000000.0,300478449,"['Science Fiction', 'Action', 'Adventure']",True,1978-12-14,7.147,3998,143,Superman Collection,446.3244527272727,starter
11544,Lilo & Stitch,80000000.0,273144151,"['Animation', 'Family', 'Comedy']",True,2002-06-21,7.6,6687,85,Lilo & Stitch Collection,241.43018875,starter
872585,Oppenheimer,100000000.0,952000000,"['Drama', 'History']",False,2023-07-19,8.056,10427,181,,852.0,standalone
1042834,Eden,50000000.0,825041,"['Thriller', 'Drama']",False,2025-04-10,7.4,81,130,,-98.349918,standalone
346698,Barbie,145000000.0,1445638421,"['Comedy', 'Adventure']",False,2023-06-18,6.972,10072,114,,896.9920144827587,standalone
120,The Lord of the Rings: The Fellowship of the Ring,93000000.0,871368364,"['Adventure', 'Fantasy', 'Action']",True,2001-12-18,8.423,26136,179,The Lord of the Rings Collection,836.9552301075269,starter
1124620,The Monkey,10000000.0,68869853,"['Horror', 'Comedy']",False,2025-02-14,5.967,802,97,,588.69853,standalone
299536,Avengers: Infinity War,300000000.0,2052415039,"['Adventure', 'Action', 'Science Fiction']",True,2018-04-25,8.236,30709,149,The Avengers Collection,584.1383463333333,subsequent
558449,Gladiator II,310000000.0,462180717,"['Action', 'Adventure', 'Drama']",True,2024-11-13,6.695,3624,148,Gladiator Collection,49.09055387096774,subsequent
539972,Kraven the Hunter,120000000.0,59184643,"['Action', 'Adventure', 'Thriller']",False,2024-12-11,6.532,1845,127,,-50.67946416666666,standalone
896536,The Legend of Ochi,10000000.0,4588865,"['Family', 'Fantasy', 'Adventure']",False,2025-04-18,6.366,145,95,,-54.11135,standalone
238,The Godfather,6000000.0,245066411,"['Drama', 'Crime']",True,1972-03-14,8.688,21617,175,The Godfather Collection,3984.4401833333336,starter
1136867,Materialists,20000000.0,49572974,"['Romance', 'Drama']",False,2025-06-12,6.942,78,116,,147.86487,standalone
693134,Dune: Part Two,190000000.0,714444358,"['Science Fiction', 'Adventure']",True,2024-02-27,8.143,6825,167,Dune Collection,276.02334631578947,subsequent
947891,My Old Ass,3000000.0,5705895,"['Comedy', 'Drama']",False,2024-09-13,6.839,357,89,,90.1965,standalone
1064213,Anora,6000000.0,56286295,"['Drama', 'Comedy', 'Romance']",False,2024-10-14,7.047,2362,139,,838.1049166666667,standalone
1126166,Flight Risk,25000000.0,48701987,"['Action', 'Thriller']",False,2025-01-22,6.1,837,91,,94.807948,standalone
329,Jurassic Park,63000000.0,920100000,"['Adventure', 'Science Fiction']",True,1993-06-11,7.959,16916,127,Jurassic Park Collection,1360.4761904761904,starter
402431,Wicked,150000000.0,756085570,"['Drama', 'Romance', 'Fantasy']",True,2024-11-20,6.938,2258,162,Wicked Collection,404.0570466666667,starter
278,The Shawshank Redemption,25000000.0,28341469,"['Drama', 'Crime']",False,1994-09-23,8.712,28538,142,,13.365875999999998,standalone
49521,Man of Steel,225000000.0,668045518,"['Action', 'Adventure', 'Science Fiction']",True,2013-06-12,6.634,15502,143,Man of Steel Collection,196.9091191111111,starter
27205,Inception,160000000.0,839030630,"['Action', 'Science Fiction', 'Adventure']",False,2010-07-15,8.369,37658,148,,424.39414375,standalone
361743,Top Gun: Maverick,170000000.0,1488732821,"['Action', 'Drama']",True,2022-05-21,8.174,10000,131,Top Gun Collection,775.7251888235294,subsequent
411,"The Chronicles of Narnia: The Lion, the Witch and the Wardrobe",180000000.0,745013115,"['Adventure', 'Family', 'Fantasy']",True,2005-12-07,7.133,10981,143,The Chronicles of Narnia Collection,313.89617499999997,starter
198663,The Maze Runner,34000000.0,348319861,"['Action', 'Mystery', 'Science Fiction', 'Thriller']",True,2014-09-10,7.19,17427,113,The Maze Runner Collection,924.4701794117648,starter
216015,Fifty Shades of Grey,40000000.0,569651467,"['Drama', 'Romance', 'Thriller']",True,2015-02-11,5.886,12036,125,Fifty Shades Collection,1324.1286675,starter
1195506,Novocaine,18000000.0,34208050,"['Action', 'Comedy', 'Thriller']",False,2025-03-12,6.907,961,110,,90.04472222222222,standalone
945961,Alien: Romulus,80000000.0,350865342,"['Horror', 'Science Fiction']",True,2024-08-13,7.193,3781,119,Alien: Romulus Collection,338.5816775,starter
155,The Dark Knight,185000000.0,1004558444,"['Drama', 'Action', 'Crime', 'Thriller']",True,2008-07-16,8.522,34057,152,The Dark Knight Collection,443.00456432432435,subsequent
502356,The Super Mario Bros. Movie,100000000.0,1362000000,"['Family', 'Comedy', 'Adventure', 'Animation', 'Fantasy']",True,2023-04-05,7.62,9805,93,The Super Mario Bros. Collection,1262.0,starter
569094,Spider-Man: Across the Spider-Verse,100000000.0,690897910,"['Animation', 'Action', 'Adventure', 'Science Fiction']",True,2023-05-31,8.3,7690,140,Spider-Man: Spider-Verse Collection,590.89791,subsequent
634649,Spider-Man: No Way Home,200000000.0,1921847111,"['Action', 'Adventure', 'Science Fiction']",True,2021-12-15,7.943,20893,148,Spider-Man (MCU) Collection,860.9235555,subsequent
696506,Mickey 17,118000000.0,131847147,"['Science Fiction', 'Comedy', 'Adventure']",False,2025-02-28,6.885,2355,137,,11.734870338983052,standalone
18240,The Proposal,40000000.0,317400000,"['Comedy', 'Romance', 'Drama']",False,2009-06-02,7.158,7104,108,,693.5,standalone
297762,Wonder Woman,149000000.0,823970682,"['Action', 'Adventure', 'Fantasy']",True,2017-05-30,7.216,20307,141,Wonder Woman Collection,453.00045771812074,starter
845781,Red One,250000000.0,185700759,"['Action', 'Comedy', 'Fantasy']",False,2024-10-31,7.038,2574,124,,-25.719696399999997,standalone
22,Pirates of the Caribbean: The Curse of the Black Pearl,140000000.0,655011224,"['Adventure', 'Fantasy', 'Action']",True,2003-07-09,7.811,21240,143,Pirates of the Caribbean Collection,367.86516,starter
14836,Coraline,60000000.0,185860104,"['Animation', 'Family', 'Fantasy']",False,2009-02-05,7.895,8444,100,,209.76684,standalone
1084199,Companion,10000000.0,36709101,"['Horror', 'Science Fiction', 'Thriller']",False,2025-01-22,7.1,1455,97,,267.09101,standalone
811941,Devara: Part 1,31764000.0,49520000,"['Action', 'Drama']",True,2024-09-26,6.964,197,175,Devara Collection,55.899760735423754,starter
575264,Mission: Impossible - Dead Reckoning Part One,291000000.0,571125435,"['Action', 'Adventure', 'Thriller']",True,2023-07-08,7.529,4434,164,Mission: Impossible Collection,96.26303608247423,subsequent
672,Harry Potter and the Chamber of Secrets,100000000.0,876688482,"['Adventure', 'Fantasy']",True,2002-11-13,7.708,22647,161,Harry Potter Collection,776.6884819999999,subsequent
496243,Parasite,11363000.0,257591776,"['Comedy', 'Thriller', 'Drama']",False,2019-05-30,8.499,19234,133,,2166.9345771363196,standalone
18785,The Hangover,35000000.0,469310836,['Comedy'],True,2009-06-02,7.325,17334,100,The Hangover Collection,1240.888102857143,starter
573435,Bad Boys: Ride or Die,100000000.0,404547819,"['Action', 'Comedy', 'Crime', 'Thriller', 'Adventure']",True,2024-06-05,7.374,2966,115,Bad Boys Collection,304.547819,subsequent
675,Harry Potter and the Order of the Phoenix,150000000.0,938212738,"['Adventure', 'Fantasy']",True,2007-07-08,7.675,19988,138,Harry Potter Collection,525.4751586666667,subsequent
1257960,Sikandar,23500000.0,24727058,"['Action', 'Drama']",False,2025-03-29,4.768,56,133,,5.221523404255319,standalone
808,Shrek,60000000.0,488628188,"['Animation', 'Comedy', 'Fantasy', 'Adventure', 'Family']",True,2001-05-18,7.753,17803,90,Shrek Collection,714.3803133333333,starter
209112,Batman v Superman: Dawn of Justice,250000000.0,874362803,"['Action', 'Adventure', 'Fantasy']",True,2016-03-23,5.982,18359,152,Man of Steel Collection,249.7451212,subsequent
807,Se7en,33000000.0,327311859,"['Crime', 'Mystery', 'Thriller']",False,1995-09-22,8.376,21849,127,,891.8541181818181,standalone
19995,Avatar,237000000.0,2923706026,"['Action', 'Adventure', 'Fantasy', 'Science Fiction']",True,2009-12-15,7.59,32387,162,Avatar Collection,1133.6312345991562,starter
673,Harry Potter and the Prisoner of Azkaban,130000000.0,789804554,"['Adventure', 'Fantasy']",True,2004-05-31,8.013,22227,141,Harry Potter Collection,507.5419646153846,subsequent
13,Forrest Gump,55000000.0,677387716,"['Comedy', 'Drama', 'Romance']",False,1994-06-23,8.468,28375,142,,1131.614029090909,standalone
550,Fight Club,63000000.0,100853753,['Drama'],False,1999-10-15,8.437,30462,139,,60.085322222222224,standalone
603,The Matrix,63000000.0,463517383,"['Action', 'Science Fiction']",True,1999-03-31,8.229,26555,136,The Matrix Collection,635.7418777777779,starter
537915,After,14000000.0,69497587,"['Romance', 'Drama']",True,2019-04-11,7.12,8366,106,After Collection,396.4113357142857,starter
1726,Iron Man,140000000.0,585174222,"['Action', 'Science Fiction', 'Adventure']",True,2008-04-30,7.653,27095,126,Iron Man Collection,317.98158714285717,starter
438631,Dune,165000000.0,407573628,"['Science Fiction', 'Adventure']",True,2021-09-15,7.783,13705,155,Dune Collection,147.01432,starter
324552,John Wick: Chapter 2,40000000.0,171539887,"['Action', 'Thriller', 'Crime']",True,2017-02-08,7.336,13535,122,John Wick Collection,328.8497175,subsequent
1562,28 Weeks Later,15000000.0,65048725,"['Horror', 'Thriller', 'Science Fiction']",True,2007-04-26,6.613,4841,100,28 Days/Weeks Later Collection,333.65816666666666,subsequent
122,The Lord of the Rings: The Return of the King,94000000.0,1118888979,"['Adventure', 'Fantasy', 'Action']",True,2003-12-17,8.488,25239,201,The Lord of the Rings Collection,1090.3074244680852,subsequent
674,Harry Potter and the Goblet of Fire,150000000.0,895921036,"['Adventure', 'Fantasy']",True,2005-11-16,7.8,21279,157,Harry Potter Collection,497.28069066666666,subsequent
1100782,Smile 2,28000000.0,138128854,"['Horror', 'Mystery']",True,2024-10-16,6.594,1643,127,Smile Collection,393.3173357142857,subsequent
863,Toy Story 2,90000000.0,497375381,"['Animation', 'Comedy', 'Family']",True,1999-10-30,7.601,14235,92,Toy Story Collection,452.6393122222222,subsequent
557,Spider-Man,139000000.0,821708551,"['Action', 'Science Fiction']",True,2002-05-01,7.313,19699,121,Spider-Man Collection,491.15723093525185,starter
8966,Twilight,37000000.0,393616788,"['Fantasy', 'Drama', 'Romance']",True,2008-11-20,6.287,13856,122,The Twilight Collection,963.8291567567567,starter
396535,Train to Busan,8500000.0,87547518,"['Horror', 'Thriller', 'Action', 'Adventure']",True,2016-07-20,7.752,7842,118,Train to Busan Collection,929.9708,starter
414906,The Batman,185000000.0,772319315,"['Crime', 'Mystery', 'Thriller']",True,2022-03-01,7.657,11027,177,The Batman Collection,317.4699,starter
138843,The Conjuring,13000000.0,320415166,"['Horror', 'Thriller']",True,2013-07-18,7.539,11934,112,The Conjuring Collection,2364.732046153846,starter
106646,The Wolf of Wall Street,100000000.0,407038432,"['Crime', 'Drama', 'Comedy']",False,2013-12-25,8.028,24767,180,,307.038432,standalone
954,Mission: Impossible,80000000.0,457696391,"['Adventure', 'Action', 'Thriller']",True,1996-05-22,7.0,9377,110,Mission: Impossible Collection,472.12048875,starter
11036,The Notebook,29000000.0,115600000,"['Romance', 'Drama']",False,2004-05-25,7.891,11971,123,,298.6206896551724,standalone
12445,Harry Potter and the Deathly Hallows: Part 2,125000000.0,1341511219,"['Fantasy', 'Adventure']",True,2011-07-12,8.087,21127,130,Harry Potter Collection,973.2089752,subsequent
823464,Godzilla x Kong: The New Empire,150000000.0,571750016,"['Action', 'Adventure', 'Science Fiction']",False,2024-03-27,7.086,4255,115,,281.1666773333333,standalone
146233,Prisoners,46000000.0,122126687,"['Drama', 'Thriller', 'Crime']",False,2013-09-19,8.098,12264,153,,165.49279782608696,standalone
76600,Avatar: The Way of Water,460000000.0,2320250281,"['Science Fiction', 'Adventure', 'Action']",True,2022-12-14,7.612,12668,192,Avatar Collection,404.40223499999996,subsequent
1233208,Santosh,2500000.0,1097812,"['Crime', 'Drama', 'Thriller']",False,2024-07-17,7.1,48,128,,-56.087520000000005,standalone
748783,The Garfield Movie,60000000.0,254907482,"['Family', 'Comedy', 'Adventure', 'Animation']",True,2024-04-30,7.058,1293,100,The Garfield Movie Collection,324.8458033333333,starter
2062,Ratatouille,150000000.0,623726000,"['Animation', 'Comedy', 'Family', 'Fantasy']",False,2007-06-28,7.829,17619,111,,315.81733333333335,standalone
12444,Harry Potter and the Deathly Hallows: Part 1,250000000.0,954305868,"['Adventure', 'Fantasy']",True,2010-11-17,7.742,19587,146,Harry Potter Collection,281.7223472,subsequent
354912,Coco,175000000.0,807816196,"['Family', 'Animation', 'Music', 'Adventure']",True,2017-10-27,8.204,20056,105,Coco Collection,361.60925485714284,starter
1244944,The Woman in the Yard,12000000.0,23311502,"['Horror', 'Mystery']",False,2025-03-27,5.907,246,87,,94.26251666666666,standalone
536554,M3GAN,12000000.0,181796517,"['Science Fiction', 'Horror']",True,2022-12-28,7.055,4325,102,M3GAN Collection,1414.970975,starter
121,The Lord of the Rings: The Two Towers,79000000.0,926287400,"['Adventure', 'Fantasy', 'Action']",True,2002-12-18,8.407,22714,179,The Lord of the Rings Collection,1072.5156962025317,subsequent
578,Jaws,7000000.0,470653000,"['Horror', 'Thriller', 'Adventure']",True,1975-06-20,7.673,10845,124,Jaws Collection,6623.614285714285,starter
109445,Frozen,150000000.0,1274219009,"['Animation', 'Family', 'Adventure', 'Fantasy']",True,2013-11-20,7.248,16943,102,Frozen Collection,749.4793393333333,starter
296096,Me Before You,20000000.0,207945075,"['Drama', 'Romance']",False,2016-06-01,7.931,12715,110,,939.7253750000001,standalone
458156,John Wick: Chapter 3 - Parabellum,55000000.0,326709727,"['Action', 'Thriller', 'Crime']",True,2019-05-15,7.444,11075,131,John Wick Collection,494.0176854545455,subsequent
429,"The Good, the Bad and the Ugly",1200000.0,38900000,['Western'],False,1966-12-22,8.464,9070,161,,3141.666666666667,standalone
927342,Amaran,14700000.0,39200000,"['Action', 'Drama', 'Adventure', 'War']",False,2024-10-31,7.377,236,169,,166.66666666666669,standalone
11324,Shutter Island,80000000.0,294804195,"['Drama', 'Thriller', 'Mystery']",False,2010-02-14,8.201,24662,138,,268.50524375,standalone
862,Toy Story,30000000.0,394436586,"['Animation', 'Adventure', 'Family', 'Comedy']",True,1995-11-22,7.97,18948,81,Toy Story Collection,1214.78862,starter
228150,Fury,68000000.0,211817906,"['War', 'Drama', 'Action']",False,2014-10-15,7.539,12370,135,,211.49692058823527,standalone
1249213,Drop,11000000.0,28614907,"['Mystery', 'Thriller']",False,2025-04-10,6.457,465,95,,160.13551818181818,standalone
8587,The Lion King,45000000.0,763455561,"['Family', 'Animation', 'Drama']",True,1994-06-15,8.257,18854,89,The Lion King Collection,1596.5679133333333,starter
285,Pirates of the Caribbean: At World's End,300000000.0,961691209,"['Adventure', 'Fantasy', 'Action']",True,2007-05-19,7.261,14776,169,Pirates of the Caribbean Collection,220.56373633333334,subsequent
58,Pirates of the Caribbean: Dead Man's Chest,200000000.0,1066179747,"['Adventure', 'Fantasy', 'Action']",True,2006-07-06,7.367,16427,151,Pirates of the Caribbean Collection,433.0898735,subsequent
767,Harry Potter and the Half-Blood Prince,250000000.0,933959197,"['Adventure', 'Fantasy']",True,2009-07-15,7.684,19969,153,Harry Potter Collection,273.5836788,subsequent
676685,Panda Bear in Africa,10000000.0,5514627,"['Animation', 'Adventure', 'Comedy', 'Family']",False,2024-03-15,6.8,56,94,,-44.853730000000006,standalone
1160956,Panda Plan,25000000.0,42238170,"['Action', 'Comedy']",True,2024-10-01,6.9,214,99,Panda Plan Collection,68.95268,starter
269149,Zootopia,150000000.0,1023784195,"['Animation', 'Adventure', 'Family', 'Comedy']",True,2016-02-11,7.749,16776,109,Zootopia Collection,582.5227966666666,starter
585,"Monsters, Inc.",115000000.0,579700000,"['Animation', 'Comedy', 'Family']",True,2001-11-01,7.845,18951,92,"Monsters, Inc. Collection",404.08695652173907,starter
38365,Grown Ups,80000000.0,271430189,['Comedy'],True,2010-06-24,6.398,6336,102,Grown Ups Collection,239.28773625000002,starter
1034541,Terrifier 3,2000000.0,90322103,"['Horror', 'Thriller']",True,2024-10-09,6.842,1638,125,Terrifier Collection,4416.10515,subsequent
337167,Fifty Shades Freed,55000000.0,371985018,"['Drama', 'Romance']",True,2018-01-17,6.696,8150,105,Fifty Shades Collection,576.3363963636364,subsequent
150540,Inside Out,175000000.0,857611174,"['Animation', 'Family', 'Adventure', 'Drama', 'Comedy']",True,2015-06-17,7.912,22607,95,Inside Out Collection,390.063528,starter
667538,Transformers: Rise of the Beasts,195000000.0,441381193,"['Science Fiction', 'Adventure', 'Action']",False,2023-06-06,7.223,4961,127,,126.34932974358975,standalone
10138,Iron Man 2,200000000.0,623933331,"['Adventure', 'Action', 'Science Fiction']",True,2010-04-28,6.85,21539,124,Iron Man Collection,211.9666655,subsequent
335984,Blade Runner 2049,150000000.0,259239658,"['Science Fiction', 'Drama']",True,2017-10-04,7.583,14236,164,Blade Runner Collection,72.82643866666668,subsequent
298618,The Flash,220000000.0,271333313,"['Adventure', 'Action', 'Science Fiction']",False,2023-06-13,6.647,4601,144,,23.33332409090909,standalone
11,Star Wars,11000000.0,775398007,"['Adventure', 'Action', 'Science Fiction']",True,1977-05-25,8.206,21304,121,Star Wars Collection,6949.072790909091,starter
680,Pulp Fiction,8000000.0,213928762,"['Thriller', 'Crime', 'Comedy']",False,1994-09-10,8.489,28841,154,,2574.109525,standalone
98,Gladiator,103000000.0,465516248,"['Action', 'Drama', 'Adventure']",True,2000-05-04,8.22,19843,155,Gladiator Collection,351.95752233009705,starter
299534,Avengers: Endgame,356000000.0,2799439100,"['Adventure', 'Science Fiction', 'Action']",True,2019-04-24,8.24,26497,181,The Avengers Collection,686.359297752809,subsequent
589018,Savages,12300000.0,814204,"['Adventure', 'Animation', 'Drama', 'Family']",False,2024-10-16,6.865,26,87,,-93.38045528455284,standalone
38575,The Karate Kid,40000000.0,359126022,"['Action', 'Adventure', 'Drama', 'Family']",True,2010-06-10,6.56,6241,140,The Karate Kid Collection,797.8150549999999,subsequent
290098,The Handmaiden,8575000.0,38600000,"['Thriller', 'Drama', 'Romance']",False,2016-06-01,8.2,3965,145,,350.1457725947522,standalone
866398,The Beekeeper,35000000.0,152720535,"['Action', 'Crime', 'Thriller']",True,2024-01-08,7.304,3663,105,The Beekeeper Collection,336.34438571428575,starter
1035048,Elevation,18000000.0,3300000,"['Action', 'Science Fiction', 'Thriller']",False,2024-11-07,6.482,754,91,,-81.66666666666667,standalone
635302,Demon Slayer -Kimetsu no Yaiba- The Movie: Mugen Train,15700000.0,523542183,"['Animation', 'Action', 'Fantasy', 'Thriller']",True,2020-10-16,8.206,4124,117,Demon Slayer: Kimetsu no Yaiba Collection,3234.6635859872613,starter
1097549,Babygirl,20000000.0,60934894,['Drama'],False,2024-12-25,5.766,800,115,,204.67447,standalone
786892,Furiosa: A Mad Max Saga,168000000.0,174287546,"['Action', 'Science Fiction', 'Adventure']",True,2024-05-22,7.48,4256,149,Mad Max Collection,3.7425869047619047,subsequent
744,Top Gun,15000000.0,356830601,"['Action', 'Drama']",True,1986-05-16,7.064,8987,110,Top Gun Collection,2278.8706733333333,starter
497,The Green Mile,60000000.0,286801374,"['Fantasy', 'Drama', 'Crime']",False,1999-12-10,8.504,18200,189,,378.00229,standalone
389,12 Angry Men,397751.0,4360000,['Drama'],False,1957-04-10,8.55,9242,97,,996.1631774652985,standalone
447365,Guardians of the Galaxy Vol. 3,250000000.0,845600000,"['Science Fiction', 'Adventure', 'Action', 'Comedy']",True,2023-05-03,7.936,7466,150,Guardians of the Galaxy Collection,238.24,subsequent
698687,Transformers One,75000000.0,128888103,"['Animation', 'Science Fiction', 'Adventure', 'Family']",False,2024-09-11,8.074,1303,104,,71.850804,standalone
1138194,Heretic,10000000.0,51913394,"['Horror', 'Thriller']",False,2024-10-31,6.994,1883,111,,419.13394000000005,standalone
426063,Nosferatu,50000000.0,181744067,"['Drama', 'Horror', 'Fantasy']",False,2024-12-25,6.7,2793,133,,263.488134,standalone
38757,Tangled,260000000.0,592461732,"['Animation', 'Family', 'Adventure']",True,2010-11-24,7.6,11819,100,Tangled Collection,127.86989692307694,starter
640,Catch Me If You Can,52000000.0,352114312,"['Drama', 'Crime']",False,2002-12-16,7.978,16196,141,,577.1429076923077,standalone
1865,Pirates of the Caribbean: On Stranger Tides,379000000.0,1046721266,"['Adventure', 'Action', 'Fantasy']",True,2011-05-15,6.561,14369,136,Pirates of the Caribbean Collection,176.1797535620053,subsequent
675353,Sonic the Hedgehog 2,110000000.0,405421518,"['Action', 'Adventure', 'Family', 'Comedy']",True,2022-03-30,7.5,5554,123,Sonic the Hedgehog Collection,268.56501636363635,subsequent
490132,Green Book,23000000.0,321752656,"['Drama', 'History']",False,2018-11-16,8.23,12100,130,,1298.9245913043478,standalone
976573,Elemental,200000000.0,496444308,"['Animation', 'Comedy', 'Family', 'Fantasy', 'Romance']",False,2023-06-14,7.613,4860,102,,148.22215400000002,standalone
588228,The Tomorrow War,200000000.0,14400000,"['Action', 'Science Fiction', 'Adventure']",True,2021-09-03,7.506,3756,138,The Tomorrow War Collection,-92.80000000000001,starter
940551,Migration,72000000.0,298776052,"['Family', 'Comedy', 'Adventure', 'Animation']",False,2023-12-06,7.388,2052,82,,314.9667388888889,standalone
315162,Puss in Boots: The Last Wish,90000000.0,484700000,"['Animation', 'Adventure', 'Fantasy', 'Comedy', 'Family']",True,2022-12-07,8.2,8279,103,Puss in Boots Collection,438.55555555555554,subsequent
297,Meet Joe Black,90000000.0,142940100,"['Fantasy', 'Drama', 'Romance']",False,1998-11-12,7.35,5436,178,,58.82233333333333,standalone
507089,Five Nights at Freddy's,20000000.0,297144130,"['Horror', 'Thriller']",True,2023-10-25,7.437,4437,110,Five Nights at Freddy's Collection,1385.72065,starter
129,Spirited Away,19000000.0,274925095,"['Animation', 'Family', 'Fantasy']",False,2001-07-20,8.537,17275,125,,1346.9741842105263,standalone
9532,Final Destination,23000000.0,112880294,['Horror'],True,2000-03-17,6.6,6161,98,Final Destination Collection,390.78388695652177,starter
302946,The Accountant,44000000.0,155160045,"['Crime', 'Thriller', 'Drama']",True,2016-10-13,7.128,6825,128,The Accountant Collection,252.6364659090909,starter
1072790,Anyone But You,25000000.0,214891370,"['Romance', 'Comedy']",False,2023-12-21,6.853,2629,103,,759.56548,standalone
16869,Inglourious Basterds,70000000.0,321457747,"['Drama', 'Thriller', 'War']",False,2009-08-02,8.213,22983,153,,359.22535285714287,standalone
315635,Spider-Man: Homecoming,175000000.0,880166924,"['Action', 'Adventure', 'Science Fiction', 'Drama']",True,2017-07-05,7.331,22313,133,Spider-Man (MCU) Collection,402.952528,starter
12153,White Chicks,37000000.0,113100000,"['Comedy', 'Crime']",False,2004-06-23,6.934,4201,109,,205.67567567567568,standalone
974576,Conclave,20000000.0,115657988,"['Drama', 'Thriller']",False,2024-10-25,7.203,2710,120,,478.28994,standalone
559,Spider-Man 3,258000000.0,894983373,"['Action', 'Adventure', 'Science Fiction']",True,2007-05-01,6.44,14532,139,Spider-Man Collection,246.89278023255815,subsequent
324786,Hacksaw Ridge,40000000.0,175302354,"['Drama', 'History', 'War']",False,2016-10-07,8.192,14183,139,,338.25588500000003,standalone
637649,Wrath of Man,40000000.0,103966489,"['Action', 'Crime', 'Thriller']",False,2021-04-22,7.607,5640,118,,159.9162225,standalone
350,The Devil Wears Prada,35000000.0,326706115,"['Drama', 'Comedy']",True,2006-06-29,7.395,12389,109,The Devil Wears Prada Collection,833.4460428571429,starter
348,Alien,11000000.0,104931801,"['Horror', 'Science Fiction']",True,1979-05-25,8.165,15413,117,Alien Collection,853.9254636363637,starter
177572,Big Hero 6,165000000.0,657870525,"['Adventure', 'Family', 'Animation', 'Action', 'Comedy']",False,2014-10-24,7.728,15977,102,,298.7094090909091,standalone
475557,Joker,55000000.0,1078958629,"['Crime', 'Thriller', 'Drama']",True,2019-10-01,8.135,26580,122,Joker Collection,1861.7429618181816,starter
12,Finding Nemo,94000000.0,940335536,"['Animation', 'Family']",True,2003-05-30,7.817,19756,100,Finding Nemo Collection,900.3569531914893,starter
122917,The Hobbit: The Battle of the Five Armies,250000000.0,956019788,"['Action', 'Adventure', 'Fantasy']",True,2014-12-10,7.325,14685,144,The Hobbit Collection,282.4079152,subsequent
762441,A Quiet Place: Day One,67000000.0,261907653,"['Horror', 'Science Fiction', 'Thriller']",False,2024-06-26,6.721,2849,100,,290.9069447761194,standalone
245891,John Wick,20000000.0,88761661,"['Action', 'Thriller']",True,2014-10-22,7.45,19839,101,John Wick Collection,343.808305,starter
102651,Maleficent,180000000.0,758539785,"['Fantasy', 'Adventure', 'Action', 'Family', 'Romance']",True,2014-05-28,7.09,13330,97,Maleficent Collection,321.4109916666667,starter
425,Ice Age,59000000.0,383257136,"['Animation', 'Comedy', 'Family', 'Adventure']",True,2002-03-14,7.364,13685,81,Ice Age Collection,549.5883661016949,starter
436969,The Suicide Squad,185000000.0,168717425,"['Action', 'Comedy', 'Adventure']",True,2021-07-28,7.486,8969,132,Suicide Squad Collection,-8.801391891891893,subsequent
324857,Spider-Man: Into the Spider-Verse,90000000.0,384298736,"['Animation', 'Action', 'Adventure', 'Science Fiction']",True,2018-12-06,8.398,16247,117,Spider-Man: Spider-Verse Collection,326.9985955555556,starter
244786,Whiplash,3300000.0,50307484,"['Drama', 'Music']",False,2014-10-10,8.377,15755,107,,1424.4692121212122,standalone
1064486,Memoir of a Snail,4350000.0,7,"['Animation', 'Drama', 'Comedy']",False,2024-10-17,8.069,581,94,,-99.99983908045978,standalone
10625,Mean Girls,17000000.0,130161094,"['Drama', 'Comedy']",True,2004-04-30,7.219,9051,96,Mean Girls Collection,665.653494117647,starter
985939,Fall,3000000.0,17363261,['Thriller'],True,2022-08-11,7.138,4170,107,Fall Collection,478.7753666666666,starter
929590,Civil War,50000000.0,126542249,"['War', 'Action', 'Drama']",False,2024-04-10,6.857,3684,109,,153.084498,standalone
109418,Grown Ups 2,80000000.0,247022278,['Comedy'],True,2013-07-11,6.144,4461,101,Grown Ups Collection,208.77784749999998,subsequent
629542,The Bad Guys,80000000.0,250162278,"['Family', 'Comedy', 'Crime', 'Adventure', 'Animation']",True,2022-03-17,7.55,2181,100,The Bad Guys Collection,212.7028475,starter
1380682,The Last Rodeo,8000000.0,13506059,['Drama'],False,2025-05-22,7.5,43,118,,68.82573749999999,standalone
568124,Encanto,150000000.0,261289554,"['Animation', 'Comedy', 'Family', 'Fantasy']",True,2021-10-13,7.589,9779,102,Encanto Collection,74.193036,starter
14160,Up,175000000.0,735099082,"['Animation', 'Comedy', 'Family', 'Adventure']",False,2009-05-28,7.958,20778,96,,320.0566182857143,standalone
9502,Kung Fu Panda,130000000.0,632091832,"['Animation', 'Family', 'Comedy', 'Action', 'Adventure']",True,2008-06-04,7.302,11996,90,Kung Fu Panda Collection,386.22448615384616,starter
49026,The Dark Knight Rises,250000000.0,1081041287,"['Action', 'Crime', 'Drama', 'Thriller']",True,2012-07-17,7.786,23341,165,The Dark Knight Collection,332.4165148,subsequent
156022,The Equalizer,55000000.0,192330738,"['Thriller', 'Action', 'Crime']",True,2014-09-24,7.28,9396,132,The Equalizer Collection,249.69225090909092,starter
1212855,Fight or Flight,40000000.0,2482071,"['Action', 'Comedy', 'Thriller']",False,2025-04-03,6.107,164,101,,-93.7948225,standalone
111,Scarface,25000000.0,66023329,"['Action', 'Crime', 'Drama']",False,1983-12-09,8.161,12305,170,,164.093316,standalone
809,Shrek 2,150000000.0,935454538,"['Animation', 'Family', 'Comedy', 'Fantasy', 'Adventure']",True,2004-05-19,7.3,12763,92,Shrek Collection,523.6363586666666,subsequent
293660,Deadpool,58000000.0,782837347,"['Action', 'Adventure', 'Comedy']",True,2016-02-09,7.623,31721,108,Deadpool Collection,1249.7195637931034,starter
1452,Superman Returns,223000000.0,391081192,"['Science Fiction', 'Action', 'Adventure']",False,2006-06-28,5.8,4318,154,,75.37273183856502,standalone
453395,Doctor Strange in the Multiverse of Madness,200000000.0,955775804,"['Fantasy', 'Action', 'Adventure']",True,2022-05-04,7.257,9625,126,Doctor Strange Collection,377.887902,subsequent
1272149,Bridget Jones: Mad About the Boy,50000000.0,139329132,"['Romance', 'Comedy', 'Drama']",True,2025-02-12,6.572,352,124,Bridget Jones Collection,178.658264,subsequent
639720,IF,110000000.0,190309707,"['Comedy', 'Fantasy', 'Family']",False,2024-05-08,7.051,1383,104,,73.00882454545454,standalone
240,The Godfather Part II,13000000.0,102600000,"['Drama', 'Crime']",True,1974-12-20,8.571,13052,202,The Godfather Collection,689.2307692307693,subsequent
653346,Kingdom of the Planet of the Apes,160000000.0,397378150,"['Science Fiction', 'Adventure', 'Action', 'Drama', 'Thriller']",True,2024-05-08,7.068,3784,145,Planet of the Apes (Reboot) Collection,148.36134375,subsequent
438695,Sing 2,85000000.0,408402685,"['Family', 'Comedy', 'Music', 'Animation']",True,2021-12-01,7.849,4564,109,Sing Collection,380.4737470588235,subsequent
359724,Ford v Ferrari,97600000.0,225508210,"['Drama', 'Action', 'History']",False,2019-11-13,8.005,8378,153,,131.053493852459,standalone
489,Good Will Hunting,10000000.0,225900000,['Drama'],False,1997-12-05,8.158,12909,127,,2159.0,standalone
953,Madagascar,75000000.0,542064525,"['Family', 'Animation', 'Adventure', 'Comedy']",True,2005-05-25,6.914,11183,86,Madagascar Collection,622.7527,starter
218,The Terminator,6400000.0,78371200,"['Action', 'Thriller', 'Science Fiction']",True,1984-10-26,7.669,13713,108,The Terminator Collection,1124.55,starter
615656,Meg 2: The Trench,129000000.0,384056482,"['Action', 'Science Fiction', 'Horror']",True,2023-08-02,6.427,3631,116,The Meg Collection,197.71820310077518,subsequent
77338,The Intouchables,13000000.0,426590315,"['Drama', 'Comedy']",False,2011-11-02,8.272,17708,113,,3181.4639615384613,standalone
9738,Fantastic Four,100000000.0,333535934,"['Action', 'Fantasy', 'Science Fiction']",True,2005-06-29,5.79,9519,106,Fantastic Four Collection,233.535934,starter
37165,The Truman Show,60000000.0,264100000,"['Comedy', 'Drama']",False,1998-06-04,8.147,19080,103,,340.1666666666667,standalone
10681,WALL·E,180000000.0,521311860,"['Animation', 'Family', 'Science Fiction']",False,2008-06-22,8.101,19329,98,,189.6177,standalone
564,The Mummy,80000000.0,415885488,"['Adventure', 'Action', 'Fantasy']",True,1999-04-16,6.947,9384,124,The Mummy Collection,419.85686,starter
937287,Challengers,55000000.0,94182533,"['Drama', 'Romance']",False,2024-04-18,7.0,2242,132,,71.24096909090909,standalone
12155,Alice in Wonderland,200000000.0,1025467110,"['Family', 'Fantasy', 'Adventure']",True,2010-03-03,6.635,14289,108,Alice in Wonderland Collection,412.73355499999997,starter
1885,The Karate Kid,8000000.0,130442786,"['Action', 'Adventure', 'Drama', 'Family']",True,1984-06-22,7.209,4394,126,The Karate Kid Collection,1530.534825,starter
652,Troy,175000000.0,497409852,"['War', 'Action', 'History']",False,2004-05-13,7.165,10507,163,,184.23420114285713,standalone
588648,Dragonkeeper,25600000.0,6206231,"['Animation', 'Family', 'Action', 'Adventure', 'Fantasy']",False,2024-04-11,7.679,195,99,,-75.75691015625,standalone
353081,Mission: Impossible - Fallout,178000000.0,791658205,"['Action', 'Adventure']",True,2018-07-25,7.4,8598,147,Mission: Impossible Collection,344.7518005617978,subsequent
96721,Rush,38000000.0,90200000,"['Drama', 'Action']",False,2013-09-02,7.727,7385,123,,137.3684210526316,standalone
926393,The Equalizer 3,70000000.0,191067560,"['Action', 'Thriller', 'Crime']",True,2023-08-30,7.311,3336,109,The Equalizer Collection,172.95365714285714,subsequent
466272,Once Upon a Time... in Hollywood,95000000.0,392105159,"['Comedy', 'Drama', 'Thriller']",True,2019-07-24,7.427,13991,162,Once Upon a Time... in Hollywood Collection,312.74227263157894,starter
105,Back to the Future,19000000.0,381109762,"['Adventure', 'Comedy', 'Science Fiction']",True,1985-07-03,8.322,20678,116,Back to the Future Collection,1905.840852631579,starter
259693,The Conjuring 2,40000000.0,322811702,['Horror'],True,2016-06-08,7.292,8648,134,The Conjuring Collection,707.0292549999999,subsequent
72190,World War Z,200000000.0,531865000,"['Action', 'Horror', 'Science Fiction', 'Thriller']",False,2013-06-19,6.822,15794,116,,165.9325,standalone
47971,xXx: Return of Xander Cage,85000000.0,346118277,"['Action', 'Adventure', 'Crime']",True,2017-01-13,6.134,9046,107,xXx Collection,307.19797294117643,subsequent
1930,The Amazing Spider-Man,215000000.0,757930663,"['Action', 'Adventure', 'Science Fiction']",True,2012-06-23,6.717,17789,136,The Amazing Spider-Man Collection,252.52588976744187,starter
2105,American Pie,11000000.0,235483004,"['Comedy', 'Romance']",True,1999-07-09,6.594,7879,95,American Pie Collection,2040.754581818182,starter
168259,Furious 7,190000000.0,1515400000,"['Action', 'Crime', 'Thriller']",True,2015-04-01,7.224,10858,139,The Fast and the Furious Collection,697.578947368421,subsequent
670292,The Creator,80000000.0,104272136,"['Science Fiction', 'Action', 'Adventure']",False,2023-09-27,7.048,3404,134,,30.34017,standalone
670,Oldboy,3000000.0,17500000,"['Drama', 'Thriller', 'Mystery', 'Action']",True,2003-11-21,8.251,9101,120,The Vengeance Trilogy,483.3333333333333,subsequent
787699,Wonka,125000000.0,634502312,"['Comedy', 'Family', 'Fantasy']",True,2023-12-06,7.076,3951,117,Wonka Collection,407.6018496,starter
283995,Guardians of the Galaxy Vol. 2,200000000.0,863756051,"['Science Fiction', 'Adventure', 'Action']",True,2017-04-19,7.613,22081,137,Guardians of the Galaxy Collection,331.87802550000004,subsequent
3933,Corpse Bride,40000000.0,118133252,"['Romance', 'Fantasy', 'Animation']",False,2005-09-12,7.58,9584,77,,195.33313,standalone
840705,Blink Twice,20000000.0,46393906,"['Mystery', 'Thriller']",False,2024-08-21,6.679,1525,102,,131.96953,standalone
1495,Kingdom of Heaven,130000000.0,218366336,"['Drama', 'Action', 'Adventure', 'History', 'War']",False,2005-05-03,7.0,4548,144,,67.97410461538462,standalone
505642,Black Panther: Wakanda Forever,250000000.0,859102154,"['Action', 'Adventure', 'Science Fiction']",True,2022-11-09,7.053,6908,162,Black Panther Collection,243.6408616,subsequent
10674,Mulan,90000000.0,304320254,"['Animation', 'Family', 'Adventure']",True,1998-06-18,7.906,10005,88,Mulan Collection,238.13361555555556,starter
118,Charlie and the Chocolate Factory,150000000.0,475000000,"['Adventure', 'Comedy', 'Family', 'Fantasy']",False,2005-07-13,7.043,15520,115,,216.66666666666666,standalone
429617,Spider-Man: Far From Home,160000000.0,1131927996,"['Action', 'Adventure', 'Science Fiction']",True,2019-06-28,7.407,16167,129,Spider-Man (MCU) Collection,607.4549975,subsequent
1064028,Subservience,4400000.0,262793,"['Horror', 'Science Fiction', 'Thriller']",False,2024-08-15,6.69,762,105,,-94.02743181818181,standalone
76341,Mad Max: Fury Road,150000000.0,378858340,"['Action', 'Adventure', 'Science Fiction']",True,2015-05-13,7.624,23201,121,Mad Max Collection,152.57222666666667,subsequent
210577,Gone Girl,61000000.0,370890259,"['Mystery', 'Thriller', 'Drama']",False,2014-10-01,7.89,19102,149,,508.0168180327869,standalone
1029235,Azrael,12000000.0,631272,"['Action', 'Horror', 'Thriller']",False,2024-09-27,6.0,332,86,,-94.73939999999999,standalone
774370,Dog Man,40000000.0,145534432,"['Family', 'Comedy', 'Adventure', 'Animation']",True,2025-01-24,7.8,270,89,Dog Man - Collection,263.83608,starter
957452,The Crow,50000000.0,24109036,"['Action', 'Fantasy', 'Horror']",False,2024-08-21,5.8,1087,111,,-51.781928,standalone
602,Independence Day,75000000.0,817400891,"['Action', 'Adventure', 'Science Fiction']",True,1996-06-25,6.895,9869,145,Independence Day Collection,989.8678546666666,starter
56292,Mission: Impossible - Ghost Protocol,145000000.0,694713380,"['Action', 'Thriller', 'Adventure']",True,2011-12-07,7.1,10238,133,Mission: Impossible Collection,379.11267586206895,subsequent
857,Saving Private Ryan,70000000.0,481840909,"['Drama', 'History', 'War']",False,1998-07-24,8.218,16388,169,,588.3441557142858,standalone
4951,10 Things I Hate About You,16000000.0,53478166,"['Comedy', 'Romance', 'Drama']",True,1999-03-30,7.596,8446,97,10 Things I Hate About... Collection,234.2385375,starter
581528,"The Gangster, the Cop, the Devil",6500000.0,25775371,"['Crime', 'Action', 'Thriller']",False,2019-05-15,7.8,1294,110,,296.5441692307692,standalone
464052,Wonder Woman 1984,200000000.0,169601036,"['Action', 'Adventure', 'Fantasy']",True,2020-12-16,6.406,8681,151,Wonder Woman Collection,-15.199482,subsequent
49051,The Hobbit: An Unexpected Journey,250000000.0,1021103568,"['Adventure', 'Fantasy', 'Action']",True,2012-12-12,7.359,18866,169,The Hobbit Collection,308.4414272,starter
384018,Fast & Furious Presents: Hobbs & Shaw,200000000.0,760098996,"['Action', 'Adventure', 'Comedy']",False,2019-08-01,6.847,7423,137,,280.04949799999997,standalone
20352,Despicable Me,69000000.0,543284256,"['Family', 'Comedy', 'Animation']",True,2010-07-08,7.251,15465,95,Despicable Me Collection,687.3684869565217,starter
99861,Avengers: Age of Ultron,365000000.0,1405403694,"['Action', 'Adventure', 'Science Fiction']",True,2015-04-22,7.271,23543,141,The Avengers Collection,285.04210794520543,subsequent
150689,Cinderella,95000000.0,543514353,"['Romance', 'Fantasy', 'Family', 'Drama']",False,2015-03-06,6.827,7180,105,,472.1203715789474,standalone
346364,It,35000000.0,704242888,"['Horror', 'Thriller']",True,2017-09-06,7.237,19423,135,It Collection,1912.1225371428573,starter
566525,Shang-Chi and the Legend of the Ten Rings,150000000.0,432243292,"['Action', 'Adventure', 'Fantasy']",False,2021-09-01,7.52,9823,132,,188.16219466666666,standalone
615453,Ne Zha,22000000.0,742718496,"['Animation', 'Fantasy', 'Adventure']",True,2019-07-26,7.947,559,110,Ne Zha Collection,3275.993163636364,starter
949,Heat,60000000.0,187400000,"['Crime', 'Drama', 'Action']",True,1995-12-15,7.921,7682,170,Heat Collection,212.33333333333334,starter
980489,Gran Turismo,60000000.0,121700000,"['Adventure', 'Action', 'Drama']",False,2023-08-09,7.8,3026,135,,102.83333333333333,standalone
746036,The Fall Guy,125000000.0,181073291,"['Action', 'Comedy', 'Drama', 'Romance']",False,2024-04-24,7.016,3064,127,,44.858632799999995,standalone
420818,The Lion King,260000000.0,1662020819,"['Adventure', 'Drama', 'Family', 'Animation']",True,2019-07-12,7.109,10404,118,The Lion King (Reboot) Collection,539.2387765384616,starter
439079,The Nun,22000000.0,366082797,['Horror'],True,2018-09-05,5.902,6837,96,The Nun Collection,1564.0127136363637,starter
337404,Cruella,200000000.0,233503234,"['Comedy', 'Crime', 'Adventure']",True,2021-05-26,7.991,9645,134,Cruella Collection,16.751617,starter
102382,The Amazing Spider-Man 2,200000000.0,708962323,"['Action', 'Adventure', 'Science Fiction']",True,2014-04-16,6.52,13615,141,The Amazing Spider-Man Collection,254.48116149999998,subsequent
9806,The Incredibles,92000000.0,631442092,"['Action', 'Adventure', 'Animation', 'Family']",True,2004-10-27,7.714,18099,115,The Incredibles Collection,586.3501,starter
8681,Taken,25000000.0,226830568,"['Action', 'Thriller']",True,2008-02-18,7.397,11552,94,Taken Collection,807.322272,starter
271110,Captain America: Civil War,250000000.0,1155046416,"['Adventure', 'Action', 'Science Fiction']",True,2016-04-27,7.448,23220,147,Captain America Collection,362.0185664,subsequent
585083,Hotel Transylvania: Transformania,75000000.0,18500000,"['Animation', 'Comedy', 'Family', 'Adventure', 'Fantasy']",True,2022-01-31,7.065,2880,92,Hotel Transylvania Collection,-75.33333333333333,subsequent
839033,The Lord of the Rings: The War of the Rohirrim,30000000.0,20658572,"['Animation', 'Fantasy', 'Adventure', 'Action']",False,2024-12-05,6.626,638,134,,-31.138093333333334,standalone
4935,Howl's Moving Castle,24000000.0,236049757,"['Fantasy', 'Animation', 'Adventure']",False,2004-09-09,8.397,10395,119,,883.5406541666666,standalone
454626,Sonic the Hedgehog,85000000.0,319715683,"['Action', 'Science Fiction', 'Comedy', 'Family']",True,2020-02-12,7.308,9987,99,Sonic the Hedgehog Collection,276.1360976470588,starter
50619,The Twilight Saga: Breaking Dawn - Part 1,110000000.0,712171856,"['Adventure', 'Fantasy', 'Romance']",True,2011-11-16,6.199,8950,117,The Twilight Collection,547.42896,subsequent
423108,The Conjuring: The Devil Made Me Do It,39000000.0,206431050,"['Horror', 'Mystery', 'Thriller']",True,2021-05-25,7.406,6086,111,The Conjuring Collection,429.3103846153846,subsequent
50620,The Twilight Saga: Breaking Dawn - Part 2,120000000.0,829747654,"['Adventure', 'Fantasy', 'Drama', 'Romance']",True,2012-11-13,6.464,9069,115,The Twilight Collection,591.4563783333333,subsequent
333339,Ready Player One,175000000.0,607274134,"['Adventure', 'Action', 'Science Fiction']",True,2018-03-28,7.589,16100,140,Ready Player One Collection,247.01379085714285,starter
9358,Final Destination 2,26000000.0,90941129,"['Horror', 'Mystery']",True,2003-01-31,6.295,4444,90,Final Destination Collection,249.7735730769231,subsequent
10193,Toy Story 3,200000000.0,1067316101,"['Animation', 'Family', 'Comedy']",True,2010-06-16,7.8,15040,103,Toy Story Collection,433.65805049999994,subsequent
2109,Rush Hour,33000000.0,244721064,"['Action', 'Comedy', 'Crime']",True,1998-09-18,7.051,5236,97,Rush Hour Collection,641.5789818181819,starter
280,Terminator 2: Judgment Day,102000000.0,520000000,"['Action', 'Thriller', 'Science Fiction']",True,1991-07-03,8.129,13418,137,The Terminator Collection,409.8039215686274,subsequent
49013,Cars 2,200000000.0,559852396,"['Animation', 'Family', 'Adventure', 'Comedy']",True,2011-06-11,6.156,8074,106,Cars Collection,179.926198,subsequent
447277,The Little Mermaid,297000000.0,569626289,"['Adventure', 'Family', 'Fantasy', 'Romance']",False,2023-05-18,6.315,3088,135,,91.7933632996633,standalone
11688,The Emperor's New Groove,100000000.0,169327687,"['Adventure', 'Animation', 'Comedy', 'Family', 'Fantasy']",True,2000-12-15,7.559,6949,78,The Emperor's New Groove Collection,69.327687,starter
508947,Turning Red,175000000.0,21328962,"['Animation', 'Family', 'Comedy', 'Fantasy']",False,2022-03-10,7.344,5448,100,,-87.81202171428572,standalone
106,Predator,15000000.0,98267558,"['Science Fiction', 'Action', 'Adventure', 'Thriller']",True,1987-06-12,7.537,8433,107,Predator Collection,555.1170533333333,starter
335983,Venom,116000000.0,856085151,"['Science Fiction', 'Action']",True,2018-09-28,6.828,16622,112,Venom Collection,638.0044405172414,starter
793058,Hi-Five,14450000.0,10551515,"['Science Fiction', 'Action', 'Comedy', 'Fantasy']",False,2025-05-30,6.833,6,120,,-26.979134948096885,standalone
38,Eternal Sunshine of the Spotless Mind,20000000.0,72258126,"['Science Fiction', 'Drama', 'Romance']",False,2004-03-19,8.092,15540,108,,261.29063,standalone
516729,Paddington in Peru,90000000.0,170116764,"['Family', 'Comedy', 'Adventure']",True,2024-11-08,6.876,436,106,Paddington Collection,89.01862666666666,subsequent
769,GoodFellas,25000000.0,46800000,"['Drama', 'Crime']",False,1990-09-12,8.455,13475,145,,87.2,standalone
799583,The Ministry of Ungentlemanly Warfare,60000000.0,29768915,"['Action', 'Comedy', 'War']",False,2024-04-18,7.075,1520,120,,-50.38514166666667,standalone
10192,Shrek Forever After,165000000.0,752600867,"['Comedy', 'Adventure', 'Fantasy', 'Animation', 'Family']",True,2010-05-20,6.385,7584,93,Shrek Collection,356.1217375757576,subsequent
753342,Napoleon,165000000.0,220597098,"['History', 'War', 'Romance']",False,2023-11-22,6.347,2781,158,,33.69521090909091,standalone
1140535,Presence,2000000.0,10498407,"['Horror', 'Thriller', 'Drama']",False,2025-01-17,6.0,405,84,,424.92035,standalone
530385,Midsommar,9000000.0,48498408,"['Horror', 'Drama', 'Mystery']",False,2019-07-03,7.157,7489,147,,438.8712,standalone
630,The Wizard of Oz,2777000.0,33754967,"['Adventure', 'Fantasy', 'Family']",True,1939-08-15,7.592,5776,102,Oz Collection,1115.519157364062,starter
131631,The Hunger Games: Mockingjay - Part 1,125000000.0,755356711,"['Science Fiction', 'Adventure', 'Thriller']",True,2014-11-19,6.815,16157,123,The Hunger Games Collection,504.2853688,subsequent
14161,2012,200000000.0,791217826,"['Action', 'Adventure', 'Science Fiction']",False,2009-10-10,5.857,12208,158,,295.60891300000003,standalone
1124,The Prestige,40000000.0,109676311,"['Drama', 'Mystery', 'Science Fiction']",False,2006-10-17,8.204,16618,130,,174.1907775,standalone
205596,The Imitation Game,14000000.0,233555708,"['History', 'Drama', 'Thriller', 'War']",False,2014-11-14,7.994,17404,113,,1568.2550571428571,standalone
718821,Twisters,155000000.0,372262265,"['Action', 'Thriller']",True,2024-07-10,6.8,2548,123,Twister Collection,140.16920322580646,subsequent
19994,Jennifer's Body,16000000.0,31556061,"['Horror', 'Comedy']",False,2009-09-18,5.984,3981,107,,97.22538125,standalone
101,Léon: The Professional,16000000.0,45284974,"['Crime', 'Drama', 'Action']",False,1994-09-14,8.301,15302,111,,183.03108749999998,standalone
438148,Minions: The Rise of Gru,85000000.0,940203765,"['Family', 'Comedy', 'Adventure', 'Animation']",True,2022-06-29,7.299,3772,87,Minions Collection,1006.1220764705884,subsequent
19912,The Final Destination,40000000.0,187384627,"['Horror', 'Mystery']",True,2009-08-26,5.622,3592,82,Final Destination Collection,368.4615675,subsequent
9552,The Exorcist,12000000.0,441306145,['Horror'],True,1973-12-26,7.733,8196,122,The Exorcist Collection,3577.5512083333333,starter
424,Schindler's List,22000000.0,321365567,"['Drama', 'History', 'War']",False,1993-12-15,8.6,16533,195,,1360.7525772727274,standalone
1233575,Black Bag,50000000.0,34985600,"['Drama', 'Mystery', 'Thriller']",False,2025-03-12,6.348,677,94,,-30.0288,standalone
6479,I Am Legend,150000000.0,585410052,"['Drama', 'Science Fiction', 'Thriller']",True,2007-12-12,7.21,16125,101,I Am Legend Collection,290.273368,starter
9820,The Parent Trap,15000000.0,92108518,"['Comedy', 'Family', 'Romance']",True,1998-07-28,7.213,4300,128,The Parent Trap Collection,514.0567866666667,starter
24,Kill Bill: Vol. 1,30000000.0,180906076,"['Action', 'Crime']",True,2003-10-10,7.971,17974,111,Kill Bill Collection,503.0202533333333,starter
4348,Pride & Prejudice,28000000.0,124604345,"['Drama', 'Romance']",False,2005-09-16,8.065,8317,127,,345.01551785714287,standalone
10020,Beauty and the Beast,25000000.0,424967620,"['Romance', 'Family', 'Animation', 'Fantasy']",True,1991-10-22,7.732,10211,84,Beauty and the Beast Collection,1599.87048,starter
68726,Pacific Rim,180000000.0,411000000,"['Action', 'Science Fiction', 'Adventure']",True,2013-07-11,6.911,12753,131,Pacific Rim Collection,128.33333333333334,starter
1111873,Abigail,28000000.0,43015969,"['Horror', 'Thriller']",False,2024-04-16,6.7,1617,109,,53.62846071428572,standalone
718930,Bullet Train,90000000.0,239300000,"['Action', 'Comedy', 'Thriller']",False,2022-08-03,7.435,6749,126,,165.88888888888889,standalone
1100099,We Live in Time,20000000.0,37182814,"['Romance', 'Drama']",False,2024-10-10,7.294,919,108,,85.91407,standalone
572802,Aquaman and the Lost Kingdom,205000000.0,440181226,"['Action', 'Adventure', 'Fantasy']",True,2023-12-20,6.607,3130,124,Aquaman Collection,114.72254926829268,subsequent
969492,Land of Bad,18000000.0,7021101,"['Action', 'War', 'Thriller']",False,2024-02-09,7.27,1304,113,,-60.99388333333333,standalone
62177,Brave,185000000.0,539000000,"['Animation', 'Adventure', 'Comedy', 'Family', 'Action', 'Fantasy']",False,2012-06-21,7.021,13667,93,,191.35135135135135,standalone
9286,Final Destination 3,25000000.0,118890272,"['Horror', 'Mystery']",True,2006-02-09,6.146,4216,92,Final Destination Collection,375.561088,subsequent
55779,Final Destination 5,40000000.0,157887643,"['Horror', 'Mystery']",True,2011-08-12,6.148,3769,91,Final Destination Collection,294.7191075,subsequent
497698,Black Widow,200000000.0,379751131,"['Action', 'Adventure', 'Science Fiction']",False,2021-07-07,7.201,10639,134,,89.8755655,standalone
930564,Saltburn,20000000.0,21013738,"['Drama', 'Comedy', 'Thriller']",False,2023-11-16,7.0,2564,131,,5.06869,standalone
882598,Smile,17000000.0,217408513,"['Horror', 'Mystery']",True,2022-09-23,6.665,3628,115,Smile Collection,1178.8736058823529,starter
1084736,The Count of Monte Cristo,46000000.0,75360860,"['Adventure', 'Action', 'Drama']",False,2024-06-28,7.987,1683,178,,63.827956521739125,standalone
321612,Beauty and the Beast,160000000.0,1266115964,"['Family', 'Fantasy', 'Romance']",False,2017-03-16,6.971,15695,129,,691.3224775,standalone
49530,In Time,40000000.0,173900000,"['Action', 'Thriller', 'Science Fiction']",False,2011-10-27,6.972,11673,109,,334.75,standalone
177677,Mission: Impossible - Rogue Nation,150000000.0,682716636,"['Action', 'Adventure']",True,2015-07-28,7.2,9174,131,Mission: Impossible Collection,355.144424,subsequent
1813,The Devil's Advocate,57000000.0,153000000,"['Drama', 'Mystery', 'Thriller', 'Horror']",False,1997-10-17,7.467,6290,144,,168.42105263157893,standalone
604685,Den of Thieves 2: Pantera,40000000.0,54586117,"['Action', 'Crime', 'Thriller']",True,2025-01-08,6.7,563,144,Den of Thieves Collection,36.465292500000004,subsequent
335,Once Upon a Time in the West,5000000.0,5380118,"['Drama', 'Western']",False,1968-12-21,8.285,4569,166,,7.60236,standalone
1724,The Incredible Hulk,150000000.0,264770996,"['Science Fiction', 'Action', 'Adventure']",False,2008-06-12,6.223,12113,114,,76.51399733333332,standalone
917496,Beetlejuice Beetlejuice,99000000.0,451900435,"['Horror', 'Comedy', 'Fantasy']",True,2024-09-04,7.007,2633,105,Beetlejuice Collection,356.4650858585859,subsequent
68721,Iron Man 3,200000000.0,1215577205,"['Action', 'Adventure', 'Science Fiction']",True,2013-04-18,6.93,22654,130,Iron Man Collection,507.78860249999997,subsequent
11836,The SpongeBob SquarePants Movie,30000000.0,140161792,"['Family', 'Comedy', 'Adventure', 'Animation']",True,2004-11-19,7.0,3010,87,SpongeBob Collection,367.2059733333333,starter
1022796,Wish,175000000.0,254997360,"['Animation', 'Family', 'Fantasy', 'Adventure']",False,2023-11-13,6.286,1631,95,,45.71277714285714,standalone
549509,The Brutalist,9600000.0,50145227,['Drama'],False,2024-12-20,7.0,1153,215,,422.34611458333336,standalone
78,Blade Runner,28000000.0,41722424,"['Science Fiction', 'Drama', 'Thriller']",True,1982-06-25,7.941,14228,118,Blade Runner Collection,49.008657142857146,starter
91314,Transformers: Age of Extinction,210000000.0,1104054072,"['Science Fiction', 'Action', 'Adventure']",True,2014-06-25,5.945,8369,165,Transformers Collection,425.74003428571433,subsequent
50014,The Help,25000000.0,216600000,['Drama'],False,2011-08-09,8.206,8601,146,,766.4,standalone
10195,Thor,150000000.0,449326618,"['Adventure', 'Fantasy', 'Action']",True,2011-04-21,6.77,21602,115,Thor Collection,199.55107866666665,starter
787,Mr. & Mrs. Smith,110000000.0,487287646,"['Action', 'Comedy', 'Drama', 'Thriller']",False,2005-06-07,6.691,10688,119,,342.98876909090905,standalone
68718,Django Unchained,100000000.0,425368238,"['Drama', 'Western']",False,2012-12-25,8.183,26877,165,,325.36823799999996,standalone
272,Batman Begins,150000000.0,374218673,"['Action', 'Crime', 'Drama']",True,2005-06-10,7.714,21583,140,The Dark Knight Collection,149.47911533333334,starter
466420,Killers of the Flower Moon,200000000.0,158722599,"['Crime', 'History', 'Drama']",False,2023-10-18,7.425,3672,206,,-20.638700500000002,standalone
141052,Justice League,300000000.0,661326987,"['Action', 'Adventure', 'Science Fiction']",False,2017-11-15,6.1,13211,120,,120.442329,standalone
3597,I Know What You Did Last Summer,17000000.0,125586134,"['Horror', 'Thriller', 'Mystery']",True,1997-10-17,5.98,2928,102,I Know What You Did Last Summer Collection,638.7419647058824,starter
4247,Scary Movie,19000000.0,278019771,['Comedy'],True,2000-07-07,6.369,7221,88,Scary Movie Collection,1363.2619526315789,starter
937278,A Man Called Otto,50000000.0,108961677,"['Comedy', 'Drama']",False,2022-12-28,7.76,3172,126,,117.923354,standalone
284053,Thor: Ragnarok,180000000.0,855301806,"['Action', 'Adventure', 'Science Fiction']",True,2017-10-02,7.584,21229,131,Thor Collection,375.16767,subsequent
508943,Luca,200000000.0,51074773,"['Animation', 'Comedy', 'Fantasy', 'Adventure', 'Family']",False,2021-06-17,7.802,8582,95,,-74.4626135,standalone
694,The Shining,19000000.0,44781695,"['Horror', 'Thriller']",True,1980-05-23,8.211,18030,144,The Shining Collection,135.69313157894737,starter
50546,Just Go with It,80000000.0,214945591,"['Comedy', 'Romance']",False,2011-02-10,6.704,5860,117,,168.68198875,standalone
546554,Knives Out,40000000.0,312897920,"['Comedy', 'Crime', 'Mystery']",True,2019-11-27,7.843,12955,131,Knives Out Collection,682.2447999999999,starter
345940,The Meg,150000000.0,530517320,"['Action', 'Science Fiction', 'Horror']",True,2018-08-09,6.247,7855,113,The Meg Collection,253.67821333333333,starter
493922,Hereditary,10000000.0,87796204,"['Horror', 'Mystery', 'Thriller']",False,2018-06-07,7.293,8013,128,,777.96204,standalone
420634,Terrifier,35000.0,421798,"['Horror', 'Thriller']",True,2018-01-25,6.345,2711,84,Terrifier Collection,1105.1371428571429,starter
7345,There Will Be Blood,25000000.0,77208711,['Drama'],False,2007-12-26,8.072,6878,158,,208.83484399999998,standalone
500,Reservoir Dogs,1200000.0,2859750,"['Crime', 'Thriller']",False,1992-09-02,8.119,14704,99,,138.3125,standalone
1402,The Pursuit of Happyness,55000000.0,307077295,['Drama'],False,2006-12-14,7.891,10121,117,,458.3223545454546,standalone
337339,The Fate of the Furious,250000000.0,1236000000,"['Action', 'Crime', 'Thriller']",True,2017-04-12,6.862,10465,136,The Fast and the Furious Collection,394.4,subsequent
260514,Cars 3,175000000.0,383925276,"['Family', 'Comedy', 'Adventure', 'Animation']",True,2017-06-15,6.855,6064,102,Cars Collection,119.38587199999999,subsequent
615777,Babylon,78000000.0,65267446,"['Drama', 'Comedy']",False,2022-12-22,7.377,3408,189,,-16.32378717948718,standalone
940721,Godzilla Minus One,15000000.0,113676322,"['Science Fiction', 'Horror', 'Action']",True,2023-11-03,7.6,2712,124,Godzilla One Collection,657.8421466666666,starter
10198,The Princess and the Frog,105000000.0,270997378,"['Animation', 'Romance', 'Fantasy', 'Family']",False,2009-12-08,7.219,5822,98,,158.09274095238095,standalone
51876,Limitless,27000000.0,161900000,"['Thriller', 'Mystery', 'Science Fiction']",False,2011-03-17,7.194,10920,105,,499.6296296296296,standalone
85,Raiders of the Lost Ark,18000000.0,389925971,"['Adventure', 'Action']",True,1981-06-12,7.925,12942,115,Indiana Jones Collection,2066.2553944444444,starter
615457,Nobody,16000000.0,57512470,"['Action', 'Thriller']",True,2021-03-18,7.924,7485,91,Nobody Collection,259.4529375,starter
8355,Ice Age: Dawn of the Dinosaurs,90000000.0,886686817,"['Animation', 'Comedy', 'Family', 'Adventure']",True,2009-06-26,6.76,8535,94,Ice Age Collection,885.2075744444445,subsequent
240832,Lucy,40000000.0,458863600,"['Action', 'Science Fiction']",False,2014-07-25,6.466,16413,89,,1047.159,standalone
127585,X-Men: Days of Future Past,250000000.0,747862775,"['Action', 'Adventure', 'Science Fiction']",True,2014-05-15,7.528,15651,132,X-Men Collection,199.14511,starter
4232,Scream,14000000.0,173046663,"['Crime', 'Horror', 'Mystery']",True,1996-12-20,7.415,7360,112,Scream Collection,1136.047592857143,starter
273477,Scouts Guide to the Zombie Apocalypse,15000000.0,14900000,"['Comedy', 'Horror']",False,2015-10-23,6.5,1978,93,,-0.6666666666666667,standalone
8392,My Neighbor Totoro,3700000.0,41000000,"['Fantasy', 'Animation', 'Family']",False,1988-04-16,8.071,8310,86,,1008.1081081081081,standalone
419430,Get Out,4500000.0,255407969,"['Mystery', 'Thriller', 'Horror']",False,2017-02-24,7.619,17964,104,,5575.732644444444,standalone
1226406,Love Hurts,18000000.0,17669058,"['Action', 'Comedy', 'Romance']",False,2025-02-06,5.9,226,83,,-1.838566666666667,standalone
974950,Emilia Pérez,26000000.0,16302703,"['Drama', 'Thriller']",False,2024-08-21,6.586,1725,132,,-37.297296153846155,standalone
545611,Everything Everywhere All at Once,25000000.0,139200000,"['Action', 'Adventure', 'Science Fiction']",False,2022-03-24,7.756,7135,140,,456.79999999999995,standalone
10607,Don't Be a Menace to South Central While Drinking Your Juice in the Hood,3800000.0,20100000,"['Comedy', 'Crime']",False,1996-01-12,7.03,1389,89,,428.94736842105266,standalone
1265,Bridge to Terabithia,60000000.0,137587063,"['Adventure', 'Drama', 'Family']",False,2007-02-15,7.307,4954,96,,129.3117716666667,standalone
9655,She's the Man,20000000.0,33900000,"['Comedy', 'Romance']",False,2006-03-17,6.826,3128,105,,69.5,standalone
166426,Pirates of the Caribbean: Dead Men Tell No Tales,230000000.0,795922298,"['Adventure', 'Action', 'Fantasy']",True,2017-05-23,6.652,12282,129,Pirates of the Caribbean Collection,246.05317304347824,subsequent
792307,Poor Things,35000000.0,117607117,"['Science Fiction', 'Romance', 'Comedy']",False,2023-12-07,7.678,4820,141,,236.02033428571428,standalone
18239,The Twilight Saga: New Moon,50000000.0,709827462,"['Adventure', 'Fantasy', 'Drama', 'Romance']",True,2009-11-18,5.991,9403,131,The Twilight Collection,1319.654924,subsequent
313369,La La Land,30000000.0,509183536,"['Comedy', 'Drama', 'Romance', 'Music']",False,2016-12-01,7.9,17366,129,,1597.2784533333333,standalone
621,Grease,6000000.0,396271103,"['Romance', 'Comedy']",True,1978-06-16,7.377,7409,110,Grease Collection,6504.518383333334,starter
393,Kill Bill: Vol. 2,30000000.0,152159461,"['Action', 'Crime', 'Thriller']",True,2004-04-16,7.875,14318,136,Kill Bill Collection,407.19820333333337,subsequent
45243,The Hangover Part II,80000000.0,586764305,['Comedy'],True,2011-05-25,6.49,10761,102,The Hangover Collection,633.4553812500001,subsequent
103,Taxi Driver,1900000.0,28579636,"['Crime', 'Drama']",False,1976-02-09,8.135,12745,114,,1404.1913684210526,standalone
499701,Dora and the Lost City of Gold,49000000.0,120600000,"['Family', 'Comedy', 'Adventure']",False,2019-08-08,6.644,1762,102,,146.12244897959184,standalone
1366,Rocky,1000000.0,225253184,['Drama'],True,1976-11-20,7.793,8141,120,Rocky Collection,22425.3184,starter
10144,The Little Mermaid,40000000.0,211343479,"['Animation', 'Family', 'Fantasy']",True,1989-11-17,7.351,8085,83,The Little Mermaid Collection,428.35869750000006,starter
46195,Rio,90000000.0,483866772,"['Animation', 'Adventure', 'Comedy', 'Family']",True,2011-04-03,6.75,6864,96,Rio Collection,437.6297466666666,starter
1008042,Talk to Me,4500000.0,91959188,['Horror'],True,2023-07-26,7.158,3279,95,Talk to Me Collection,1943.537511111111,starter
420817,Aladdin,183000000.0,1097831681,"['Adventure', 'Fantasy', 'Romance', 'Family']",False,2019-05-22,7.098,10268,127,,499.90802240437165,standalone
329865,Arrival,47000000.0,203388186,"['Drama', 'Science Fiction', 'Mystery']",False,2016-11-10,7.616,18366,116,,332.74082127659574,standalone
197,Braveheart,72000000.0,213216216,"['Action', 'Drama', 'History', 'War']",True,1995-05-24,7.944,10480,177,Braveheart Collection,196.13363333333334,starter
11224,Cinderella,2900000.0,263600000,"['Family', 'Fantasy', 'Animation', 'Romance']",True,1950-02-22,7.0,6876,74,Cinderella Collection,8989.655172413793,starter
1106739,Juror #2,30000000.0,21418477,"['Crime', 'Drama']",False,2024-10-30,6.8,1892,114,,-28.60507666666667,standalone
695721,The Hunger Games: The Ballad of Songbirds & Snakes,100000000.0,337371917,"['Drama', 'Science Fiction', 'Adventure', 'Action']",True,2023-11-15,7.011,3108,157,The Hunger Games Collection,237.37191700000002,subsequent
270946,Penguins of Madagascar,132000000.0,373515621,"['Family', 'Animation', 'Adventure', 'Comedy']",False,2014-11-22,6.531,4279,92,,182.96637954545454,standalone
436270,Black Adam,200000000.0,393452111,"['Action', 'Adventure', 'Science Fiction']",False,2022-10-19,6.859,6605,125,,96.7260555,standalone
1979,Fantastic Four: Rise of the Silver Surfer,130000000.0,301913131,"['Science Fiction', 'Adventure', 'Action']",True,2007-06-13,5.611,8011,92,Fantastic Four Collection,132.24087,subsequent
390043,The Hitman's Bodyguard,30000000.0,176586701,"['Action', 'Comedy', 'Crime', 'Thriller']",True,2017-08-16,6.893,6362,118,The Hitman's Bodyguard Collection,488.6223366666667,starter
974453,Absolution,30000000.0,3854594,"['Action', 'Crime', 'Thriller', 'Mystery']",False,2024-10-31,5.855,437,112,,-87.15135333333333,standalone
1255788,The Gardener,10000000.0,4772,"['Action', 'Comedy']",False,2025-01-30,6.2,148,110,,-99.95228,standalone
968051,The Nun II,38500000.0,269670590,['Horror'],True,2023-09-06,6.705,2214,110,The Nun Collection,600.443090909091,subsequent
214756,Ted 2,68000000.0,215863606,"['Comedy', 'Fantasy']",True,2015-06-25,6.316,7679,115,Ted Collection,217.44647941176473,subsequent
131634,The Hunger Games: Mockingjay - Part 2,160000000.0,653428261,"['Action', 'Adventure', 'Science Fiction']",True,2015-11-18,6.899,12821,137,The Hunger Games Collection,308.392663125,subsequent
810,Shrek the Third,160000000.0,813367380,"['Fantasy', 'Adventure', 'Animation', 'Comedy', 'Family']",True,2007-05-17,6.299,9317,93,Shrek Collection,408.3546125,subsequent
24021,The Twilight Saga: Eclipse,68000000.0,698491347,"['Adventure', 'Fantasy', 'Drama', 'Romance']",True,2010-06-23,6.204,8933,124,The Twilight Collection,927.1931573529411,subsequent
1417,Pan's Labyrinth,19000000.0,83258226,"['Fantasy', 'Drama', 'War']",False,2006-10-11,7.754,10871,118,,338.2011894736842,standalone
666277,Past Lives,12000000.0,28126646,"['Drama', 'Romance']",False,2023-06-02,7.737,1953,106,,134.38871666666668,standalone
9487,A Bug's Life,80000000.0,363258859,"['Family', 'Animation', 'Adventure', 'Comedy']",False,1998-11-25,6.973,9382,95,,354.07357375,standalone
338953,Fantastic Beasts: The Secrets of Dumbledore,200000000.0,407200000,"['Fantasy', 'Adventure']",True,2022-04-06,6.644,4752,142,Fantastic Beasts Collection,103.60000000000001,subsequent
496450,"Miraculous: Ladybug & Cat Noir, The Movie",86000000.0,40208268,"['Animation', 'Fantasy', 'Action', 'Romance', 'Family']",True,2023-07-05,7.624,912,100,Miraculous Collection,-53.2462,starter
152601,Her,23000000.0,47351251,"['Romance', 'Science Fiction', 'Drama']",False,2013-12-18,7.849,14622,126,,105.87500434782609,standalone
44896,Rango,135000000.0,245700000,"['Animation', 'Comedy', 'Family', 'Western', 'Adventure']",False,2011-03-02,6.878,6728,112,,82.0,standalone
854,The Mask,23000000.0,351583407,"['Romance', 'Comedy', 'Crime', 'Fantasy']",True,1994-07-29,6.967,10632,101,The Mask Collection,1428.6235086956522,starter
114,Pretty Woman,14000000.0,463406268,"['Romance', 'Comedy']",False,1990-03-23,7.5,8560,120,,3210.0447714285715,standalone
6977,No Country for Old Men,25000000.0,171627166,"['Crime', 'Drama', 'Thriller']",False,2007-06-13,7.947,12469,122,,586.5086640000001,standalone
330457,Frozen II,150000000.0,1453683476,"['Family', 'Animation', 'Adventure', 'Comedy', 'Fantasy']",True,2019-11-20,7.249,9959,103,Frozen Collection,869.1223173333333,subsequent
593643,The Menu,35000000.0,79628200,"['Comedy', 'Horror', 'Thriller']",False,2022-11-17,7.175,5426,107,,127.50914285714285,standalone
508883,The Boy and the Heron,50000000.0,294200000,"['Animation', 'Adventure', 'Fantasy', 'Family', 'Drama']",False,2023-07-14,7.4,2232,124,,488.40000000000003,standalone
9470,Kung Fu Hustle,20000000.0,102034104,"['Action', 'Comedy', 'Crime', 'Fantasy']",False,2004-02-10,7.472,2927,99,,410.17051999999995,standalone
955,Mission: Impossible II,125000000.0,546388108,"['Adventure', 'Action', 'Thriller']",True,2000-05-24,6.13,7091,123,Mission: Impossible Collection,337.1104864,subsequent
1093237,Hurry Up Tomorrow,15000000.0,7619752,"['Music', 'Thriller']",False,2025-05-14,5.356,97,105,,-49.20165333333333,standalone
1607,A Bronx Tale,22000000.0,17287898,"['Drama', 'Crime']",False,1993-10-01,7.877,2635,121,,-21.418645454545455,standalone
10830,Matilda,36000000.0,33500000,"['Comedy', 'Family', 'Fantasy']",False,1996-08-02,7.167,4559,98,,-6.944444444444445,standalone
110415,Snowpiercer,39200000.0,86758912,"['Action', 'Science Fiction', 'Drama']",False,2013-08-01,6.905,9878,127,,121.3237551020408,standalone
77,Memento,9000000.0,40047236,"['Mystery', 'Thriller']",False,2000-10-11,8.179,15384,113,,344.9692888888889,standalone
763215,Damsel,60000000.0,5000,"['Fantasy', 'Action', 'Adventure']",False,2024-03-07,7.026,2482,107,,-99.99166666666667,standalone
561,Constantine,100000000.0,230900000,"['Fantasy', 'Action', 'Horror']",True,2005-02-08,7.11,7518,121,Constantine Collection,130.9,starter
39254,Real Steel,110000000.0,299300000,"['Action', 'Science Fiction', 'Drama']",False,2011-09-28,7.051,8630,127,,172.0909090909091,standalone
679,Aliens,18500000.0,183316455,"['Action', 'Thriller', 'Science Fiction']",True,1986-07-18,7.954,10191,137,Alien Collection,890.8997567567567,subsequent
447332,A Quiet Place,17000000.0,340955294,"['Horror', 'Drama', 'Science Fiction']",True,2018-04-03,7.399,14636,91,A Quiet Place Collection,1905.6193764705881,starter
474350,It Chapter Two,79000000.0,473123154,"['Horror', 'Thriller']",True,2019-09-04,6.835,8976,169,It Collection,498.8900683544304,subsequent
11635,Old School,24000000.0,87100000,['Comedy'],False,2003-02-21,6.608,1940,92,,262.9166666666667,standalone
335977,Indiana Jones and the Dial of Destiny,294700000.0,383963057,"['Adventure', 'Action']",True,2023-06-25,6.547,3717,155,Indiana Jones Collection,30.289466236851037,subsequent
257211,The Intern,35000000.0,194564672,['Comedy'],False,2015-09-23,7.225,6915,121,,455.89906285714284,standalone
7512,Idiocracy,30000000.0,495303,"['Comedy', 'Science Fiction', 'Adventure']",False,2006-09-01,6.348,3189,84,,-98.34899,standalone
613504,After We Collided,14000000.0,47990414,"['Romance', 'Drama']",True,2020-09-02,7.166,5388,105,After Collection,242.7886714285714,subsequent
140607,Star Wars: The Force Awakens,245000000.0,2068223624,"['Adventure', 'Action', 'Science Fiction']",True,2015-12-15,7.259,19831,136,Star Wars Collection,744.1729077551021,subsequent
8363,Superbad,20000000.0,170800000,['Comedy'],False,2007-08-17,7.256,7579,113,,754.0,standalone
284054,Black Panther,200000000.0,1349926083,"['Action', 'Adventure', 'Science Fiction']",True,2018-02-13,7.372,22657,135,Black Panther Collection,574.9630415,starter
398818,Call Me by Your Name,3500000.0,43143046,"['Romance', 'Drama']",True,2017-07-28,8.115,12348,132,Call Me by Your Name Collection,1132.658457142857,starter
137113,Edge of Tomorrow,178000000.0,370541256,"['Action', 'Science Fiction']",False,2014-05-27,7.631,14279,114,,108.16924494382023,standalone
82690,Wreck-It Ralph,165000000.0,471222889,"['Family', 'Animation', 'Comedy', 'Adventure']",True,2012-11-01,7.347,12587,101,Wreck-It Ralph Collection,185.5896296969697,starter
1359,American Psycho,7000000.0,34300000,"['Thriller', 'Drama', 'Crime']",True,2000-04-13,7.406,11449,102,American Psycho Collection,390.0,starter
18,The Fifth Element,90000000.0,263920180,"['Science Fiction', 'Action', 'Adventure']",False,1997-05-02,7.555,11090,126,,193.24464444444445,standalone
299054,Expend4bles,100000000.0,37917985,"['Action', 'Adventure', 'Thriller']",True,2023-09-15,6.115,1685,103,The Expendables Collection,-62.082015,subsequent
607,Men in Black,90000000.0,589390539,"['Action', 'Adventure', 'Comedy', 'Science Fiction']",True,1997-07-02,7.211,14153,98,Men In Black Collection,554.8783766666667,starter
9880,The Princess Diaries,37000000.0,165335153,"['Comedy', 'Family', 'Romance']",True,2001-08-03,7.0,5067,115,The Princess Diaries Collection,346.8517648648649,starter
601,E.T. the Extra-Terrestrial,10500000.0,792965500,"['Science Fiction', 'Adventure', 'Family', 'Fantasy']",False,1982-06-11,7.514,11462,115,,7452.052380952381,standalone
1032823,Trap,30000000.0,83677281,"['Thriller', 'Mystery', 'Horror']",False,2024-07-31,6.301,2289,105,,178.92427,standalone
1128650,The Prosecutor,38500000.0,128093757,"['Action', 'Drama', 'Crime', 'Thriller']",False,2024-12-08,7.355,76,117,,232.71105714285713,standalone
93456,Despicable Me 2,76000000.0,970766005,"['Animation', 'Comedy', 'Family']",True,2013-06-26,6.937,11544,98,Despicable Me Collection,1177.3236907894736,subsequent
207,Dead Poets Society,16400000.0,235900000,['Drama'],False,1989-06-02,8.301,11727,128,,1338.4146341463415,standalone
616037,Thor: Love and Thunder,250000000.0,760900000,"['Fantasy', 'Action', 'Comedy']",True,2022-07-06,6.409,8003,119,Thor Collection,204.36,subsequent
140300,Kung Fu Panda 3,145000000.0,521170825,"['Animation', 'Action', 'Adventure', 'Comedy', 'Family']",True,2016-01-23,6.917,6252,95,Kung Fu Panda Collection,259.4281551724138,subsequent
73723,The Lorax,70000000.0,349305397,"['Animation', 'Family']",False,2012-03-01,6.512,3693,86,,399.00771000000003,standalone
577922,Tenet,205000000.0,365304105,"['Action', 'Thriller', 'Science Fiction']",False,2020-08-22,7.182,10341,150,,78.1971243902439,standalone
9757,Norbit,10000000.0,159814490,['Comedy'],False,2007-02-08,5.674,2466,102,,1498.1449,standalone
646385,Scream,24000000.0,137743924,"['Horror', 'Mystery']",True,2022-01-12,6.684,3509,114,Scream Collection,473.9330166666667,subsequent
1146210,Housefull 5,28000000.0,30000000,"['Comedy', 'Mystery', 'Thriller']",True,2025-06-05,5.8,6,163,Housefull Collection,7.142857142857142,subsequent
345,Eyes Wide Shut,65000000.0,162100000,"['Drama', 'Thriller', 'Mystery']",False,1999-07-16,7.484,6486,159,,149.3846153846154,standalone
1579,Apocalypto,40000000.0,120654337,"['Action', 'Drama', 'History']",False,2006-12-07,7.591,5812,139,,201.6358425,standalone
207703,Kingsman: The Secret Service,81000000.0,414351546,"['Crime', 'Comedy', 'Action', 'Adventure']",True,2015-01-24,7.625,17159,129,Kingsman Collection,411.54511851851856,starter
57800,Ice Age: Continental Drift,95000000.0,877244782,"['Animation', 'Comedy', 'Adventure', 'Family']",True,2012-06-27,6.387,7790,88,Ice Age Collection,823.4155599999999,subsequent
297802,Aquaman,160000000.0,1152028393,"['Action', 'Adventure', 'Fantasy']",True,2018-12-07,6.876,14383,143,Aquaman Collection,620.017745625,starter
920,Cars,120000000.0,461983149,"['Animation', 'Adventure', 'Comedy', 'Family']",True,2006-06-08,7.004,14436,117,Cars Collection,284.9859575,starter
634492,Madame Web,80000000.0,100498764,"['Action', 'Fantasy']",False,2024-02-14,5.345,2262,117,,25.623455,standalone
37135,Tarzan,130000000.0,448200000,"['Family', 'Adventure', 'Animation', 'Drama']",True,1999-06-18,7.4,6981,88,Tarzan (Animation) Collection,244.76923076923077,starter
8536,Superman II,54000000.0,216385706,"['Science Fiction', 'Action', 'Adventure']",True,1980-12-12,6.745,2350,127,Superman Collection,300.7142703703704,subsequent
1155281,Creation of the Gods II: Demon Force,120000000.0,172619925,"['Action', 'Fantasy', 'War']",True,2025-01-29,6.283,53,145,Creation of the Gods Trilogy,43.8499375,subsequent
508442,Soul,150000000.0,121977511,"['Animation', 'Family', 'Comedy', 'Fantasy']",False,2020-12-25,8.108,10831,101,,-18.681659333333332,standalone
524434,Eternals,200000000.0,402064899,"['Science Fiction', 'Action', 'Adventure']",False,2021-11-03,6.809,8639,156,,101.03244950000001,standalone
260346,Taken 3,48000000.0,325800000,"['Thriller', 'Action']",True,2014-12-16,6.26,5892,109,Taken Collection,578.75,subsequent
341174,Fifty Shades Darker,55000000.0,381545846,"['Drama', 'Romance']",True,2017-02-08,6.485,7752,118,Fifty Shades Collection,593.71972,subsequent
1226578,Longlegs,10000000.0,127961936,"['Crime', 'Horror', 'Thriller']",False,2024-07-10,6.564,2125,101,,1179.6193600000001,standalone
529203,The Croods: A New Age,65000000.0,215905815,"['Animation', 'Family', 'Adventure', 'Fantasy', 'Comedy']",True,2020-11-25,7.466,3947,95,The Croods Collection,232.1627923076923,subsequent
8835,Legally Blonde,18000000.0,141778365,"['Comedy', 'Romance']",True,2001-07-13,6.802,4208,96,Legally Blonde Collection,687.6575833333334,starter
646389,Plane,25000000.0,74515586,"['Action', 'Adventure', 'Thriller']",True,2023-01-12,6.926,2407,107,Plane Collection,198.062344,starter
11969,Tombstone,25000000.0,56500000,"['Western', 'Action']",False,1993-12-25,7.595,2251,130,,126.0,standalone
242,The Godfather Part III,54000000.0,136766062,"['Crime', 'Drama', 'Thriller']",True,1990-12-25,7.418,6447,162,The Godfather Collection,153.27048518518518,subsequent
1278,The Dreamers,15000000.0,15100000,"['Drama', 'Romance']",False,2003-10-10,7.189,2949,115,,0.6666666666666667,standalone
1089,Point Break,24000000.0,83531958,"['Action', 'Thriller', 'Crime']",False,1991-07-12,7.2,3714,122,,248.049825,standalone
336843,Maze Runner: The Death Cure,62000000.0,288175335,"['Science Fiction', 'Action', 'Adventure', 'Thriller']",True,2018-01-10,7.099,8018,143,The Maze Runner Collection,364.7989274193548,subsequent
760104,X,1000000.0,15113105,"['Horror', 'Thriller']",True,2022-03-17,6.745,3565,106,X Collection,1411.3104999999998,starter
580489,Venom: Let There Be Carnage,110000000.0,506863592,"['Science Fiction', 'Action', 'Adventure']",True,2021-09-30,6.8,10725,97,Venom Collection,360.78508363636365,subsequent
46738,Incendies,6800000.0,6788659,"['Drama', 'War', 'Mystery']",False,2010-09-17,8.093,2954,131,,-0.16677941176470587,standalone
335787,Uncharted,120000000.0,407141258,"['Action', 'Adventure']",True,2022-02-10,6.907,6319,116,Uncharted Collection,239.2843816666667,starter
756999,The Black Phone,16000000.0,161440742,"['Horror', 'Thriller']",True,2022-06-17,7.571,5181,103,The Black Phone Collection,909.0046375,starter
1023922,MaXXXine,1000000.0,22057160,"['Horror', 'Thriller']",True,2024-07-04,6.358,1130,103,X Collection,2105.716,subsequent
951491,Saw X,13000000.0,125319714,"['Horror', 'Mystery']",True,2023-09-27,7.2,2130,118,Saw Collection,863.9977999999999,subsequent
122906,About Time,12000000.0,87100449,"['Drama', 'Romance', 'Fantasy']",False,2013-09-04,7.9,8797,123,,625.837075,standalone
383498,Deadpool 2,110000000.0,785896632,"['Action', 'Comedy', 'Adventure']",True,2018-05-15,7.49,18473,120,Deadpool Collection,614.4514836363636,subsequent
87101,Terminator Genisys,155000000.0,440603537,"['Science Fiction', 'Action', 'Thriller', 'Adventure']",True,2015-06-23,5.942,8604,126,The Terminator Collection,184.26034645161292,subsequent
10734,Escape from Alcatraz,8000000.0,43004381,"['Drama', 'Thriller']",False,1979-06-22,7.512,2926,113,,437.55476250000004,standalone
370172,No Time to Die,250000000.0,774153024,"['Action', 'Thriller', 'Adventure']",True,2021-09-29,7.363,6574,163,James Bond Collection,209.66120959999998,subsequent
1020414,Peter Pan's Neverland Nightmare,250000.0,1196497,"['Horror', 'Thriller', 'Fantasy']",False,2025-01-13,5.7,120,89,,378.59880000000004,standalone
76492,Hotel Transylvania,85000000.0,358375603,"['Animation', 'Comedy', 'Family', 'Fantasy']",True,2012-09-20,6.963,8814,91,Hotel Transylvania Collection,321.61835647058825,starter
62835,Colombiana,40000000.0,71508440,"['Action', 'Thriller', 'Crime', 'Drama']",False,2011-07-27,6.635,2690,108,,78.7711,standalone
9769,Lolita,62000000.0,1100000,"['Drama', 'Romance']",False,1997-09-27,7.145,1860,137,,-98.22580645161291,standalone
934433,Scream VI,35000000.0,168961389,"['Horror', 'Crime', 'Thriller']",True,2023-03-08,7.0,2831,123,Scream Collection,382.7468257142857,subsequent
10184,He's Just Not That Into You,40000000.0,178866158,"['Comedy', 'Romance', 'Drama']",False,2009-02-06,6.611,3846,129,,347.165395,standalone
62,2001: A Space Odyssey,12000000.0,71923560,"['Science Fiction', 'Mystery', 'Adventure']",True,1968-04-02,8.1,11918,149,The Space Odyssey Series,499.36299999999994,starter
180,Minority Report,102000000.0,358372926,"['Science Fiction', 'Action', 'Thriller']",False,2002-06-20,7.351,9042,145,,251.34600588235293,standalone
451915,Beautiful Boy,25000000.0,7700000,['Drama'],False,2018-10-12,7.552,2674,119,,-69.19999999999999,standalone
884605,No Hard Feelings,45000000.0,83000000,"['Comedy', 'Romance']",False,2023-06-15,6.73,3402,104,,84.44444444444444,standalone
512200,Jumanji: The Next Level,125000000.0,801693929,"['Adventure', 'Comedy', 'Fantasy']",True,2019-12-04,6.894,8941,123,Jumanji Collection,541.3551432,subsequent
259316,Fantastic Beasts and Where to Find Them,180000000.0,809342332,"['Fantasy', 'Adventure']",True,2016-11-16,7.315,19130,133,Fantastic Beasts Collection,349.63462888888887,starter
604,The Matrix Reloaded,150000000.0,738599701,"['Adventure', 'Action', 'Thriller', 'Science Fiction']",True,2003-05-15,7.06,11324,138,The Matrix Collection,392.3998006666667,subsequent
11970,Hercules,85000000.0,252712101,"['Animation', 'Family', 'Fantasy', 'Adventure', 'Comedy', 'Romance']",True,1997-06-13,7.499,7629,93,Hercules (Disney) Collection,197.30835411764707,starter
257344,Pixels,88000000.0,244900000,"['Action', 'Comedy', 'Science Fiction', 'Fantasy']",False,2015-07-16,5.755,7736,106,,178.29545454545453,standalone
11770,Shaolin Soccer,10000005.0,42776760,"['Action', 'Comedy']",False,2001-07-05,7.147,2356,113,,327.7673861163069,standalone
1949,Zodiac,65000000.0,84785914,"['Crime', 'Drama', 'Mystery', 'Thriller']",False,2007-03-02,7.527,10917,157,,30.439867692307693,standalone
408,Snow White and the Seven Dwarfs,1488423.0,184925486,"['Fantasy', 'Animation', 'Family']",False,1938-01-14,7.124,7673,83,,12324.256142239135,standalone
8856,The Karate Kid Part II,13000000.0,115103979,"['Adventure', 'Drama', 'Action', 'Romance', 'Family']",True,1986-06-18,6.322,2310,113,The Karate Kid Collection,785.415223076923,subsequent
37799,The Social Network,40000000.0,224920315,['Drama'],True,2010-10-01,7.37,12512,121,The Social Network Collection,462.3007875,starter
365177,Borderlands,115000000.0,32978510,"['Action', 'Science Fiction', 'Comedy']",False,2024-08-07,5.646,1250,101,,-71.3230347826087,standalone
1422,The Departed,90000000.0,291465000,"['Drama', 'Thriller', 'Crime']",False,2006-10-04,8.2,15393,151,,223.85000000000002,standalone
698508,Redeeming Love,30000000.0,9464198,"['Romance', 'Drama', 'Western']",False,2022-01-21,7.839,632,134,,-68.45267333333334,standalone
812,Aladdin,28000000.0,504050219,"['Animation', 'Family', 'Adventure', 'Fantasy', 'Romance']",True,1992-11-25,7.654,11528,92,Aladdin Collection,1700.1793535714285,starter
801688,Kalki 2898-AD,75000000.0,141000000,"['Drama', 'Action', 'Fantasy', 'Science Fiction']",True,2024-06-26,6.5,130,176,Kalki Collection,88.0,starter
1018,Mulholland Drive,15000000.0,20289986,"['Thriller', 'Drama', 'Mystery']",False,2001-06-06,7.809,6569,147,,35.26657333333333,standalone
181808,Star Wars: The Last Jedi,200000000.0,1332698830,"['Adventure', 'Action', 'Science Fiction']",True,2017-12-13,6.774,15685,152,Star Wars Collection,566.349415,subsequent
263115,Logan,97000000.0,619021436,"['Action', 'Drama', 'Science Fiction']",True,2017-02-28,7.821,19695,137,The Wolverine Collection,538.1664288659794,starter
85430,Girl Play,1000000.0,11522,"['Comedy', 'Romance']",False,2004-07-11,5.75,28,80,,-98.84779999999999,standalone
294254,Maze Runner: The Scorch Trials,61000000.0,312296056,"['Science Fiction', 'Action', 'Thriller', 'Adventure']",True,2015-09-09,6.735,10615,131,The Maze Runner Collection,411.9607475409836,subsequent
9479,The Nightmare Before Christmas,18000000.0,75634409,"['Fantasy', 'Animation', 'Family']",False,1993-10-09,7.835,9814,76,,320.1911611111111,standalone
629,The Usual Suspects,6000000.0,23300000,"['Drama', 'Crime', 'Thriller']",False,1995-07-19,8.174,10755,106,,288.3333333333333,standalone
161,Ocean's Eleven,85000000.0,450717150,"['Thriller', 'Crime']",True,2001-12-07,7.448,11921,116,Ocean's Collection,430.2554705882353,starter
293167,Kong: Skull Island,185000000.0,566652812,"['Action', 'Adventure', 'Fantasy']",False,2017-03-08,6.547,10706,118,,206.29881729729732,standalone
254,King Kong,207000000.0,562363449,"['Adventure', 'Drama', 'Action']",False,2005-12-12,6.887,8092,187,,171.67316376811596,standalone
335797,Sing,75000000.0,634151679,"['Family', 'Comedy', 'Music', 'Animation']",True,2016-11-23,7.12,8141,107,Sing Collection,745.535572,starter
254128,San Andreas,110000000.0,473990832,"['Action', 'Drama', 'Thriller']",False,2015-05-27,6.247,8714,114,,330.90075636363633,standalone
493529,Dungeons & Dragons: Honor Among Thieves,151000000.0,208200000,"['Adventure', 'Fantasy', 'Comedy']",False,2023-03-23,7.3,4048,134,,37.88079470198675,standalone
80321,Madagascar 3: Europe's Most Wanted,145000000.0,746921274,"['Animation', 'Family', 'Comedy', 'Adventure']",True,2012-06-06,6.62,6310,93,Madagascar Collection,415.11812,subsequent
713704,Evil Dead Rise,15000000.0,147156372,"['Horror', 'Thriller']",False,2023-04-12,6.937,3309,96,,881.04248,standalone
377,A Nightmare on Elm Street,1800000.0,57004513,['Horror'],True,1984-11-09,7.338,5354,91,A Nightmare on Elm Street Collection,3066.917388888889,starter
98566,Teenage Mutant Ninja Turtles,125000000.0,485004754,"['Science Fiction', 'Action', 'Adventure', 'Comedy']",True,2014-08-07,5.922,6920,101,Teenage Mutant Ninja Turtles (Remake) Collection,288.0038032,starter
4922,The Curious Case of Benjamin Button,150000000.0,335802786,"['Drama', 'Fantasy', 'Romance']",False,2008-12-25,7.593,13135,166,,123.868524,standalone
181812,Star Wars: The Rise of Skywalker,416000000.0,1074144248,"['Adventure', 'Action', 'Science Fiction']",True,2019-12-18,6.291,10258,142,Star Wars Collection,158.20775192307693,subsequent
840326,Sisu,6200000.0,14281199,"['Action', 'War']",True,2022-09-09,7.4,2388,91,Sisu Collection,130.34191935483872,starter
176,Saw,1200000.0,104045735,"['Horror', 'Mystery', 'Crime']",True,2004-10-01,7.421,9543,103,Saw Collection,8570.477916666667,starter
510,One Flew Over the Cuckoo's Nest,3000000.0,108981275,['Drama'],False,1975-11-19,8.414,10840,133,,3532.709166666667,standalone
889737,Joker: Folie à Deux,190000000.0,207500287,"['Drama', 'Crime', 'Thriller']",True,2024-10-01,5.434,2461,138,Joker Collection,9.210677368421052,subsequent
800158,The Killer,175000000.0,362113,"['Crime', 'Thriller']",False,2023-10-25,6.578,2416,118,,-99.79307828571429,standalone
76493,The Dictator,65000000.0,179379533,['Comedy'],False,2012-05-15,6.205,6043,83,,175.9685123076923,standalone
74,War of the Worlds,132000000.0,603873119,"['Adventure', 'Thriller', 'Science Fiction']",False,2005-06-28,6.52,8643,117,,357.4796356060606,standalone
420809,Maleficent: Mistress of Evil,185000000.0,491730089,"['Family', 'Fantasy', 'Adventure', 'Action']",True,2019-10-16,7.304,6240,119,Maleficent Collection,165.80004810810811,subsequent
284052,Doctor Strange,180000000.0,676343174,"['Action', 'Adventure', 'Fantasy']",True,2016-10-25,7.419,22626,115,Doctor Strange Collection,275.7462077777778,starter
76338,Thor: The Dark World,170000000.0,644783140,"['Action', 'Adventure', 'Fantasy']",True,2013-10-30,6.515,17674,112,Thor Collection,279.2842,subsequent
268,Batman,35000000.0,411348924,"['Fantasy', 'Action', 'Crime']",True,1989-06-21,7.233,8116,126,Batman Collection,1075.28264,starter
1195430,Deva,5882000.0,6705000,"['Action', 'Thriller', 'Mystery', 'Crime']",False,2025-01-31,6.019,53,155,,13.991839510370621,standalone
901362,Trolls Band Together,95000000.0,209646030,"['Animation', 'Family', 'Music', 'Fantasy', 'Comedy']",True,2023-10-12,7.288,921,91,The Trolls Collection,120.68003157894738,subsequent
381284,Hidden Figures,25000000.0,235957472,"['Drama', 'History']",False,2016-12-10,8.053,10006,127,,843.829888,standalone
9072,Little Man,64000000.0,101600000,"['Comedy', 'Crime']",False,2006-08-31,5.911,1789,98,,58.75,standalone
43347,Love & Other Drugs,30000000.0,102800000,"['Drama', 'Comedy', 'Romance']",False,2010-11-04,7.045,5305,112,,242.66666666666669,standalone
128,Princess Mononoke,23500000.0,176506186,"['Adventure', 'Fantasy', 'Animation']",False,1997-07-12,8.327,8435,134,,651.0901531914894,standalone
527774,Raya and the Last Dragon,100000000.0,130423032,"['Animation', 'Family', 'Fantasy', 'Action', 'Adventure']",False,2021-03-03,7.832,6976,107,,30.423032,standalone
339846,Baywatch,69000000.0,177900000,"['Comedy', 'Action', 'Crime']",False,2017-05-25,6.094,8228,116,,157.82608695652175,standalone
5175,Rush Hour 2,90000000.0,347325802,"['Action', 'Comedy', 'Crime']",True,2001-08-03,6.754,4296,90,Rush Hour Collection,285.91755777777774,subsequent
19913,(500) Days of Summer,7500000.0,60781545,"['Comedy', 'Drama', 'Romance']",False,2009-07-17,7.3,10477,95,,710.4205999999999,standalone
1114513,Speak No Evil,15000000.0,76756109,"['Horror', 'Thriller']",False,2024-09-11,7.2,1593,110,,411.70739333333336,standalone
204082,Homefront,22000000.0,51695362,"['Action', 'Thriller']",False,2013-11-12,6.947,3613,100,,134.9789181818182,standalone
310,Bruce Almighty,80000000.0,484592874,"['Fantasy', 'Comedy']",True,2003-05-23,6.72,10982,101,Almighty Collection,505.74109250000004,starter
423204,Angel Has Fallen,40000000.0,146661977,"['Action', 'Thriller']",True,2019-08-21,6.598,3632,122,Has Fallen Collection,266.6549425,subsequent
339403,Baby Driver,34000000.0,226945087,"['Action', 'Crime']",True,2017-06-28,7.446,16130,113,Baby Driver Collection,567.48555,starter
10591,The Girl Next Door,21000000.0,31635150,"['Comedy', 'Romance']",False,2004-04-09,6.728,3708,110,,50.643571428571434,standalone
101299,The Hunger Games: Catching Fire,130000000.0,865011746,"['Adventure', 'Action', 'Science Fiction']",True,2013-11-15,7.427,17762,146,The Hunger Games Collection,565.3936507692308,subsequent
57214,Project X,12000000.0,102731865,['Comedy'],False,2012-03-01,6.889,6507,88,,756.098875,standalone
476669,The King's Man,100000000.0,125897478,"['Action', 'Adventure', 'Thriller']",True,2021-12-22,6.745,4737,131,Kingsman Collection,25.897478000000003,subsequent
7485,Shooter,61000000.0,95700000,"['Drama', 'Action', 'Thriller']",False,2007-03-22,7.122,5099,124,,56.88524590163935,standalone
1202479,Opus,10000000.0,2183539,"['Horror', 'Mystery', 'Thriller']",False,2025-03-13,5.72,108,104,,-78.16461,standalone
1029281,Strange Darling,4000000.0,4853595,"['Crime', 'Horror', 'Thriller']",False,2024-08-14,6.947,609,98,,21.339875,standalone
893723,PAW Patrol: The Mighty Movie,30000000.0,202231360,"['Family', 'Comedy', 'Adventure', 'Animation']",True,2023-09-21,7.04,499,87,PAW Patrol (Theatrical) Collection,574.1045333333333,subsequent
72105,Ted,50000000.0,549368315,"['Comedy', 'Fantasy']",True,2012-06-29,6.448,12653,107,Ted Collection,998.73663,starter
57158,The Hobbit: The Desolation of Smaug,250000000.0,958400000,"['Fantasy', 'Adventure', 'Action']",True,2013-12-11,7.571,13535,161,The Hobbit Collection,283.36,subsequent
232672,Blended,40000000.0,128000000,"['Comedy', 'Romance']",False,2014-05-21,6.892,3638,117,,220.00000000000003,standalone
41513,The Smurfs,110000000.0,563749323,"['Animation', 'Family', 'Adventure', 'Comedy', 'Fantasy']",True,2011-07-29,5.765,3840,102,The Smurfs (Theatrical) Collection,412.4993845454545,starter
745,The Sixth Sense,40000000.0,672800000,"['Mystery', 'Thriller', 'Drama']",False,1999-08-06,7.951,12121,107,,1582.0,standalone
75656,Now You See Me,75000000.0,351723989,"['Thriller', 'Crime']",True,2013-05-29,7.333,15881,116,Now You See Me Collection,368.9653186666667,starter
353486,Jumanji: Welcome to the Jungle,90000000.0,995339117,"['Adventure', 'Comedy', 'Fantasy', 'Action', 'Family']",True,2017-12-09,6.821,13944,119,Jumanji Collection,1005.9323522222222,subsequent
35,The Simpsons Movie,75000000.0,527068851,"['Animation', 'Comedy', 'Family']",False,2007-07-25,7.013,8205,87,,602.758468,standalone
38055,Megamind,130000000.0,321885765,"['Animation', 'Action', 'Comedy', 'Family', 'Science Fiction']",True,2010-10-28,7.006,7057,96,Megamind Collection,147.6044346153846,starter
37136,The Naked Gun: From the Files of Police Squad!,12000000.0,152356177,"['Comedy', 'Crime']",True,1988-12-02,7.265,3933,86,Naked Gun Collection,1169.6348083333332,starter
587792,Palm Springs,5000000.0,1818417,"['Comedy', 'Romance', 'Science Fiction']",False,2020-07-10,7.341,3326,90,,-63.631660000000004,standalone
385128,F9,200000000.0,726229501,"['Action', 'Adventure', 'Crime']",True,2021-05-19,7.047,7403,143,The Fast and the Furious Collection,263.1147505,subsequent
26338,Romance,2700000.0,3885642,"['Drama', 'Romance']",False,1999-04-14,5.469,273,99,,43.91266666666667,standalone
359940,"Three Billboards Outside Ebbing, Missouri",15000000.0,162729321,"['Crime', 'Drama']",False,2017-12-01,8.067,10380,115,,984.8621400000001,standalone
676,Pearl Harbor,140000000.0,449220945,"['War', 'Romance', 'History', 'Action']",False,2001-05-21,6.937,6693,183,,220.8721035714286,standalone
381288,Split,9000000.0,278454358,"['Horror', 'Thriller']",False,2017-01-19,7.341,17726,117,,2993.937311111111,standalone
249397,Nymphomaniac: Vol. II,2350000.0,4934725,"['Drama', 'Mystery']",True,2013-12-25,6.713,2985,124,Nymphomaniac Collection,109.98829787234044,starter
772,Home Alone 2: Lost in New York,18000000.0,358994850,"['Comedy', 'Family', 'Adventure']",True,1992-11-15,6.764,10005,120,Home Alone Collection,1894.4158333333335,starter
956,Mission: Impossible III,150000000.0,398479497,"['Adventure', 'Action', 'Thriller']",True,2006-04-25,6.8,7169,126,Mission: Impossible Collection,165.652998,subsequent
49444,Kung Fu Panda 2,150000000.0,665692281,"['Animation', 'Family', 'Comedy']",True,2011-05-25,7.045,7460,91,Kung Fu Panda Collection,343.794854,subsequent
89,Indiana Jones and the Last Crusade,48000000.0,474171806,"['Adventure', 'Action']",True,1989-05-24,7.851,10498,127,Indiana Jones Collection,887.8579291666666,subsequent
13183,Watchmen,130000000.0,185258983,"['Mystery', 'Action', 'Science Fiction']",False,2009-03-04,7.34,9490,163,,42.50691,standalone
273481,Sicario,30000000.0,84997446,"['Action', 'Crime', 'Thriller']",True,2015-09-17,7.412,8968,122,Sicario Collection,183.32482000000002,starter
9257,S.W.A.T.,80000000.0,207700000,"['Action', 'Thriller', 'Crime']",True,2003-08-08,6.163,2563,117,S.W.A.T. Collection,159.625,starter
663712,Terrifier 2,250000.0,15741780,"['Horror', 'Thriller']",True,2022-10-06,6.712,2275,138,Terrifier Collection,6196.712,subsequent
141,Donnie Darko,4500000.0,7500000,"['Fantasy', 'Drama', 'Mystery']",True,2001-01-19,7.771,12799,114,Darko Collection,66.66666666666666,starter
14869,G.I. Joe: The Rise of Cobra,175000000.0,302500000,"['Adventure', 'Action', 'Thriller', 'Science Fiction']",True,2009-08-03,5.784,4709,118,G.I. Joe (Live-Action) Collection,72.85714285714285,starter
480530,Creed II,50000000.0,214200000,"['Drama', 'Action']",True,2018-11-21,7.034,5545,130,Creed Collection,328.4,subsequent
32657,Percy Jackson & the Olympians: The Lightning Thief,95000000.0,226497209,"['Adventure', 'Fantasy', 'Family']",True,2010-02-01,6.211,7574,118,Percy Jackson Collection,138.4181147368421,starter
710295,Wolf Man,25000000.0,35150643,"['Horror', 'Thriller']",False,2025-01-15,6.347,673,102,,40.602571999999995,standalone
333484,The Magnificent Seven,90000000.0,162400000,"['Adventure', 'Action', 'Western']",False,2016-09-14,6.466,6095,132,,80.44444444444444,standalone
1302916,Heart Eyes,18000000.0,33129099,"['Horror', 'Comedy', 'Romance']",False,2025-02-06,6.395,266,97,,84.05055,standalone
1734,The Mummy Returns,98000000.0,443280904,"['Adventure', 'Action', 'Fantasy']",True,2001-05-04,6.381,7259,130,The Mummy Collection,352.3274530612245,subsequent
609681,The Marvels,274800000.0,206136825,"['Science Fiction', 'Adventure', 'Action']",True,2023-11-08,5.989,3031,105,Captain Marvel Collection,-24.986599344978167,subsequent
9023,Spirit: Stallion of the Cimarron,80000000.0,122563539,"['Animation', 'Adventure', 'Family', 'Drama', 'Western', 'Romance']",True,2002-05-24,7.694,4714,83,Spirit Collection,53.20442375,starter
250546,Annabelle,6500000.0,257589952,['Horror'],True,2014-10-02,5.787,6255,99,Annabelle Collection,3862.922338461539,starter
109439,The Hangover Part III,103000000.0,362000072,['Comedy'],True,2013-05-23,6.209,8855,100,The Hangover Collection,251.45638058252428,subsequent
950,Ice Age: The Meltdown,80000000.0,660998756,"['Animation', 'Family', 'Comedy', 'Adventure']",True,2006-03-29,6.713,9971,91,Ice Age Collection,726.248445,subsequent
10555,Shark Tale,75000000.0,367300000,"['Animation', 'Action', 'Comedy', 'Family']",False,2004-09-20,6.026,6458,90,,389.73333333333335,standalone
49519,The Croods,135000000.0,587204668,"['Animation', 'Adventure', 'Family', 'Fantasy', 'Comedy', 'Action']",True,2013-03-15,6.928,7235,98,The Croods Collection,334.9664207407408,starter
620,Ghostbusters,30000000.0,296640120,"['Comedy', 'Fantasy']",True,1984-06-08,7.494,9267,107,Ghostbusters Collection,888.8004000000001,starter
157350,Divergent,85000000.0,288885818,"['Action', 'Adventure', 'Science Fiction']",True,2014-03-14,6.915,13026,139,Divergent Collection,239.86566823529412,starter
640146,Ant-Man and the Wasp: Quantumania,388369742.0,476071180,"['Action', 'Adventure', 'Science Fiction']",True,2023-02-15,6.275,5336,125,Ant-Man Collection,22.58194408976382,subsequent
453,A Beautiful Mind,58000000.0,316791257,"['Drama', 'Romance']",False,2001-12-14,7.854,10527,135,,446.1918224137931,standalone
242582,Nightcrawler,8500000.0,47425835,"['Crime', 'Drama', 'Thriller']",False,2014-10-23,7.705,11109,118,,457.951,standalone
1109255,Parthenope,32000000.0,10361110,['Drama'],False,2024-10-24,6.776,585,137,,-67.62153125,standalone
1271,300,65000000.0,456082343,"['Action', 'Adventure', 'War']",True,2007-03-07,7.189,14089,116,300 Collection,601.6651430769231,starter
957,Spaceballs,22700000.0,38119483,"['Comedy', 'Science Fiction']",True,1987-06-24,6.844,3131,96,Spaceballs Collection,67.92723788546256,starter
550988,Free Guy,110000000.0,331526598,"['Comedy', 'Adventure', 'Science Fiction']",True,2021-08-11,7.477,9149,115,Free Guy Collection,201.38781636363638,starter
364,Batman Returns,80000000.0,280000000,"['Action', 'Fantasy']",True,1992-06-19,6.94,6726,126,Batman Collection,250.0,subsequent
10545,The Hunchback of Notre Dame,100000000.0,325300000,"['Drama', 'Animation', 'Family']",True,1996-06-21,7.119,5131,91,The Hunchback of Notre Dame Collection,225.3,starter
948549,Love Lies Bleeding,10000000.0,12778225,"['Crime', 'Romance', 'Thriller']",False,2024-03-07,6.587,814,104,,27.782249999999998,standalone
38700,Bad Boys for Life,90000000.0,426505244,"['Thriller', 'Action', 'Crime']",True,2020-01-15,7.132,8445,124,Bad Boys Collection,373.89471555555554,subsequent
70981,Prometheus,130000000.0,403354469,"['Science Fiction', 'Adventure', 'Mystery']",True,2012-05-30,6.577,12618,124,Prometheus Collection,210.27266846153844,starter
335988,Transformers: The Last Knight,217000000.0,605425157,"['Action', 'Adventure', 'Science Fiction']",True,2017-06-16,6.1,6402,154,Transformers Collection,178.99776820276497,subsequent
342473,Ballerina,30000000.0,109573511,"['Animation', 'Adventure', 'Comedy', 'Family']",False,2016-12-14,7.194,1917,89,,265.2450366666667,standalone
9928,Robots,75000000.0,262511490,"['Animation', 'Comedy', 'Family', 'Science Fiction']",False,2005-03-10,6.47,4712,90,,250.01532000000003,standalone
1368,First Blood,15000000.0,125212904,"['Action', 'Adventure', 'Thriller', 'War']",True,1982-10-22,7.493,6504,93,Rambo Collection,734.7526933333334,starter
661539,A Complete Unknown,65000000.0,138003641,"['Drama', 'Music']",False,2024-12-18,7.135,1108,140,,112.31329384615385,standalone
792,Platoon,6000000.0,138530565,"['Drama', 'War', 'Action']",False,1986-12-19,7.746,4748,120,,2208.8427500000003,standalone
9919,How to Lose a Guy in 10 Days,50000000.0,177500000,"['Comedy', 'Romance']",False,2003-02-07,6.841,4175,116,,254.99999999999997,standalone
262841,Monster Trucks,125000000.0,64493915,"['Action', 'Comedy', 'Science Fiction']",False,2016-12-21,6.104,869,104,,-48.404868,standalone
1154215,Elyas,12460000.0,1359330,"['Action', 'Thriller']",False,2024-07-03,6.15,127,99,,-89.09044943820224,standalone
1895,Star Wars: Episode III - Revenge of the Sith,113000000.0,850000000,"['Adventure', 'Action', 'Science Fiction']",True,2005-05-17,7.45,14211,140,Star Wars Collection,652.2123893805309,subsequent
62211,Monsters University,200000000.0,743600000,"['Animation', 'Family']",True,2013-06-19,7.041,10881,104,"Monsters, Inc. Collection",271.8,subsequent
50839,Margin Call,3500000.0,19504039,"['Thriller', 'Drama']",False,2011-09-28,6.857,1901,108,,457.2582571428572,standalone
316029,The Greatest Showman,84000000.0,459066134,['Drama'],False,2017-12-20,7.876,9662,105,,446.50730238095235,standalone
278927,The Jungle Book,175000000.0,966550600,"['Family', 'Adventure', 'Drama', 'Fantasy', 'Animation']",False,2016-04-07,6.863,8200,106,,452.31462857142856,standalone
1086747,The Watchers,30000000.0,51147812,"['Fantasy', 'Horror', 'Mystery']",False,2024-06-06,6.405,1322,102,,70.49270666666668,standalone
10009,Brother Bear,128000000.0,250397798,"['Adventure', 'Animation', 'Family']",True,2003-10-23,7.266,5541,85,Brother Bear Collection,95.6232796875,starter
598,City of God,3300000.0,30641770,"['Drama', 'Crime']",False,2002-08-30,8.431,7713,129,,828.5384848484849,standalone
11460,Red Eye,26000000.0,57891803,"['Thriller', 'Mystery']",False,2005-08-10,6.393,2351,85,,122.66078076923077,standalone
166424,Fantastic Four,120000000.0,167977596,"['Action', 'Adventure', 'Science Fiction']",False,2015-08-05,4.431,6112,100,,39.98133,standalone
338970,Tomb Raider,94000000.0,274650803,"['Action', 'Adventure', 'Fantasy']",False,2018-03-05,6.366,7983,118,,192.18170531914893,standalone
562,Die Hard,28000000.0,140767956,"['Action', 'Thriller']",True,1988-07-15,7.801,11567,132,Die Hard Collection,402.7427,starter
1079091,It Ends with Us,25000000.0,350993761,"['Drama', 'Romance']",False,2024-08-07,7.017,1662,131,,1303.975044,standalone
13448,Angels & Demons,150000000.0,485930816,"['Thriller', 'Mystery']",True,2009-04-23,6.717,6989,138,Robert Langdon Collection,223.95387733333334,subsequent
744275,After We Fell,14000000.0,21753705,"['Romance', 'Drama']",True,2021-09-01,7.029,2658,99,After Collection,55.38360714285714,subsequent
36647,Blade,45000000.0,131183530,"['Horror', 'Action']",True,1998-08-21,6.81,6279,121,Blade Collection,191.51895555555555,starter
882569,Guy Ritchie's The Covenant,55000000.0,21948551,"['War', 'Action', 'Thriller']",False,2023-04-19,7.749,2795,123,,-60.093543636363634,standalone
251,Ghost,22000000.0,505000000,"['Fantasy', 'Drama', 'Thriller', 'Mystery', 'Romance']",False,1990-07-13,7.226,5728,126,,2195.4545454545455,standalone
283366,Miss Peregrine's Home for Peculiar Children,110000000.0,296482446,"['Fantasy', 'Adventure', 'Drama', 'Family', 'Thriller']",False,2016-09-27,6.8,10172,127,,169.52949636363635,standalone
399579,Alita: Battle Angel,170000000.0,405000000,"['Action', 'Science Fiction', 'Adventure']",False,2019-01-31,7.244,9482,122,,138.23529411764704,standalone
944401,Dogman,22700000.0,4082217,"['Action', 'Drama', 'Crime']",False,2023-09-27,7.89,1218,115,,-82.01666519823789,standalone
343611,Jack Reacher: Never Go Back,60000000.0,162100000,"['Action', 'Drama', 'Thriller', 'Crime']",True,2016-10-19,5.996,5037,118,Jack Reacher Collection,170.16666666666666,subsequent
913290,Barbarian,4500000.0,45400000,"['Horror', 'Thriller']",False,2022-09-08,6.827,2733,102,,908.8888888888889,standalone
9614,Happy Gilmore,12000000.0,41380229,['Comedy'],True,1996-02-16,6.649,2804,92,Happy Gilmore Collection,244.8352416666667,starter
194,Amélie,10000000.0,173921954,"['Comedy', 'Romance']",False,2001-04-25,7.914,11842,122,,1639.2195399999998,standalone
1593,Night at the Museum,110000000.0,574480841,"['Action', 'Adventure', 'Comedy', 'Family', 'Fantasy']",True,2006-12-20,6.59,10474,108,Night at the Museum Collection,422.25531,starter
27449,Baby Face,187000.0,451000,['Drama'],False,1933-07-13,7.3,135,76,,141.1764705882353,standalone
345887,The Equalizer 2,62000000.0,190400157,"['Action', 'Thriller', 'Crime']",True,2018-07-19,6.778,5594,121,The Equalizer Collection,207.09702741935482,subsequent
14574,The Boy in the Striped Pyjamas,12500000.0,20416563,"['Drama', 'War', 'History']",False,2008-05-07,7.827,7354,94,,63.332504,standalone
36557,Casino Royale,150000000.0,599045960,"['Adventure', 'Action', 'Thriller']",True,2006-11-14,7.561,11045,144,James Bond Collection,299.3639733333334,subsequent
579974,RRR,69000000.0,160000000,"['Action', 'Adventure', 'Drama']",False,2022-03-24,7.752,1428,185,,131.8840579710145,standalone
260513,Incredibles 2,200000000.0,1242805359,"['Action', 'Adventure', 'Animation', 'Family']",True,2018-06-14,7.456,13140,118,The Incredibles Collection,521.4026795,subsequent
343668,Kingsman: The Golden Circle,104000000.0,410902662,"['Action', 'Adventure', 'Comedy', 'Crime']",True,2017-09-20,6.957,10662,141,Kingsman Collection,295.09871346153847,subsequent
9737,Bad Boys,19000000.0,141407024,"['Action', 'Comedy', 'Crime', 'Thriller']",True,1995-04-07,6.8,6606,119,Bad Boys Collection,644.2474947368421,starter
14,American Beauty,15000000.0,356296601,['Drama'],False,1999-09-15,8.007,12437,122,,2275.3106733333334,standalone
246655,X-Men: Apocalypse,178000000.0,543934787,"['Action', 'Adventure', 'Science Fiction', 'Fantasy']",True,2016-05-18,6.516,13245,144,X-Men Collection,205.58134101123596,subsequent
11423,Memories of Murder,2800000.0,26000000,"['Crime', 'Drama', 'Thriller']",False,2003-04-25,8.1,4101,131,,828.5714285714287,standalone
9802,The Rock,75000000.0,335062621,"['Action', 'Adventure', 'Thriller']",False,1996-06-07,7.136,4877,137,,346.7501613333333,standalone
275,Fargo,7000000.0,60611975,"['Crime', 'Drama', 'Thriller']",False,1996-03-08,7.853,8458,98,,765.8853571428572,standalone
855,Black Hawk Down,92000000.0,172989651,"['Action', 'War', 'History']",False,2001-12-28,7.388,5970,145,,88.03222934782609,standalone
12092,Alice in Wonderland,3000000.0,57200000,"['Animation', 'Family', 'Fantasy', 'Adventure']",False,1951-07-28,7.186,6010,75,,1806.6666666666667,standalone
19908,Zombieland,23600000.0,102391540,"['Comedy', 'Horror']",True,2009-10-02,7.26,12578,88,Zombieland Collection,333.86245762711866,starter
299537,Captain Marvel,152000000.0,1131416446,"['Action', 'Adventure', 'Science Fiction']",True,2019-03-06,6.799,16134,124,Captain Marvel Collection,644.352925,starter
520763,A Quiet Place Part II,55000000.0,297372261,"['Science Fiction', 'Thriller', 'Horror']",True,2021-05-21,7.467,6879,96,A Quiet Place Collection,440.6768381818182,subsequent
12429,Ponyo,34000000.0,202404009,"['Animation', 'Fantasy', 'Family']",False,2008-07-19,7.749,4486,100,,495.3059088235294,standalone
115,The Big Lebowski,15000000.0,47010480,"['Comedy', 'Crime']",False,1998-03-06,7.8,11571,117,,213.4032,standalone
616,The Last Samurai,140000000.0,456800000,"['Drama', 'Action', 'War']",False,2003-12-05,7.594,7107,154,,226.28571428571428,standalone
726139,Project Silence,14750000.0,6283415,"['Thriller', 'Action', 'Horror', 'Science Fiction', 'Adventure']",False,2024-07-11,7.0,346,96,,-57.400576271186445,standalone
7131,Van Helsing,160000000.0,300257475,"['Horror', 'Adventure', 'Action']",False,2004-05-03,6.379,6210,132,,87.660921875,standalone
198184,Chappie,49000000.0,104399548,"['Crime', 'Action', 'Science Fiction']",False,2015-03-04,6.787,8111,120,,113.06030204081632,standalone
9603,Clueless,12000000.0,56631572,"['Comedy', 'Romance']",False,1995-07-19,7.273,4559,97,,371.9297666666667,standalone
459003,Mavka: The Forest Song,5000000.0,17974964,"['Animation', 'Adventure', 'Family', 'Fantasy']",False,2023-03-02,7.187,804,99,,259.49928,standalone
1637,Speed,30000000.0,350448145,"['Action', 'Thriller']",True,1994-06-09,7.146,6410,116,Speed Collection,1068.1604833333333,starter
27578,The Expendables,80000000.0,274470394,"['Thriller', 'Adventure', 'Action']",True,2010-08-07,6.248,7939,103,The Expendables Collection,243.0879925,starter
1771,Captain America: The First Avenger,140000000.0,370569774,"['Action', 'Adventure', 'Science Fiction']",True,2011-07-22,7.004,21950,124,Captain America Collection,164.69269571428572,starter
28178,Hachi: A Dog's Tale,16000000.0,46800000,"['Drama', 'Family']",False,2009-06-08,8.012,6861,93,,192.5,standalone
1181107,The King of Kings,25200000.0,66465461,"['Family', 'Fantasy', 'Drama', 'Adventure', 'Animation']",False,2025-04-07,8.586,70,104,,163.75182936507937,standalone
162,Edward Scissorhands,20000000.0,86024005,"['Fantasy', 'Drama', 'Romance']",False,1990-12-07,7.718,13212,105,,330.120025,standalone
9654,The Italian Job,60000000.0,176070171,"['Action', 'Crime']",False,2003-05-30,6.779,5690,110,,193.450285,standalone
539,Psycho,806947.0,50048065,"['Horror', 'Thriller', 'Mystery']",True,1960-06-22,8.4,10426,109,Psycho Collection,6102.150203173195,starter
1079485,Winnie-the-Pooh: Blood and Honey 2,500000.0,7582541,"['Horror', 'Thriller']",True,2024-03-26,5.97,387,93,Winnie-the-Pooh (Horror) Collection,1416.5082,subsequent
719221,Tarot,8000000.0,49256239,['Horror'],False,2024-05-01,6.458,1217,92,,515.7029875000001,standalone
2164,Stargate,55000000.0,196567262,"['Action', 'Adventure', 'Science Fiction']",False,1994-10-28,7.01,3543,121,,257.3950218181818,standalone
521029,Annabelle Comes Home,27000000.0,231252591,['Horror'],True,2019-06-26,6.409,3620,106,Annabelle Collection,756.4910777777777,subsequent
1186532,The Forge,5000000.0,40392664,"['Drama', 'Family']",False,2024-08-22,8.306,284,123,,707.8532799999999,standalone
592,The Conversation,1600000.0,4794457,"['Crime', 'Drama', 'Mystery']",False,1974-04-07,7.518,1868,114,,199.6535625,standalone
281957,The Revenant,135000000.0,532950503,"['Western', 'Drama', 'Adventure']",False,2015-12-25,7.534,18534,157,,294.7781503703704,standalone
2907,The Addams Family,30000000.0,191502426,"['Comedy', 'Fantasy']",True,1991-11-22,7.061,4742,100,Addams Family Collection,538.34142,starter
6145,Fracture,10000000.0,91354215,['Thriller'],False,2007-04-19,7.267,4040,113,,813.54215,standalone
423,The Pianist,35000000.0,120098945,"['Drama', 'War']",False,2002-09-17,8.379,9582,150,,243.13984285714287,standalone
61791,Rise of the Planet of the Apes,93000000.0,481800873,"['Thriller', 'Action', 'Drama', 'Science Fiction']",True,2011-08-03,7.335,12228,105,Planet of the Apes (Reboot) Collection,418.06545483870974,starter
75780,Jack Reacher,60000000.0,218300000,"['Crime', 'Drama', 'Thriller', 'Action']",True,2012-12-20,6.645,7233,130,Jack Reacher Collection,263.8333333333333,starter
38234,Undisputed III: Redemption,3000000.0,282548,"['Action', 'Thriller', 'Crime', 'Drama']",True,2010-04-17,7.534,944,96,Undisputed Collection,-90.58173333333333,subsequent
677179,Creed III,75000000.0,275300000,"['Drama', 'Action']",True,2023-03-01,7.103,2660,116,Creed Collection,267.06666666666666,subsequent
9291,The Longest Yard,90000000.0,191466556,"['Drama', 'Comedy', 'Crime']",False,2005-05-27,6.665,3496,113,,112.74061777777777,standalone
11824,Teen Wolf,1200000.0,80000000,"['Comedy', 'Fantasy', 'Romance']",True,1985-08-23,6.199,1199,91,Teen Wolf Collection,6566.666666666667,starter
527641,Five Feet Apart,7000000.0,92600000,"['Romance', 'Drama']",False,2019-03-14,8.236,5736,116,,1222.8571428571427,standalone
311,Once Upon a Time in America,30000000.0,5500000,"['Drama', 'Crime']",False,1984-05-23,8.411,5655,229,,-81.66666666666667,standalone
449443,Den of Thieves,30000000.0,80509622,"['Action', 'Crime', 'Thriller']",True,2018-01-18,6.853,3165,140,Den of Thieves Collection,168.36540666666667,starter
158852,Tomorrowland,190000000.0,209200000,"['Adventure', 'Family', 'Mystery', 'Science Fiction']",False,2015-05-19,6.3,7109,130,,10.105263157894736,standalone
268896,Pacific Rim: Uprising,150000000.0,290061297,"['Action', 'Fantasy', 'Science Fiction', 'Adventure']",True,2018-03-21,6.131,5088,111,Pacific Rim Collection,93.37419799999999,subsequent
467244,The Zone of Interest,15000000.0,52631884,"['Drama', 'History', 'War']",False,2023-12-15,7.016,2204,105,,250.87922666666665,standalone
614479,Insidious: The Red Door,16000000.0,189086877,"['Horror', 'Thriller']",True,2023-07-05,6.6,1804,107,Insidious Collection,1081.79298125,subsequent
400535,Sicario: Day of the Soldado,35000000.0,75836683,"['Action', 'Crime', 'Thriller']",True,2018-06-27,6.934,3751,122,Sicario Collection,116.67623714285715,subsequent
120467,The Grand Budapest Hotel,30000000.0,174600318,"['Comedy', 'Drama']",False,2014-02-26,8.037,15278,100,,482.00106,standalone
967847,Ghostbusters: Frozen Empire,100000000.0,201967521,"['Fantasy', 'Adventure', 'Comedy']",True,2024-03-20,6.489,1857,115,Ghostbusters Collection,101.96752099999999,subsequent
190859,American Sniper,58800000.0,542300000,"['War', 'Action']",False,2014-12-25,7.42,13167,133,,822.2789115646259,standalone
959604,Beating Hearts,37315205.0,36010728,"['Romance', 'Crime', 'Drama']",False,2024-10-16,7.238,833,166,,-3.4958323289393696,standalone
64690,Drive,15000000.0,78100000,"['Drama', 'Thriller', 'Crime']",False,2011-09-15,7.582,12950,100,,420.6666666666667,standalone
41446,Scream 4,40000000.0,97231420,"['Horror', 'Mystery']",True,2011-04-13,6.465,3885,111,Scream Collection,143.07855,subsequent
124905,Godzilla,160000000.0,524978362,"['Action', 'Drama', 'Science Fiction']",True,2014-05-14,6.348,9348,123,Godzilla Collection,228.11147625,starter
23168,The Town,37000000.0,154026136,"['Crime', 'Drama', 'Thriller']",False,2010-09-15,7.22,5244,125,,316.28685405405406,standalone
5559,Bee Movie,150000000.0,287594577,"['Family', 'Animation', 'Adventure', 'Comedy']",False,2007-10-28,6.032,5001,91,,91.729718,standalone
118340,Guardians of the Galaxy,170000000.0,772776600,"['Action', 'Science Fiction', 'Adventure']",True,2014-07-30,7.905,28656,121,Guardians of the Galaxy Collection,354.57447058823533,starter
1824,50 First Dates,75000000.0,196482882,"['Comedy', 'Romance']",False,2004-02-13,6.867,7379,99,,161.977176,standalone
2005,Sister Act,31000000.0,231605150,"['Music', 'Comedy']",True,1992-05-28,6.83,3279,100,Sister Act Collection,647.1133870967742,starter
300668,Annihilation,40000000.0,43070915,"['Science Fiction', 'Horror']",False,2018-02-22,6.427,8900,115,,7.6772875,standalone
460458,Resident Evil: Welcome to Raccoon City,25000000.0,41914915,"['Action', 'Horror', 'Science Fiction']",False,2021-11-24,5.971,2536,107,,67.65966,standalone
149,Akira,5700000.0,49000000,"['Animation', 'Science Fiction', 'Action']",False,1988-06-10,7.941,4445,124,,759.6491228070175,standalone
4011,Beetlejuice,15000000.0,84554197,"['Fantasy', 'Comedy']",True,1988-03-30,7.373,7959,92,Beetlejuice Collection,463.6946466666667,starter
530254,The Witch: Part 1. The Subversion,5500000.0,24340302,"['Action', 'Mystery', 'Science Fiction']",True,2018-06-27,7.882,642,125,The Witch Collection,342.55094545454546,starter
138832,We're the Millers,37000000.0,270000000,"['Comedy', 'Crime']",False,2013-08-07,6.834,9078,110,,629.7297297297297,standalone
126889,Alien: Covenant,97000000.0,240891763,"['Horror', 'Science Fiction', 'Thriller']",True,2017-05-09,6.2,8948,122,Prometheus Collection,148.3420237113402,subsequent
813,Airplane!,3500000.0,83453539,['Comedy'],True,1980-07-02,7.306,4699,88,Airplane Collection,2284.386828571429,starter
273248,The Hateful Eight,44000000.0,155760117,"['Drama', 'Mystery', 'Western']",False,2015-12-25,7.755,14589,188,,254.00026590909093,standalone
72559,G.I. Joe: Retaliation,130000000.0,371900000,"['Action', 'Science Fiction', 'Adventure', 'Thriller']",True,2013-03-27,5.637,5572,110,G.I. Joe (Live-Action) Collection,186.07692307692307,subsequent
427641,Rampage,120000000.0,428028233,"['Action', 'Adventure', 'Science Fiction']",False,2018-04-11,6.458,7216,107,,256.69019416666663,standalone
1000837,I'm Still Here,1480000.0,36109482,"['Drama', 'History']",False,2024-09-19,8.0,730,138,,2339.8298648648647,standalone
509,Notting Hill,42000000.0,363889678,"['Romance', 'Comedy']",False,1999-05-21,7.264,6351,124,,766.4039952380953,standalone
402,Basic Instinct,49000000.0,352927224,"['Thriller', 'Mystery']",True,1992-03-20,6.933,4071,128,Basic Instinct Collection,620.2596408163265,starter
9340,The Goonies,19000000.0,69649283,"['Adventure', 'Comedy', 'Family']",False,1985-06-07,7.513,5887,114,,266.57517368421054,standalone
1954,The Butterfly Effect,13000000.0,96800000,"['Science Fiction', 'Thriller']",True,2004-01-17,7.579,7758,113,The Butterfly Effect Collection,644.6153846153846,starter
725201,The Gray Man,200000000.0,454023,"['Action', 'Thriller']",False,2022-07-13,6.943,3866,129,,-99.7729885,standalone
8358,Cast Away,90000000.0,429632142,"['Adventure', 'Drama']",False,2000-12-22,7.66,11723,143,,377.3690466666667,standalone
147441,Exodus: Gods and Kings,140000000.0,268031828,"['Adventure', 'Drama', 'Action']",False,2014-12-03,5.879,4654,150,,91.45130571428571,standalone
615,The Passion of the Christ,30000000.0,610063468,['Drama'],True,2004-02-25,7.5,4880,127,Passion of the Christ Collection,1933.5448933333332,starter
1196943,Chhaava,15800000.0,94988235,"['History', 'Action', 'Drama']",False,2025-02-14,6.8,37,161,,501.1913607594937,standalone
9902,Wrong Turn,12600000.0,28650575,"['Horror', 'Thriller']",True,2003-05-30,6.373,2807,84,Wrong Turn Collection,127.38551587301588,starter
396422,Annabelle: Creation,15000000.0,306592201,['Horror'],True,2017-08-03,6.598,5716,110,Annabelle Collection,1943.9480066666667,subsequent
9637,Scooby-Doo,84000000.0,275650703,"['Mystery', 'Adventure', 'Comedy']",True,2002-06-14,6.094,4542,86,Scooby-Doo Collection,228.1555988095238,starter
223702,Sausage Party,19000000.0,140705322,"['Adventure', 'Animation', 'Comedy', 'Fantasy']",False,2016-07-11,5.746,7450,89,,640.5543263157895,standalone
507241,The Killer's Game,30000000.0,5928351,"['Action', 'Comedy', 'Thriller']",False,2024-09-12,6.411,438,104,,-80.23883000000001,standalone
11411,Superman IV: The Quest for Peace,17000000.0,36700000,"['Action', 'Adventure', 'Science Fiction']",True,1987-07-24,4.592,1306,90,Superman Collection,115.88235294117648,subsequent
614930,Teenage Mutant Ninja Turtles: Mutant Mayhem,75000000.0,180513586,"['Animation', 'Comedy', 'Action', 'Science Fiction']",True,2023-07-31,7.2,1439,100,Teenage Mutant Ninja Turtles (Animated) Collection,140.68478133333332,starter
758323,The Pope's Exorcist,18000000.0,76987621,"['Horror', 'Thriller']",True,2023-04-05,6.953,2909,103,The Pope's Exorcist Collection,327.70900555555556,starter
964980,Air,80000000.0,90100000,"['Drama', 'History']",False,2023-04-05,7.325,2102,111,,12.625,standalone
938614,Late Night with the Devil,2000000.0,15469415,['Horror'],False,2024-03-19,7.1,1685,93,,673.47075,standalone
4248,Scary Movie 2,45000000.0,141220678,['Comedy'],True,2001-07-04,5.804,4808,82,Scary Movie Collection,213.8237288888889,subsequent
399566,Godzilla vs. Kong,200000000.0,470116094,"['Action', 'Science Fiction', 'Adventure']",True,2021-03-24,7.569,10245,114,Godzilla Collection,135.058047,subsequent
484641,Anna,34000000.0,31626978,"['Action', 'Adventure', 'Thriller']",False,2019-06-19,6.7,2800,119,,-6.979476470588235,standalone
976893,Perfect Days,14000000.0,24094016,['Drama'],False,2023-11-10,7.76,1520,124,,72.10011428571428,standalone
346910,The Predator,88000000.0,160542134,"['Science Fiction', 'Action', 'Thriller']",True,2018-09-05,5.629,4832,107,Predator Collection,82.43424318181818,subsequent
117263,Olympus Has Fallen,70000000.0,170270201,"['Action', 'Thriller']",True,2013-03-20,6.4,6742,120,Has Fallen Collection,143.2431442857143,starter
424783,Bumblebee,135000000.0,467989645,"['Action', 'Adventure', 'Science Fiction']",False,2018-11-22,6.723,6323,113,,246.6589962962963,standalone
27581,The Other Guys,100000000.0,170432927,"['Comedy', 'Action', 'Crime']",False,2010-08-06,6.312,4311,116,,70.432927,standalone
95,Armageddon,140000000.0,553799566,"['Action', 'Thriller', 'Science Fiction', 'Adventure']",False,1998-07-01,6.839,8184,151,,295.57111857142854,standalone
1280672,One of Them Days,14000000.0,51648144,['Comedy'],True,2025-01-16,6.723,184,97,One of Them Days Collection,268.91531428571426,starter
374720,Dunkirk,150000000.0,527000000,"['War', 'Action', 'Drama']",False,2017-07-19,7.451,16868,107,,251.33333333333331,standalone
3981,What Women Want,70000000.0,374100000,"['Comedy', 'Romance']",False,2000-12-15,6.452,4077,127,,434.42857142857144,standalone
799766,Better Man,110000000.0,22541033,"['Music', 'Drama']",False,2024-12-06,7.762,585,135,,-79.50815181818182,standalone
10882,Sleeping Beauty,6000000.0,51600000,"['Fantasy', 'Animation', 'Romance', 'Family']",False,1959-02-17,6.946,5271,75,,760.0,standalone
949423,Pearl,1000000.0,10139416,"['Horror', 'Thriller']",True,2022-09-16,7.247,2228,102,X Collection,913.9416000000001,subsequent
206487,Predestination,5500000.0,4942449,"['Science Fiction', 'Thriller']",False,2014-08-28,7.426,6672,98,,-10.13729090909091,standalone
524047,Greenland,34000000.0,52300000,"['Action', 'Adventure', 'Science Fiction', 'Thriller']",True,2020-07-29,7.127,4718,120,Greenland Collection,53.8235294117647,starter
373571,Godzilla: King of the Monsters,170000000.0,387300138,"['Science Fiction', 'Action']",True,2019-05-29,6.696,6366,132,Godzilla Collection,127.8236105882353,subsequent
142,Brokeback Mountain,14000000.0,178043761,"['Drama', 'Romance']",False,2005-10-22,7.787,7206,134,,1171.74115,standalone
105864,The Good Dinosaur,175000000.0,332207671,"['Adventure', 'Animation', 'Family']",False,2015-11-14,6.741,5738,93,,89.83295485714285,standalone
6844,The Ten Commandments,13000000.0,122700000,"['Drama', 'History']",False,1956-10-05,7.772,1721,220,,843.8461538461538,standalone
8769,Christine,9700000.0,21200000,['Horror'],False,1983-12-09,6.87,2064,110,,118.55670103092784,standalone
10527,Madagascar: Escape 2 Africa,150000000.0,603900354,"['Family', 'Adventure', 'Animation', 'Comedy']",True,2008-10-30,6.515,7104,89,Madagascar Collection,302.600236,subsequent
1572,Die Hard: With a Vengeance,90000000.0,366101666,"['Action', 'Thriller']",True,1995-05-19,7.271,6306,128,Die Hard Collection,306.77962888888885,subsequent
76757,Jupiter Ascending,176000000.0,184000000,"['Science Fiction', 'Fantasy', 'Action']",False,2015-02-04,5.459,6866,127,,4.545454545454546,standalone
263472,Knock Knock,10000000.0,6341684,"['Crime', 'Horror', 'Thriller']",False,2015-06-26,5.384,3290,99,,-36.58316,standalone
138103,The Expendables 3,95000000.0,214657577,"['Action', 'Adventure', 'Thriller']",True,2014-08-07,6.208,5101,126,The Expendables Collection,125.95534421052632,subsequent
848538,Argylle,200000000.0,96221061,"['Action', 'Adventure', 'Comedy', 'Thriller']",False,2024-01-31,6.037,1505,139,,-51.8894695,standalone
87,Indiana Jones and the Temple of Doom,28000000.0,333000000,"['Adventure', 'Action']",True,1984-05-23,7.302,9603,118,Indiana Jones Collection,1089.2857142857142,subsequent
102899,Ant-Man,130000000.0,519311965,"['Science Fiction', 'Action', 'Adventure']",True,2015-07-14,7.07,20167,117,Ant-Man Collection,299.4707423076923,starter
796,Cruel Intentions,10500000.0,76347426,"['Drama', 'Romance']",True,1999-03-05,6.807,3369,98,Cruel Intentions Collection,627.1183428571429,starter
107,Snatch,10000000.0,83557872,"['Crime', 'Comedy']",False,2000-09-01,7.814,9373,103,,735.57872,standalone
2048,"I, Robot",120000000.0,347234916,"['Action', 'Science Fiction']",False,2004-07-15,6.954,12091,115,,189.36243,standalone
318846,The Big Short,28000000.0,133346506,"['Comedy', 'Drama']",False,2015-12-11,7.357,9300,131,,376.2375214285714,standalone
10567,Dinosaur,127500000.0,354248063,"['Animation', 'Family', 'Adventure']",False,2000-05-19,6.549,2613,82,,177.8416180392157,standalone
119450,Dawn of the Planet of the Apes,170000000.0,710644566,"['Science Fiction', 'Action', 'Drama', 'Thriller']",True,2014-07-08,7.332,11724,130,Planet of the Apes (Reboot) Collection,318.02621529411766,subsequent
8961,Bad Boys II,130000000.0,273339556,"['Action', 'Crime', 'Comedy']",True,2003-07-18,6.65,5657,146,Bad Boys Collection,110.26119692307692,subsequent
8920,Garfield,50000000.0,200800000,"['Comedy', 'Family']",True,2004-06-10,5.73,4102,80,Garfield Collection,301.6,starter
169917,A Walk Among the Tombstones,28000000.0,58834384,"['Crime', 'Drama', 'Mystery', 'Thriller']",False,2014-09-18,6.334,2864,114,,110.12280000000001,standalone
87428,That's My Boy,70000000.0,57719093,['Comedy'],False,2012-06-14,5.8,2029,116,,-17.54415285714286,standalone
1091,The Thing,15000000.0,19629760,"['Horror', 'Mystery', 'Science Fiction']",True,1982-06-25,8.07,7357,109,The Thing Collection,30.865066666666667,starter
752,V for Vendetta,54000000.0,134686457,"['Action', 'Thriller', 'Science Fiction']",False,2006-02-23,7.9,14877,132,,149.41936481481483,standalone
637,Life Is Beautiful,20000000.0,230098753,"['Comedy', 'Drama']",False,1997-12-20,8.445,13433,116,,1050.493765,standalone
312221,Creed,37000000.0,173600000,"['Action', 'Drama']",True,2015-11-25,7.406,7619,133,Creed Collection,369.18918918918916,starter
459151,The Boss Baby: Family Business,82000000.0,146745280,"['Animation', 'Comedy', 'Adventure', 'Family']",True,2021-07-01,7.36,2609,107,The Boss Baby Collection,78.95765853658536,subsequent
1250,Ghost Rider,110000000.0,228738393,"['Thriller', 'Action', 'Fantasy']",True,2007-01-15,5.581,6113,114,Ghost Rider Collection,107.94399363636364,starter
159824,Hotel Transylvania 2,80000000.0,473200000,"['Animation', 'Comedy', 'Family', 'Fantasy']",True,2015-09-21,6.768,5892,89,Hotel Transylvania Collection,491.5,subsequent
487297,What Men Want,20000000.0,69766483,"['Comedy', 'Romance']",False,2019-02-08,6.217,1492,117,,248.832415,standalone
20526,TRON: Legacy,170000000.0,409912892,"['Adventure', 'Action', 'Science Fiction']",True,2010-12-14,6.503,7357,126,TRON Collection,141.1252305882353,subsequent
346,Seven Samurai,2000000.0,105000000,"['Action', 'Drama']",False,1954-04-26,8.455,3934,207,,5150.0,standalone
297761,Suicide Squad,175000000.0,749200054,"['Action', 'Adventure', 'Fantasy']",True,2016-08-03,5.92,21473,122,Suicide Squad Collection,328.11431657142856,starter
84892,The Perks of Being a Wallflower,13000000.0,33384127,['Drama'],False,2012-09-20,7.797,10720,103,,156.80097692307692,standalone
28,Apocalypse Now,31500000.0,150000000,"['Drama', 'War']",False,1979-05-19,8.273,8548,147,,376.1904761904762,standalone
1013601,The Alto Knights,45000000.0,9579515,"['Crime', 'Drama', 'History']",False,2025-03-19,6.298,245,122,,-78.71218888888889,standalone
15255,Undisputed II: Last Man Standing,8000000.0,1361,"['Action', 'Crime', 'Thriller', 'Drama']",True,2006-04-11,7.345,845,93,Undisputed Collection,-99.9829875,subsequent
1893,Star Wars: Episode I - The Phantom Menace,115000000.0,924317558,"['Adventure', 'Action', 'Science Fiction']",True,1999-05-19,6.565,15100,136,Star Wars Collection,703.7543982608696,subsequent
818397,Memory,30000000.0,13900000,"['Action', 'Thriller', 'Crime']",False,2022-04-28,6.8,1559,114,,-53.666666666666664,standalone
136797,Need for Speed,66000000.0,203277636,"['Action', 'Crime', 'Drama', 'Thriller']",False,2014-03-12,6.424,4472,131,,207.99641818181817,standalone
6477,Alvin and the Chipmunks,60000000.0,361366633,"['Comedy', 'Family', 'Fantasy']",True,2007-12-13,5.823,4568,92,Alvin and the Chipmunks Collection,502.27772166666665,starter
26389,From Paris with Love,52000000.0,52800000,"['Action', 'Crime', 'Thriller']",False,2010-02-04,6.337,2144,92,,1.5384615384615385,standalone
9475,Scent of a Woman,31000000.0,134100000,['Drama'],False,1992-12-23,7.788,3611,156,,332.5806451612903,standalone
228165,The SpongeBob Movie: Sponge Out of Water,74000000.0,311594032,"['Family', 'Comedy', 'Adventure', 'Animation']",True,2015-01-28,6.087,2416,93,SpongeBob Collection,321.0730162162162,subsequent
594767,Shazam! Fury of the Gods,110000000.0,134221819,"['Comedy', 'Action', 'Fantasy']",True,2023-03-15,6.468,3356,130,Shazam! Collection,22.019835454545454,subsequent
16859,Kiki's Delivery Service,6900000.0,4493017,"['Animation', 'Family', 'Fantasy']",False,1989-07-29,7.827,4265,103,,-34.883811594202896,standalone
402900,Ocean's Eight,70000000.0,297718711,"['Crime', 'Comedy', 'Action']",False,2018-06-07,6.971,8453,111,,325.31244428571426,standalone
9602,Coming to America,30000000.0,288752301,"['Comedy', 'Romance']",True,1988-06-29,6.881,4489,117,Coming to America Collection,862.50767,starter
10330,Freaky Friday,26000000.0,160846332,"['Family', 'Fantasy', 'Comedy']",True,2003-08-05,6.531,3912,96,Freaky Friday Collection,518.6397384615384,starter
1927,Hulk,137000000.0,245360480,"['Science Fiction', 'Adventure', 'Action']",False,2003-06-19,5.572,5977,138,,79.09524087591241,standalone
270303,It Follows,2300000.0,23374076,"['Horror', 'Mystery']",True,2015-02-04,6.584,6555,101,It Follows Collection,916.2641739130434,starter
512195,Red Notice,160000000.0,178143,"['Action', 'Comedy', 'Crime']",False,2021-11-04,6.763,6030,118,,-99.888660625,standalone
906126,Society of the Snow,65500000.0,1281,"['Drama', 'History']",False,2023-12-15,7.997,3186,144,,-99.99804427480916,standalone
619264,The Platform,1203235.0,1090116,"['Drama', 'Science Fiction', 'Thriller']",True,2019-11-08,6.968,7409,95,The Platform Collection,-9.401239159432697,starter
27,9 Songs,1000000.0,1574623,"['Drama', 'Music', 'Romance']",False,2004-07-16,5.555,536,69,,57.4623,standalone
10693,Peter Pan,4000000.0,87400000,"['Animation', 'Family', 'Adventure', 'Fantasy']",True,1953-02-05,7.203,5506,77,Peter Pan Collection,2085.0,starter
2758,Addams Family Values,47000000.0,48919043,"['Comedy', 'Family', 'Fantasy']",True,1993-11-19,6.965,3107,94,Addams Family Collection,4.083070212765957,subsequent
820525,After Everything,14000000.0,10644463,"['Romance', 'Drama']",True,2023-09-13,6.896,929,93,After Collection,-23.96812142857143,subsequent
624860,The Matrix Resurrections,190000000.0,156497322,"['Science Fiction', 'Action', 'Adventure']",True,2021-12-16,6.374,6023,147,The Matrix Collection,-17.63298842105263,subsequent
88,Dirty Dancing,6000000.0,214577242,"['Drama', 'Music', 'Romance']",True,1987-08-21,7.331,6278,100,Dirty Dancing Collection,3476.2873666666665,starter
49529,John Carter,250000000.0,284100000,"['Action', 'Adventure', 'Science Fiction']",False,2012-03-07,6.347,5799,132,,13.639999999999999,standalone
320288,Dark Phoenix,200000000.0,252442974,"['Science Fiction', 'Action', 'Adventure']",True,2019-06-05,5.972,6721,114,X-Men Collection,26.221487,subsequent
1059128,Queer,53400000.0,5450715,"['Drama', 'Romance']",False,2024-11-27,6.7,377,138,,-89.79266853932583,standalone
4824,The Jackal,60000000.0,159300000,"['Action', 'Thriller', 'Adventure', 'Crime']",False,1997-11-14,6.382,1970,124,,165.5,standalone
20453,3 Idiots,9000000.0,70000000,"['Drama', 'Comedy']",False,2009-12-23,7.999,2502,171,,677.7777777777777,standalone
530915,1917,100000000.0,394638258,"['War', 'History', 'Thriller', 'Drama']",False,2019-12-25,7.989,12852,119,,294.638258,standalone
262500,Insurgent,110000000.0,297002527,"['Action', 'Science Fiction', 'Thriller']",True,2015-03-18,6.365,10147,119,Divergent Collection,170.00229727272728,subsequent
50544,Friends with Benefits,35000000.0,149500000,"['Romance', 'Comedy']",False,2011-07-21,6.655,8094,110,,327.1428571428571,standalone
82675,Taken 2,45000000.0,376100000,"['Action', 'Crime', 'Thriller']",True,2012-09-27,6.362,6792,91,Taken Collection,735.7777777777778,subsequent
412117,The Secret Life of Pets 2,80000000.0,429434163,"['Family', 'Comedy', 'Adventure', 'Animation']",True,2019-05-24,6.962,3172,86,The Secret Life of Pets Collection,436.79270375000004,subsequent
291805,Now You See Me 2,120000000.0,334897606,"['Thriller', 'Crime']",True,2016-06-02,6.825,10960,129,Now You See Me Collection,179.08133833333332,subsequent
397243,The Autopsy of Jane Doe,4000000.0,6170043,"['Horror', 'Mystery']",False,2016-12-21,6.8,4425,86,,54.25107500000001,standalone
8487,Wild Wild West,170000000.0,222104681,"['Action', 'Adventure', 'Comedy', 'Science Fiction', 'Western']",False,1999-06-30,5.319,3397,106,,30.649812352941176,standalone
400160,The SpongeBob Movie: Sponge on the Run,60000000.0,4700000,"['Family', 'Comedy', 'Adventure', 'Animation']",True,2020-08-14,7.438,2896,95,SpongeBob Collection,-92.16666666666666,subsequent
364689,Ferdinand,111000000.0,295038508,"['Animation', 'Family', 'Adventure', 'Comedy']",False,2017-12-09,7.227,2941,108,,165.80045765765766,standalone
34851,Predators,40000000.0,127200000,"['Science Fiction', 'Action', 'Thriller']",True,2010-07-07,6.28,4307,107,Predator Collection,218.00000000000003,subsequent
41630,No Strings Attached,25000000.0,149200000,"['Comedy', 'Romance']",False,2011-01-21,6.3,4790,107,,496.8,standalone
49018,Insidious,1500000.0,100106454,"['Horror', 'Thriller']",True,2011-03-31,6.945,6982,102,Insidious Collection,6573.763599999999,starter
437342,The First Omen,30000000.0,53992802,['Horror'],True,2024-04-03,6.862,1117,119,The Omen Collection,79.97600666666666,subsequent
337401,Mulan,200000000.0,69965374,"['Adventure', 'Fantasy', 'Action']",False,2020-09-04,6.9,6826,115,,-65.017313,standalone
591,The Da Vinci Code,125000000.0,760006945,"['Thriller', 'Mystery']",True,2006-05-17,6.728,9598,149,Robert Langdon Collection,508.005556,starter
7518,Over the Hedge,80000000.0,343397247,"['Family', 'Comedy', 'Animation']",False,2006-05-17,6.576,4591,84,,329.24655875,standalone
2770,American Pie 2,30000000.0,287553595,"['Comedy', 'Romance']",True,2001-08-10,6.245,5039,108,American Pie Collection,858.5119833333333,subsequent
605,The Matrix Revolutions,150000000.0,424988211,"['Adventure', 'Action', 'Thriller', 'Science Fiction']",True,2003-11-05,6.739,10216,129,The Matrix Collection,183.325474,subsequent
744276,After Ever Happy,14000000.0,19238073,"['Romance', 'Drama']",True,2022-08-24,6.798,1290,95,After Collection,37.41480714285714,subsequent
44214,Black Swan,13000000.0,329398046,"['Drama', 'Thriller', 'Horror']",False,2010-12-03,7.687,14875,109,,2433.831123076923,standalone
2034,Training Day,45000000.0,104900000,"['Action', 'Crime', 'Drama']",True,2001-10-05,7.506,6168,122,Training Day Collection,133.11111111111111,starter
861,Total Recall,65000000.0,261317921,"['Action', 'Adventure', 'Science Fiction']",False,1990-06-01,7.31,6025,113,,302.02757076923075,standalone
136799,Trolls,125000000.0,347337803,"['Family', 'Animation', 'Fantasy', 'Adventure', 'Comedy', 'Music']",True,2016-10-13,6.64,3672,92,The Trolls Collection,177.8702424,starter
217,Indiana Jones and the Kingdom of the Crystal Skull,185000000.0,786636033,"['Adventure', 'Action']",True,2008-05-21,6.014,8584,122,Indiana Jones Collection,325.2086664864865,subsequent
181533,Night at the Museum: Secret of the Tomb,127000000.0,363204635,"['Adventure', 'Comedy', 'Fantasy', 'Family']",True,2014-12-17,6.216,5997,98,Night at the Museum Collection,185.98790157480317,subsequent
4108,The Transporter,21000000.0,43900000,"['Action', 'Crime', 'Thriller']",True,2002-10-02,6.711,5504,92,The Transporter Collection,109.04761904761904,starter
481084,The Addams Family,40000000.0,204394183,"['Family', 'Animation', 'Comedy', 'Fantasy']",True,2019-10-10,6.61,2383,87,The Addams Family (Animated) Collection,410.9854575,starter
50646,"Crazy, Stupid, Love.",50000000.0,145079584,"['Comedy', 'Drama', 'Romance']",False,2011-07-29,7.267,8815,118,,190.159168,standalone
2493,The Princess Bride,16000000.0,30900000,"['Adventure', 'Family', 'Fantasy', 'Comedy', 'Romance']",False,1987-09-25,7.687,4753,99,,93.125,standalone
278154,Ice Age: Collision Course,105000000.0,408579038,"['Adventure', 'Animation', 'Family', 'Comedy', 'Science Fiction']",True,2016-06-23,6.113,4692,95,Ice Age Collection,289.1228933333333,subsequent
9874,Cobra,25000000.0,49042224,"['Action', 'Crime', 'Thriller']",False,1986-01-01,6.147,1830,87,,96.168896,standalone
10229,A Walk to Remember,11800000.0,47494916,"['Drama', 'Romance']",False,2002-01-25,7.759,4118,101,,302.49928813559325,standalone
419743,Disobedience,6000000.0,8000000,"['Drama', 'Romance']",False,2018-04-24,6.89,1233,114,,33.33333333333333,standalone
9339,Click,82500000.0,240685326,"['Comedy', 'Drama', 'Fantasy']",False,2006-06-23,6.3,7200,107,,191.73978909090908,standalone
565770,Blue Beetle,104000000.0,130788072,"['Action', 'Science Fiction', 'Adventure']",False,2023-08-16,6.681,2844,128,,25.757761538461537,standalone
310131,The Witch,4000000.0,40423945,"['Horror', 'Fantasy', 'Drama']",False,2016-02-19,6.99,7248,92,,910.5986250000001,standalone
107846,Escape Plan,50000000.0,137328301,"['Action', 'Thriller']",True,2013-10-09,6.722,5298,115,Escape Plan Collection,174.656602,starter
1369,Rambo: First Blood Part II,44000000.0,300400432,"['Action', 'Adventure', 'Thriller', 'War']",True,1985-05-21,6.649,4065,96,Rambo Collection,582.7282545454545,subsequent
2501,The Bourne Identity,60000000.0,214034224,"['Action', 'Drama', 'Mystery', 'Thriller']",True,2002-06-14,7.469,9555,119,The Bourne Collection,256.72370666666666,starter
915935,Anatomy of a Fall,6700000.0,35634133,"['Thriller', 'Mystery', 'Crime']",False,2023-08-23,7.534,2850,151,,431.85273134328355,standalone
526896,Morbius,75000000.0,167635712,"['Action', 'Science Fiction', 'Fantasy']",False,2022-03-30,5.958,4519,105,,123.51428266666666,standalone
8871,How the Grinch Stole Christmas,123000000.0,345800000,"['Family', 'Fantasy', 'Comedy']",False,2000-11-17,6.772,7816,104,,181.1382113821138,standalone
5548,RoboCop,13000000.0,53424681,"['Action', 'Thriller', 'Science Fiction']",True,1987-07-17,7.344,5362,102,RoboCop Collection,310.9590846153846,starter
395991,Only the Brave,38000000.0,25754775,"['Drama', 'Action']",False,2017-09-22,7.4,1667,133,,-32.224276315789474,standalone
44833,Battleship,209000000.0,303025485,"['Thriller', 'Action', 'Adventure', 'Science Fiction']",False,2012-04-11,5.9,5652,131,,44.98827033492823,standalone
678512,Sound of Freedom,14500000.0,250600000,"['Action', 'Drama']",False,2023-07-03,7.99,2569,131,,1628.2758620689656,standalone
881,A Few Good Men,40000000.0,243240178,['Drama'],False,1992-12-11,7.544,3825,138,,508.100445,standalone
63311,The Skin I Live In,13000000.0,33750478,"['Drama', 'Horror', 'Mystery', 'Thriller']",False,2011-08-17,7.494,4369,120,,159.61906153846155,standalone
331482,Little Women,40000000.0,216600000,"['Drama', 'Romance', 'History']",False,2019-12-25,7.866,6480,135,,441.5,standalone
2024,The Patriot,110000000.0,215294342,"['Drama', 'History', 'War', 'Action']",False,2000-06-28,7.176,4055,165,,95.72212909090909,standalone
870360,The Day the Earth Blew Up: A Looney Tunes Movie,15000000.0,15076954,"['Animation', 'Family', 'Comedy', 'Adventure', 'Science Fiction']",False,2024-08-01,7.6,134,90,,0.5130266666666666,standalone
22881,The Blind Side,29000000.0,309231694,['Drama'],False,2009-11-20,7.671,6517,129,,966.3161862068966,standalone
1933,The Others,17000000.0,210002906,"['Horror', 'Mystery', 'Thriller']",False,2001-08-02,7.615,6746,104,,1135.311211764706,standalone
10483,Death Race,45000000.0,76000000,"['Action', 'Thriller', 'Science Fiction']",True,2008-08-22,6.28,3897,105,Death Race Collection,68.88888888888889,starter
433808,The Ritual,1000000.0,1786396,"['Horror', 'Thriller', 'Mystery']",False,2017-10-11,6.267,3158,94,,78.6396,standalone
77950,Turbo,135000000.0,282570682,"['Animation', 'Family']",False,2013-07-11,6.258,3494,96,,109.3116162962963,standalone
871,Planet of the Apes,5800000.0,32589624,"['Science Fiction', 'Adventure', 'Drama', 'Action']",True,1968-02-07,7.646,3700,112,Planet of the Apes (Original) Collection,461.89006896551723,starter
22794,Cloudy with a Chance of Meatballs,100000000.0,242988466,"['Animation', 'Comedy', 'Family']",True,2009-09-17,6.641,6140,90,Cloudy with a Chance of Meatballs Collection,142.988466,starter
1891,The Empire Strikes Back,18000000.0,538400000,"['Adventure', 'Action', 'Science Fiction']",True,1980-05-20,8.396,17520,124,Star Wars Collection,2891.1111111111113,subsequent
76,Before Sunrise,2500000.0,5987386,"['Drama', 'Romance']",True,1995-01-27,7.967,4329,101,Before... Collection,139.49544,starter
81188,Rise of the Guardians,145000000.0,306941670,"['Animation', 'Family', 'Fantasy']",False,2012-11-21,7.367,6884,97,,111.68391034482758,standalone
2251,Unfaithful,50000000.0,119137784,"['Thriller', 'Drama', 'Romance']",False,2002-05-10,6.7,1594,124,,138.275568,standalone
308266,War Dogs,50000000.0,86234523,"['Comedy', 'Crime', 'Drama']",False,2016-08-18,6.927,5119,114,,72.469046,standalone
675445,PAW Patrol: The Movie,26000000.0,144327371,"['Family', 'Comedy', 'Adventure', 'Animation']",True,2021-08-09,7.4,1235,86,PAW Patrol (Theatrical) Collection,455.105273076923,starter
850165,The Iron Claw,15900000.0,40130232,"['History', 'Drama']",False,2023-12-21,7.546,1045,132,,152.39139622641508,standalone
81005,Jack the Giant Slayer,195000000.0,197700000,"['Fantasy', 'Action', 'Adventure', 'Drama']",False,2013-02-27,5.859,5002,114,,1.3846153846153846,standalone
7555,Rambo,50000000.0,113200000,"['Action', 'Thriller', 'War']",True,2008-01-24,6.685,4040,92,Rambo Collection,126.4,subsequent
324852,Despicable Me 3,80000000.0,1034800131,"['Action', 'Animation', 'Comedy', 'Family', 'Adventure']",True,2017-06-15,6.467,7343,90,Despicable Me Collection,1193.50016375,subsequent
858017,I Saw the TV Glow,10000000.0,5396508,"['Drama', 'Horror']",False,2024-05-03,6.0,513,100,,-46.03492,standalone
450465,Glass,20000000.0,246999039,"['Thriller', 'Drama', 'Science Fiction']",False,2019-01-16,6.7,8702,129,,1134.995195,standalone
601796,Alienoid,24500000.0,12109608,"['Science Fiction', 'Action', 'Fantasy', 'Adventure']",True,2022-07-20,6.844,477,142,Alienoid Collection,-50.573028571428566,starter
522938,Rambo: Last Blood,50000000.0,91500000,"['Action', 'Thriller', 'Drama']",True,2019-09-19,6.5,4015,89,Rambo Collection,83.0,subsequent
435,The Day After Tomorrow,125000000.0,552639571,"['Action', 'Adventure', 'Science Fiction', 'Thriller']",False,2004-05-26,6.544,8378,123,,342.1116568,standalone
9837,The Prince of Egypt,70000000.0,218613188,"['Adventure', 'Animation', 'Drama', 'Family']",True,1998-12-16,7.29,4086,99,DreamWorks Bible Stories Collection,212.30455428571426,starter
1016121,Beautiful Disaster,25000000.0,6850036,"['Romance', 'Drama', 'Comedy']",True,2023-04-04,6.661,834,96,Beautiful Disaster Collection,-72.599856,starter
664,Twister,92000000.0,494471524,"['Action', 'Adventure', 'Drama']",True,1996-05-10,6.543,3592,113,Twister Collection,437.4690478260869,starter
87827,Life of Pi,120000000.0,609016565,"['Adventure', 'Drama']",False,2012-11-20,7.406,13325,127,,407.51380416666666,standalone
557950,Mainstream,5000000.0,49638,"['Comedy', 'Drama']",False,2021-05-07,6.366,343,95,,-99.00724,standalone
13475,Star Trek,150000000.0,386839614,"['Science Fiction', 'Action', 'Adventure']",True,2009-05-06,7.429,10072,127,Star Trek: Alternate Reality Collection,157.893076,starter
826510,Harold and the Purple Crayon,40000000.0,32227855,"['Family', 'Comedy', 'Adventure', 'Fantasy']",False,2024-07-31,6.729,301,90,,-19.4303625,standalone
206647,Spectre,245000000.0,880707597,"['Action', 'Adventure', 'Thriller']",True,2015-10-26,6.56,10760,148,James Bond Collection,259.4724885714286,subsequent
770,Gone with the Wind,4000000.0,402352579,"['Drama', 'War', 'Romance']",False,1939-12-15,7.929,4157,233,,9958.814475,standalone
137116,Smurfs: The Lost Village,60000000.0,197183546,"['Family', 'Comedy', 'Adventure', 'Animation']",False,2017-03-23,6.3,1480,89,,228.63924333333335,standalone
3170,Bambi,858000.0,267447150,"['Animation', 'Drama', 'Family']",True,1942-08-14,7.0,5794,69,Bambi Collection,31070.996503496503,starter
404368,Ralph Breaks the Internet,175000000.0,529323962,"['Family', 'Animation', 'Comedy', 'Adventure']",True,2018-11-20,7.174,7758,112,Wreck-It Ralph Collection,202.47083542857146,subsequent
686,Contact,90000000.0,171120329,"['Drama', 'Science Fiction', 'Mystery']",False,1997-07-11,7.435,4656,150,,90.13369888888889,standalone
64682,The Great Gatsby,105000000.0,351040419,"['Drama', 'Romance']",False,2013-05-09,7.363,12506,143,,234.32420857142856,standalone
1592,Primal Fear,30000000.0,102600000,"['Crime', 'Drama', 'Mystery', 'Thriller']",False,1996-03-06,7.658,3561,129,,242.0,standalone
2668,Sleepy Hollow,100000000.0,206071526,"['Fantasy', 'Thriller', 'Mystery', 'Horror']",False,1999-11-19,7.184,6987,105,,106.071526,standalone
8960,Hancock,150000000.0,629400000,"['Fantasy', 'Action']",False,2008-07-01,6.348,9816,92,,319.6,standalone
665,Ben-Hur,15000000.0,164000000,"['History', 'Drama', 'Adventure', 'Action']",False,1959-11-18,7.89,2914,222,,993.3333333333334,standalone
7980,The Lovely Bones,65000000.0,93600000,"['Fantasy', 'Drama']",False,2009-12-26,7.069,4748,136,,44.0,standalone
185,A Clockwork Orange,2200000.0,27033812,"['Science Fiction', 'Crime']",False,1971-12-19,8.187,13236,137,,1128.8096363636364,standalone
1026436,Miller's Girl,4000000.0,1430985,"['Thriller', 'Comedy', 'Drama']",False,2024-01-18,6.381,832,93,,-64.225375,standalone
37169,The Human Centipede (First Sequence),2000000.0,252207,['Horror'],True,2009-10-31,5.212,2248,91,The Human Centipede Collection,-87.38965,starter
82507,Sinister,3000000.0,82515113,"['Horror', 'Thriller', 'Mystery']",True,2012-03-29,6.868,5697,110,Sinister Collection,2650.5037666666667,starter
673593,Mean Girls,36000000.0,104970953,['Comedy'],False,2024-01-10,5.919,626,113,,191.58598055555555,standalone
788,Mrs. Doubtfire,25000000.0,441286195,"['Comedy', 'Drama', 'Family']",False,1993-11-24,7.194,6290,125,,1665.14478,standalone
411088,The Invisible Guest,4000000.0,30000000,"['Drama', 'Mystery', 'Thriller']",False,2017-01-06,8.096,4699,107,,650.0,standalone
1040148,"Ruby Gillman, Teenage Kraken",70000000.0,46247409,"['Animation', 'Family', 'Fantasy', 'Comedy']",False,2023-06-28,7.197,1044,91,,-33.932272857142856,standalone
12244,9,30000000.0,48428063,"['Action', 'Adventure', 'Animation', 'Science Fiction', 'Thriller']",False,2009-08-19,6.929,3657,79,,61.426876666666665,standalone
68735,Warcraft,160000000.0,433677183,"['Action', 'Adventure', 'Fantasy']",False,2016-05-25,6.4,6954,123,,171.048239375,standalone
11619,Flushed Away,149000000.0,178120010,"['Adventure', 'Animation', 'Comedy', 'Family']",False,2006-10-22,6.311,3912,84,,19.543630872483224,standalone
2454,The Chronicles of Narnia: Prince Caspian,225000000.0,419665568,"['Adventure', 'Family', 'Fantasy']",True,2008-05-15,6.619,6509,150,The Chronicles of Narnia Collection,86.51803022222222,subsequent
739405,Operation Fortune: Ruse de Guerre,50000000.0,48983306,"['Action', 'Comedy', 'Thriller']",False,2023-01-04,6.486,1692,113,,-2.033388,standalone
843,In the Mood for Love,3000000.0,15867968,"['Drama', 'Romance']",True,2000-09-29,8.103,2959,98,In The Mood for Love,428.9322666666667,starter
63,Twelve Monkeys,29000000.0,168841459,"['Science Fiction', 'Thriller', 'Mystery']",False,1995-12-29,7.602,8617,129,,482.2119275862069,standalone
19404,Dilwale Dulhania Le Jayenge,13200000.0,100000000,"['Comedy', 'Drama', 'Romance']",False,1995-10-20,8.518,4496,190,,657.5757575757576,standalone
10112,The Aristocats,4000000.0,191000000,"['Animation', 'Comedy', 'Family', 'Adventure']",False,1970-12-24,7.29,5169,78,,4675.0,standalone
8467,Dumb and Dumber,16000000.0,247275374,['Comedy'],True,1994-12-16,6.636,6323,107,Dumb and Dumber Collection,1445.4710875,starter
9297,Monster House,75000000.0,140175006,"['Animation', 'Comedy', 'Family', 'Fantasy']",False,2006-06-30,6.691,4092,91,,86.900008,standalone
287947,Shazam!,80000000.0,367799011,"['Action', 'Comedy', 'Fantasy']",True,2019-03-29,6.992,9766,132,Shazam! Collection,359.74876375,starter
879,Hook,70000000.0,300854823,"['Adventure', 'Fantasy', 'Comedy', 'Family']",False,1991-04-10,6.837,5438,141,,329.7926042857143,standalone
8656,Deep Impact,75000000.0,349464664,"['Action', 'Drama', 'Science Fiction']",False,1998-05-08,6.235,3103,121,,365.9528853333333,standalone
924,Dawn of the Dead,26000000.0,102278712,"['Horror', 'Action']",False,2004-03-19,7.1,4180,101,,293.3796615384615,standalone
11013,Secretary,4000000.0,9300000,"['Romance', 'Drama', 'Comedy']",False,2002-09-20,6.8,1725,111,,132.5,standalone
220289,Coherence,50000.0,139745,"['Thriller', 'Science Fiction']",True,2013-09-19,7.226,3086,89,Coherence Collection,179.48999999999998,starter
400155,Hotel Transylvania 3: Summer Vacation,80000000.0,528600000,"['Animation', 'Comedy', 'Family', 'Fantasy']",True,2018-06-28,6.851,4536,97,Hotel Transylvania Collection,560.75,subsequent
948,Halloween,325000.0,70260597,"['Horror', 'Thriller']",True,1978-10-24,7.563,5823,91,Halloween Collection,21518.64523076923,starter
7446,Tropic Thunder,92000000.0,195702811,"['Action', 'Comedy', 'Adventure', 'War']",False,2008-08-09,6.692,6472,107,,112.72044673913044,standalone
1892,Return of the Jedi,32350000.0,572700000,"['Adventure', 'Action', 'Science Fiction']",True,1983-05-25,7.905,16171,132,Star Wars Collection,1670.32457496136,subsequent
187017,22 Jump Street,50000000.0,331333876,"['Crime', 'Comedy', 'Action']",True,2014-06-05,6.831,8122,112,Jump Street Collection,562.6677520000001,subsequent
9444,Anastasia,53000000.0,139804348,"['Animation', 'Family', 'Fantasy', 'Adventure']",True,1997-11-20,7.611,5394,94,Anastasia Collection,163.7817886792453,starter
424694,Bohemian Rhapsody,52000000.0,910813521,"['Music', 'Drama']",False,2018-10-24,7.972,17196,135,,1651.5644634615385,standalone
1062807,SPY x FAMILY CODE: White,5000000.0,59629242,"['Animation', 'Comedy', 'Adventure', 'Action']",False,2023-12-22,7.047,549,110,,1092.58484,standalone
599975,Countdown,6500000.0,48021766,"['Horror', 'Thriller']",False,2019-10-24,6.237,2183,90,,638.7964000000001,standalone
9792,The Hills Have Eyes,15000000.0,69623713,"['Horror', 'Thriller']",True,2006-03-10,6.4,3130,107,The Hills Have Eyes (Reboot) Collection,364.1580866666667,starter
10528,Sherlock Holmes,90000000.0,524028679,"['Action', 'Adventure', 'Crime', 'Mystery']",True,2009-12-23,7.216,14240,129,Sherlock Holmes Collection,482.2540877777778,starter
979,Irreversible,3500000.0,6500000,"['Drama', 'Thriller', 'Crime']",False,2002-05-22,7.202,3049,94,,85.71428571428571,standalone
9325,The Jungle Book,4000000.0,378000000,"['Family', 'Animation', 'Adventure']",True,1967-10-18,7.278,6399,78,The Jungle Book Collection,9350.0,starter
4256,Scary Movie 3,48000000.0,220673217,['Comedy'],True,2003-10-24,5.967,4209,84,Scary Movie Collection,359.73586875,subsequent
710,GoldenEye,60000000.0,352194034,"['Adventure', 'Action', 'Thriller']",True,1995-11-16,6.893,4040,130,James Bond Collection,486.9900566666667,subsequent
458723,Us,20000000.0,256067149,"['Horror', 'Mystery', 'Thriller']",False,2019-03-14,6.958,7625,116,,1180.335745,standalone
70160,The Hunger Games,75000000.0,694394724,"['Science Fiction', 'Adventure', 'Action']",True,2012-03-12,7.217,22477,142,The Hunger Games Collection,825.859632,starter
639933,The Northman,70000000.0,69633110,"['Action', 'Adventure', 'Fantasy']",False,2022-04-07,7.044,4597,137,,-0.5241285714285714,standalone
755,From Dusk Till Dawn,19000000.0,25800000,"['Horror', 'Action', 'Thriller', 'Crime']",True,1996-01-19,7.028,6121,108,From Dusk Till Dawn Collection,35.78947368421053,starter
560016,Monkey Man,10000000.0,35271631,"['Action', 'Thriller']",False,2024-04-03,6.907,1163,121,,252.71631000000002,standalone
296,Terminator 3: Rise of the Machines,200000000.0,435000000,"['Action', 'Thriller', 'Science Fiction']",True,2003-07-02,6.177,6862,109,The Terminator Collection,117.5,subsequent
1028196,Nickel Boys,23200000.0,3016380,['Drama'],False,2024-12-13,6.6,267,140,,-86.99836206896552,standalone
20504,The Book of Eli,80000000.0,157107755,"['Action', 'Thriller', 'Science Fiction']",False,2010-01-14,6.792,6318,118,,96.38469375,standalone
9982,Chicken Little,150000000.0,314400000,"['Animation', 'Family', 'Comedy']",False,2005-11-04,5.899,3987,81,,109.60000000000001,standalone
97,Tron,17000000.0,33000000,"['Science Fiction', 'Action', 'Adventure']",True,1982-07-09,6.647,2407,95,TRON Collection,94.11764705882352,starter
2322,Sneakers,23000000.0,105232691,"['Comedy', 'Crime', 'Drama']",False,1992-09-09,6.9,961,126,,357.5334391304348,standalone
10140,The Chronicles of Narnia: The Voyage of the Dawn Treader,155000000.0,415686217,"['Adventure', 'Family', 'Fantasy']",True,2010-12-02,6.438,5687,113,The Chronicles of Narnia Collection,168.18465612903225,subsequent
460465,Mortal Kombat,20000000.0,84426031,"['Action', 'Fantasy', 'Adventure']",True,2021-04-07,7.018,6003,110,Mortal Kombat (Reboot) Collection,322.130155,starter
43947,I Spit on Your Grave,2000000.0,572809,"['Thriller', 'Crime', 'Horror']",True,2010-06-17,6.513,2389,103,I Spit on Your Grave Collection,-71.35955,starter
5689,The Blue Lagoon,4500000.0,58853106,"['Romance', 'Adventure']",True,1980-07-05,6.155,1893,104,The Blue Lagoon Collection,1207.8468,starter
627,Trainspotting,4000000.0,71981823,"['Drama', 'Crime']",True,1996-02-23,7.962,9921,94,Trainspotting Collection,1699.545575,starter
927,Gremlins,11000000.0,153083102,"['Fantasy', 'Horror', 'Comedy']",True,1984-06-08,7.134,6590,106,The Gremlins Collection,1291.6645636363637,starter
433,Mary Poppins,4650000.0,103100000,"['Comedy', 'Family', 'Fantasy']",True,1964-12-17,7.564,4792,139,Mary Poppins Collection,2117.2043010752686,starter
514847,The Hunt,14000000.0,10550350,"['Action', 'Thriller', 'Horror']",False,2020-03-11,6.628,3370,90,,-24.64035714285714,standalone
49797,I Saw the Devil,6000000.0,12966357,"['Thriller', 'Horror']",False,2010-08-12,7.798,2741,142,,116.10594999999999,standalone
46529,I Am Number Four,50000000.0,149900000,"['Action', 'Thriller', 'Science Fiction', 'Adventure']",False,2011-02-18,6.181,4759,109,,199.8,standalone
137106,The Lego Movie,60000000.0,470759687,"['Animation', 'Family', 'Adventure', 'Comedy', 'Fantasy']",True,2014-02-06,7.42,8057,100,The Lego Movie Collection,684.5994783333333,starter
897087,Freelance,40000000.0,9112817,"['Action', 'Comedy']",False,2023-10-05,6.436,1051,108,,-77.2179575,standalone
4347,Atonement,30000000.0,131016624,"['Drama', 'Romance']",False,2007-02-27,7.6,4413,123,,336.72208,standalone
290859,Terminator: Dark Fate,185000000.0,261119292,"['Science Fiction', 'Action', 'Adventure', 'Thriller']",True,2019-10-23,6.418,5325,128,The Terminator Collection,41.145563243243245,subsequent
317442,The Last: Naruto the Movie,750000.0,19840000,"['Action', 'Romance', 'Animation']",True,2014-12-06,7.456,2328,114,Naruto Collection,2545.3333333333335,starter
661374,Glass Onion: A Knives Out Mystery,40000000.0,15000000,"['Comedy', 'Crime', 'Mystery']",True,2022-11-23,7.05,5963,140,Knives Out Collection,-62.5,subsequent
7443,Chicken Run,45000000.0,224834564,"['Animation', 'Comedy', 'Family']",True,2000-06-23,6.831,5180,84,Chicken Run Collection,399.6323644444444,starter
941,Lethal Weapon,15000000.0,120207127,"['Adventure', 'Action', 'Comedy', 'Thriller', 'Crime']",True,1987-03-06,7.287,4728,110,Lethal Weapon Collection,701.3808466666666,starter
18823,Clash of the Titans,125000000.0,493214993,"['Adventure', 'Fantasy', 'Action']",True,2010-03-26,5.915,6393,106,Clash of the Titans Collection,294.5719944,starter
10096,13 Going on 30,37000000.0,96500000,"['Comedy', 'Fantasy', 'Romance']",False,2004-04-13,6.759,5283,98,,160.8108108108108,standalone
600,Full Metal Jacket,30000000.0,46357676,"['Drama', 'War']",False,1987-06-26,8.122,10874,117,,54.52558666666667,standalone
97020,RoboCop,120000000.0,242688965,"['Science Fiction', 'Action', 'Crime']",False,2014-01-30,5.878,5602,118,,102.24080416666668,standalone
406997,Wonder,20000000.0,315025930,"['Family', 'Drama']",True,2017-11-13,8.118,8026,113,Wonder Collection,1475.12965,starter
300671,13 Hours: The Secret Soldiers of Benghazi,50000000.0,69411370,"['War', 'Action', 'History', 'Drama', 'Thriller']",False,2016-01-14,7.272,3717,144,,38.82274,standalone
165,Back to the Future Part II,40000000.0,332000000,"['Adventure', 'Comedy', 'Science Fiction']",True,1989-11-22,7.775,13244,108,Back to the Future Collection,730.0,subsequent
137,Groundhog Day,14600000.0,71108778,"['Romance', 'Fantasy', 'Drama', 'Comedy']",False,1993-02-11,7.615,8330,101,,387.04642465753426,standalone
8922,Jeepers Creepers,10000000.0,59217789,['Horror'],True,2001-07-01,6.472,3098,90,Jeepers Creepers Collection,492.17788999999993,starter
972533,Last Breath,23800000.0,22761967,"['Drama', 'Thriller']",False,2025-02-27,7.011,351,93,,-4.361483193277311,standalone
1541,Thelma & Louise,16000000.0,45361000,"['Drama', 'Thriller', 'Crime', 'Adventure']",False,1991-05-24,7.599,3605,130,,183.50625,standalone
9336,Police Academy,4500000.0,81198894,"['Comedy', 'Crime']",True,1984-03-22,6.692,2785,97,Police Academy Collection,1704.4198666666666,starter
3110,Shane,3100000.0,20000000,"['Drama', 'Western']",False,1953-04-23,7.37,640,118,,545.1612903225806,standalone
100402,Captain America: The Winter Soldier,170000000.0,714766572,"['Action', 'Adventure', 'Science Fiction']",True,2014-03-20,7.656,19233,136,Captain America Collection,320.45092470588236,subsequent
1013850,A Real Pain,3000000.0,24856027,"['Comedy', 'Drama']",False,2024-11-01,6.755,1063,90,,728.5342333333333,standalone
8839,Casper,50000000.0,287928194,"['Fantasy', 'Comedy', 'Family']",True,1995-05-26,6.327,4677,100,Casper Collection,475.856388,starter
628,Interview with the Vampire,60000000.0,223664608,"['Horror', 'Drama', 'Fantasy']",True,1994-11-11,7.382,6056,123,The Vampire Chronicles Collection,272.77434666666664,starter
1894,Star Wars: Episode II - Attack of the Clones,120000000.0,649398328,"['Adventure', 'Action', 'Science Fiction']",True,2002-05-15,6.6,13664,142,Star Wars Collection,441.1652733333334,subsequent
581392,Peninsula,17000000.0,42698327,"['Horror', 'Action', 'Thriller', 'Adventure']",True,2020-07-15,6.747,2439,115,Train to Busan Collection,151.16662941176472,subsequent
10802,Showgirls,45000000.0,20367472,['Drama'],True,1995-09-22,5.6,1287,131,Showgirls Collection,-54.73895111111111,starter
22832,Ninja Assassin,40000000.0,61601280,"['Action', 'Adventure', 'Thriller']",False,2009-09-29,6.7,1622,99,,54.00319999999999,standalone
608,Men in Black II,140000000.0,445135288,"['Action', 'Comedy', 'Science Fiction']",True,2002-07-03,6.379,10180,88,Men In Black Collection,217.95377714285715,subsequent
281338,War for the Planet of the Apes,150000000.0,490719763,"['Drama', 'Science Fiction', 'War']",True,2017-07-11,7.208,9293,140,Planet of the Apes (Reboot) Collection,227.14650866666668,subsequent
6114,Bram Stoker's Dracula,40000000.0,215862692,"['Romance', 'Horror']",False,1992-11-13,7.448,5363,128,,439.65673,standalone
11360,Dumbo,812000.0,1600000,"['Animation', 'Family']",False,1941-10-31,6.997,5086,64,,97.04433497536947,standalone
1008409,The Bikeriders,40000000.0,36110860,"['Crime', 'Drama']",False,2024-06-19,6.696,941,116,,-9.72285,standalone
451048,Jungle Cruise,200000000.0,220889446,"['Fantasy', 'Adventure']",False,2021-07-28,7.337,5855,127,,10.444723,standalone
330459,Rogue One: A Star Wars Story,200000000.0,1056057273,"['Action', 'Adventure', 'Science Fiction']",False,2016-12-14,7.501,15731,133,,428.0286365,standalone
15121,The Sound of Music,8200000.0,286214286,"['Drama', 'Family', 'Music', 'Romance']",False,1965-03-29,7.733,3401,174,,3390.4181219512197,standalone
495764,Birds of Prey (and the Fantabulous Emancipation of One Harley Quinn),75000000.0,205537933,"['Action', 'Crime']",False,2020-02-05,6.898,10449,109,,174.05057733333334,standalone
43949,Flipped,14000000.0,4324817,"['Romance', 'Drama']",False,2010-08-06,8.026,3147,89,,-69.10845,standalone
700391,65,45000000.0,60730568,"['Action', 'Adventure', 'Science Fiction']",False,2023-03-02,6.0,2591,92,,34.95681777777778,standalone
11249,Seed of Chucky,12000000.0,24829644,"['Horror', 'Comedy']",True,2004-11-12,5.476,1671,88,Child's Play Collection,106.9137,subsequent
11697,The Man Who Shot Liberty Valance,3200000.0,8000000,['Western'],False,1962-04-13,7.806,1206,123,,150.0,standalone
71552,American Reunion,50000000.0,234989584,['Comedy'],True,2012-04-04,6.3,4502,113,American Pie Collection,369.979168,subsequent
241259,Alice Through the Looking Glass,170000000.0,299457024,"['Adventure', 'Family', 'Fantasy']",True,2016-05-25,6.563,6534,113,Alice in Wonderland Collection,76.1511905882353,subsequent
360920,The Grinch,75000000.0,508600000,"['Family', 'Fantasy', 'Comedy', 'Animation']",False,2018-11-08,6.866,4202,85,,578.1333333333333,standalone
3558,"Girl, Interrupted",40000000.0,48350205,['Drama'],False,1999-12-21,7.567,3945,127,,20.875512500000003,standalone
565,The Ring,48000000.0,249348933,"['Horror', 'Mystery']",True,2002-10-18,6.681,6330,115,The Ring Collection,419.47694375,starter
12405,Slumdog Millionaire,15000000.0,378400000,"['Drama', 'Romance']",False,2008-11-12,7.732,10825,120,,2422.6666666666665,standalone
4133,Blow,53000000.0,83300000,"['Crime', 'Drama']",False,2001-04-04,7.358,4399,124,,57.16981132075472,standalone
8273,American Wedding,55000000.0,231449203,"['Comedy', 'Romance']",True,2003-08-01,6.214,4168,103,American Pie Collection,320.8167327272727,subsequent
558,Spider-Man 2,200000000.0,788976453,"['Action', 'Adventure', 'Science Fiction']",True,2004-06-25,7.294,15574,127,Spider-Man Collection,294.4882265,subsequent
747,Shaun of the Dead,6000000.0,39396175,"['Horror', 'Comedy']",False,2004-04-09,7.537,8779,99,,556.6029166666667,standalone
9659,Mad Max,350000.0,100000000,"['Adventure', 'Action', 'Thriller', 'Science Fiction']",True,1979-04-12,6.682,4643,91,Mad Max Collection,28471.428571428572,starter
264660,Ex Machina,15000000.0,36869414,"['Drama', 'Science Fiction']",False,2015-01-21,7.573,13601,108,,145.79609333333335,standalone
339964,Valerian and the City of a Thousand Planets,177200000.0,225973340,"['Adventure', 'Science Fiction', 'Action']",False,2017-07-19,6.631,7662,137,,27.524458239277656,standalone
9531,Superman III,39000000.0,80250623,"['Comedy', 'Science Fiction', 'Action', 'Adventure']",True,1983-06-17,5.506,1753,125,Superman Collection,105.7708282051282,subsequent
587807,Tom & Jerry,50000000.0,136536687,"['Comedy', 'Family', 'Animation']",False,2021-02-10,6.765,2484,101,,173.073374,standalone
65754,The Girl with the Dragon Tattoo,90000000.0,232617430,"['Thriller', 'Crime', 'Mystery']",True,2011-12-14,7.375,7211,158,The Girl - Millennium Collection,158.4638111111111,starter
189,Sin City: A Dame to Kill For,65000000.0,39407616,"['Action', 'Crime', 'Thriller']",True,2014-08-20,6.392,3952,102,Sin City Collection,-39.37289846153846,subsequent
974635,Hit Man,8800000.0,5101673,"['Comedy', 'Romance', 'Crime']",False,2024-05-16,6.819,1344,116,,-42.02644318181818,standalone
127380,Finding Dory,200000000.0,1028600000,"['Adventure', 'Animation', 'Comedy', 'Family']",True,2016-06-16,7.04,12287,97,Finding Nemo Collection,414.29999999999995,subsequent
8456,Never Back Down,20000000.0,41627431,"['Drama', 'Action']",True,2008-03-04,6.776,2370,115,Never Back Down Collection,108.137155,starter
1635,The Island,126000000.0,162949164,"['Action', 'Thriller', 'Science Fiction', 'Adventure']",False,2005-07-21,6.681,5557,136,,29.324733333333334,standalone
15512,Monsters vs Aliens,175000000.0,381509870,"['Animation', 'Family', 'Adventure', 'Science Fiction']",False,2009-03-19,6.223,4749,94,,118.00564,standalone
8009,Highlander,19000000.0,12900000,"['Adventure', 'Action', 'Fantasy']",True,1986-03-07,6.879,2718,116,Highlander Collection,-32.10526315789474,starter
116149,Paddington,55000000.0,326088587,"['Comedy', 'Adventure', 'Family']",True,2014-11-24,7.11,3928,95,Paddington Collection,492.88834,starter
415,Batman & Robin,125000000.0,238207122,"['Action', 'Science Fiction', 'Adventure']",True,1997-06-20,4.372,5147,125,Batman Collection,90.5656976,subsequent
146216,RED 2,84000000.0,148075565,"['Action', 'Comedy', 'Crime', 'Thriller']",True,2013-07-18,6.529,4129,116,RED Collection,76.28043452380953,subsequent
227700,Anna,4357373.0,1200000,"['Thriller', 'Drama']",False,2013-10-13,6.483,674,99,,-72.46047102233388,standalone
76163,The Expendables 2,100000000.0,314975955,"['Action', 'Adventure', 'Thriller']",True,2012-08-08,6.347,6868,103,The Expendables Collection,214.97595500000003,subsequent
856289,Creation of the Gods I: Kingdom of Storms,85000000.0,369081777,"['Action', 'Fantasy', 'War']",True,2023-07-15,7.1,423,148,Creation of the Gods Trilogy,334.21385529411765,starter
644,A.I. Artificial Intelligence,100000000.0,235926552,"['Drama', 'Science Fiction', 'Adventure']",False,2001-06-29,7.047,6322,146,,135.926552,standalone
11397,Not Another Teen Movie,16000000.0,66468332,['Comedy'],False,2001-12-07,5.797,2143,89,,315.427075,standalone
9016,Treasure Planet,140000000.0,109578115,"['Science Fiction', 'Adventure', 'Animation', 'Family', 'Fantasy']",False,2002-11-26,7.561,4359,96,,-21.72991785714286,standalone
290250,The Nice Guys,50000000.0,71261763,"['Comedy', 'Crime', 'Action']",False,2016-05-15,7.125,8162,116,,42.523526000000004,standalone
4476,Legends of the Fall,30000000.0,160638883,"['Drama', 'Western', 'Romance', 'War', 'Action']",False,1994-12-23,7.395,2681,133,,435.4629433333334,standalone
446893,Trolls World Tour,90000000.0,49276818,"['Family', 'Animation', 'Comedy', 'Fantasy', 'Adventure', 'Music']",True,2020-03-11,7.278,2195,91,The Trolls Collection,-45.24798,subsequent
531428,Portrait of a Lady on Fire,5740000.0,9923127,"['Drama', 'Romance', 'History']",False,2019-09-18,8.115,2716,121,,72.87677700348432,standalone
1267,Meet the Robinsons,150000000.0,169332978,"['Animation', 'Comedy', 'Family']",False,2007-03-23,6.924,2957,95,,12.888652,standalone
1182047,The Apprentice,16000000.0,17271613,"['History', 'Drama']",False,2024-10-09,6.905,700,122,,7.947581250000001,standalone
5876,The Mist,18000000.0,57470220,"['Horror', 'Science Fiction', 'Thriller']",False,2007-02-21,6.939,5444,126,,219.279,standalone
228161,Home,135000000.0,368871007,"['Fantasy', 'Comedy', 'Animation', 'Science Fiction', 'Family']",False,2015-03-18,6.793,4055,94,,173.23778296296297,standalone
310307,The Founder,15000000.0,24121245,"['Drama', 'History']",False,2016-11-24,7.133,5115,115,,60.8083,standalone
184315,Hercules,100000000.0,244819862,"['Action', 'Adventure']",False,2014-07-23,5.786,4161,98,,144.819862,standalone
276907,Legend,25000000.0,42972994,"['Crime', 'Thriller']",False,2015-09-09,7.06,4005,132,,71.891976,standalone
238636,The Purge: Anarchy,9000000.0,111928365,"['Horror', 'Thriller']",True,2014-07-17,6.63,6496,103,The Purge Collection,1143.6485,subsequent
116711,Epic,100000000.0,268426634,"['Animation', 'Adventure', 'Family', 'Fantasy']",False,2013-05-15,6.538,2817,102,,168.426634,standalone
500664,Upgrade,5000000.0,16706680,"['Action', 'Thriller', 'Science Fiction']",False,2018-05-31,7.496,4610,100,,234.1336,standalone
153518,The Angry Birds Movie,73000000.0,349779543,"['Animation', 'Adventure', 'Comedy', 'Family']",True,2016-05-11,6.235,3767,97,The Angry Birds Collection,379.1500589041096,starter
109451,Cloudy with a Chance of Meatballs 2,78000000.0,248384621,"['Animation', 'Family', 'Comedy']",True,2013-09-26,6.443,3305,94,Cloudy with a Chance of Meatballs Collection,218.44182179487183,subsequent
1012201,HAIKYU!! The Dumpster Battle,5000000.0,100255784,"['Animation', 'Comedy']",True,2024-02-16,7.609,192,85,HAIKYU!! Collection,1905.11568,starter
8204,The Spiderwick Chronicles,90000000.0,164200000,"['Family', 'Adventure', 'Fantasy', 'Drama']",False,2008-02-14,6.661,2712,95,,82.44444444444444,standalone
27582,The Mechanic,40000000.0,51070807,"['Action', 'Thriller', 'Crime']",True,2011-01-13,6.523,3366,93,Mechanic Collection,27.6770175,starter
567609,Ready or Not,6000000.0,57600000,"['Horror', 'Comedy']",True,2019-08-21,7.037,4843,95,Ready or Not Collection,860.0,starter
857598,Pushpa 2 - The Rule,52900000.0,204950000,"['Action', 'Drama', 'Thriller', 'Crime']",True,2024-12-04,6.6,76,224,Pushpa Collection,287.4291115311909,starter
658,Goldfinger,3000000.0,124900000,"['Adventure', 'Action', 'Thriller']",True,1964-09-20,7.354,3703,110,James Bond Collection,4063.3333333333335,subsequent
116745,The Secret Life of Walter Mitty,90000000.0,188133322,"['Adventure', 'Comedy', 'Drama', 'Fantasy']",False,2013-12-18,7.2,7827,114,,109.03702444444446,standalone
300669,Don't Breathe,9900000.0,158906350,"['Horror', 'Thriller']",True,2016-06-08,7.016,7628,89,Don't Breathe Collection,1505.1146464646465,starter
228967,The Interview,44000000.0,12342632,"['Action', 'Comedy']",False,2014-12-25,6.2,5944,113,,-71.94856363636364,standalone
114150,Pitch Perfect,17000000.0,115647426,"['Comedy', 'Music', 'Romance']",True,2012-09-28,7.282,6652,112,Pitch Perfect Collection,580.2789764705882,starter
10585,Child's Play,9000000.0,44196684,['Horror'],True,1988-11-09,6.724,3109,87,Child's Play Collection,391.0742666666667,starter
1573,Die Hard 2,70000000.0,240031094,"['Action', 'Thriller']",True,1990-07-03,6.958,6025,124,Die Hard Collection,242.90156285714284,subsequent
9390,Jerry Maguire,50000000.0,273600000,"['Comedy', 'Drama', 'Romance']",False,1996-12-13,6.967,3433,139,,447.20000000000005,standalone
277,Underworld,22000000.0,95708457,"['Fantasy', 'Action', 'Thriller']",True,2003-09-19,6.835,6304,122,Underworld Collection,335.0384409090909,starter
9495,The Crow,23000000.0,93722164,"['Fantasy', 'Action', 'Thriller']",True,1994-05-11,7.5,4254,102,The Crow Collection,307.4876695652174,starter
1317088,The Assessment,8000000.0,279328,"['Science Fiction', 'Drama', 'Thriller']",False,2025-03-21,6.807,238,114,,-96.50840000000001,standalone
3131,Gangs of New York,100000000.0,193772504,"['Drama', 'History', 'Crime']",False,2002-12-14,7.317,6803,168,,93.772504,standalone
9741,Unbreakable,75000000.0,248118121,"['Thriller', 'Drama', 'Mystery']",False,2000-11-22,7.145,9507,106,,230.82416133333334,standalone
243684,"Men, Women & Children",16000000.0,1700000,"['Drama', 'Comedy']",False,2014-10-17,6.437,916,116,,-89.375,standalone
278924,Mechanic: Resurrection,40000000.0,125729635,"['Action', 'Crime', 'Thriller']",True,2016-08-25,6.024,3447,98,Mechanic Collection,214.32408750000002,subsequent
81,Nausicaä of the Valley of the Wind,1000000.0,9016411,"['Adventure', 'Animation', 'Fantasy']",False,1984-03-11,8.0,3769,117,,801.6410999999999,standalone
2057,Original Sin,42000000.0,35402320,"['Thriller', 'Drama', 'Mystery', 'Romance']",False,2001-05-08,6.1,842,116,,-15.708761904761905,standalone
513310,Boss Level,45000000.0,2000000,"['Action', 'Science Fiction', 'Thriller']",False,2021-02-19,6.867,1723,101,,-95.55555555555556,standalone
82695,Les Misérables,61000000.0,442636309,"['History', 'Drama']",False,2012-12-18,7.318,5380,158,,625.633293442623,standalone
417859,Puss in Boots,130000000.0,554987477,"['Animation', 'Family', 'Fantasy', 'Adventure', 'Comedy', 'Action']",True,2011-10-27,6.582,4243,90,Puss in Boots Collection,326.9134438461538,starter
187,Sin City,40000000.0,158733820,"['Crime', 'Action']",True,2005-04-01,7.464,8375,124,Sin City Collection,296.83455,starter
534,Terminator Salvation,200000000.0,371353001,"['Action', 'Science Fiction', 'Thriller']",True,2009-05-20,6.066,6660,115,The Terminator Collection,85.6765005,subsequent
379686,Space Jam: A New Legacy,150000000.0,163692228,"['Family', 'Comedy', 'Adventure', 'Animation', 'Science Fiction']",True,2021-07-08,6.69,4085,115,Space Jam Collection,9.128152,subsequent
2123,"Me, Myself & Irene",51000000.0,149270999,['Comedy'],False,2000-06-22,6.606,4009,116,,192.68823333333333,standalone
2059,National Treasure,100000000.0,347500000,"['Adventure', 'Action', 'Thriller', 'Mystery']",True,2004-11-19,6.643,6505,131,National Treasure Collection,247.5,starter
22538,Scott Pilgrim vs. the World,85000000.0,51691156,"['Action', 'Comedy', 'Romance']",False,2010-08-12,7.5,8114,113,,-39.18687529411765,standalone
205584,Gods of Egypt,140000000.0,150680864,"['Action', 'Adventure', 'Fantasy']",False,2016-02-25,5.669,4136,127,,7.629188571428572,standalone
21208,Orphan,20000000.0,77912251,"['Horror', 'Thriller']",True,2009-07-24,6.997,5373,122,Orphan Collection,289.561255,starter
11362,The Count of Monte Cristo,35000000.0,75395048,"['Adventure', 'Drama', 'History']",False,2002-01-23,7.678,1871,131,,115.41442285714285,standalone
1041613,Immaculate,9000000.0,35340015,"['Horror', 'Mystery', 'Thriller']",False,2024-03-20,6.237,1446,89,,292.66683333333333,standalone
39514,RED,58000000.0,199006387,"['Action', 'Adventure', 'Comedy', 'Crime', 'Thriller']",True,2010-10-13,6.7,6852,111,RED Collection,243.1144603448276,starter
1571,Live Free or Die Hard,110000000.0,383531464,"['Action', 'Thriller']",True,2007-06-20,6.63,6022,128,Die Hard Collection,248.6649672727273,subsequent
796499,Army of Thieves,30000000.0,46900000,"['Action', 'Crime', 'Comedy']",True,2021-10-29,6.833,2127,127,Army of the Dead Collection,56.333333333333336,subsequent
10895,Pinocchio,2600000.0,164000000,"['Animation', 'Family', 'Fantasy']",False,1940-02-23,7.1,6002,88,,6207.692307692308,standalone
77931,The Smurfs 2,105000000.0,347434178,"['Fantasy', 'Family', 'Comedy', 'Animation']",True,2013-07-30,5.747,2259,104,The Smurfs (Theatrical) Collection,230.8896933333333,subsequent
49049,Dredd,50000000.0,41037742,"['Action', 'Science Fiction']",False,2012-09-07,6.844,5216,95,,-17.924515999999997,standalone
10386,The Iron Giant,50000000.0,23300000,"['Animation', 'Family', 'Science Fiction', 'Adventure']",False,1999-08-06,7.95,5806,86,,-53.400000000000006,standalone
728118,"Quo Vadis, Aida?",4750000.0,813253,"['War', 'Drama', 'History']",True,2021-02-26,7.659,428,104,"Quo Vadis, Aida? Collection",-82.87888421052631,starter
158015,The Purge,3000000.0,91266581,"['Science Fiction', 'Horror', 'Thriller']",True,2013-05-31,6.253,8532,86,The Purge Collection,2942.2193666666667,starter
10661,You Don't Mess with the Zohan,90000000.0,204313400,"['Comedy', 'Action']",False,2008-06-05,5.724,3872,113,,127.0148888888889,standalone
11932,Bride of Chucky,25000000.0,50671850,"['Horror', 'Comedy']",True,1998-10-15,6.096,1996,89,Child's Play Collection,102.68740000000001,subsequent
2567,The Aviator,110000000.0,213719942,['Drama'],False,2004-12-17,7.221,5502,170,,94.29085636363637,standalone
829,Chinatown,6000000.0,30000000,"['Crime', 'Drama', 'Mystery', 'Thriller']",True,1974-06-20,7.918,3979,130,The Jake Gittes Collection,400.0,starter
345938,The Shack,20000000.0,96942115,"['Drama', 'Family']",False,2017-03-03,7.494,2187,132,,384.710575,standalone
841,Dune,40000000.0,31502434,"['Action', 'Science Fiction', 'Adventure']",False,1984-12-14,6.18,3208,137,,-21.243914999999998,standalone
4523,Enchanted,85000000.0,340487652,"['Comedy', 'Family', 'Fantasy', 'Romance']",True,2007-11-20,6.84,5518,107,Enchanted Collection,300.57370823529413,starter
252,Willy Wonka & the Chocolate Factory,3000000.0,4000000,"['Family', 'Fantasy', 'Comedy']",False,1971-06-29,7.482,3733,99,,33.33333333333333,standalone
1071215,Thanksgiving,15000000.0,46553280,"['Horror', 'Mystery']",True,2023-11-16,6.526,1370,106,Thanksgiving Collection,210.3552,starter
3600,I Still Know What You Did Last Summer,65000000.0,40002112,"['Horror', 'Mystery', 'Thriller']",True,1998-11-13,5.366,1552,100,I Know What You Did Last Summer Collection,-38.45828923076923,subsequent
60304,Hansel & Gretel: Witch Hunters,50000000.0,226349749,"['Fantasy', 'Horror', 'Action']",False,2013-01-17,6.09,6846,88,,352.699498,standalone
1087822,Hellboy: The Crooked Man,20000000.0,2014050,"['Fantasy', 'Horror', 'Action']",False,2024-08-29,5.255,430,100,,-89.92975,standalone
406563,Insidious: The Last Key,10000000.0,172811971,"['Horror', 'Thriller']",True,2018-01-03,6.3,2985,103,Insidious Collection,1628.11971,subsequent
23483,Kick-Ass,28000000.0,96188903,"['Action', 'Crime']",True,2010-03-26,7.124,11890,118,Kick-Ass Collection,243.53179642857143,starter
184345,A Haunted House 2,4000000.0,25343661,"['Comedy', 'Horror']",True,2014-04-17,6.17,1502,87,A Haunted House Collection,533.591525,subsequent
392044,Murder on the Orient Express,55000000.0,352800000,"['Mystery', 'Drama', 'Crime']",True,2017-11-03,6.703,10158,114,Hercule Poirot (Kenneth Branagh) Collection,541.4545454545454,starter
440,Aliens vs Predator: Requiem,40000000.0,130290885,"['Action', 'Science Fiction', 'Thriller', 'Horror']",True,2007-12-25,5.2,3068,94,AVP Collection,225.7272125,subsequent
58574,Sherlock Holmes: A Game of Shadows,125000000.0,334615000,"['Adventure', 'Action', 'Crime', 'Mystery']",True,2011-11-22,7.143,10538,129,Sherlock Holmes Collection,167.692,subsequent
87421,Riddick,38000000.0,98337295,"['Science Fiction', 'Action', 'Thriller']",True,2013-09-02,6.329,4199,119,The Chronicles of Riddick Collection,158.78235526315788,subsequent
807172,The Exorcist: Believer,30000000.0,136284218,"['Horror', 'Thriller']",True,2023-10-04,5.863,1137,111,The Exorcist Collection,354.2807266666667,subsequent
10634,Friday,3500000.0,28215918,"['Comedy', 'Drama']",True,1995-04-26,7.124,1893,91,Friday Collection,706.1690857142856,starter
11690,Bloodsport,1500000.0,65000000,"['Action', 'Thriller', 'Drama']",True,1988-02-26,7.03,1965,92,Bloodsport Collection,4233.333333333334,starter
4233,Scream 2,24000000.0,172363301,"['Horror', 'Mystery']",True,1997-12-12,6.499,4366,120,Scream Collection,618.1804208333333,subsequent
9693,Children of Men,76000000.0,70595464,"['Drama', 'Action', 'Thriller', 'Science Fiction']",False,2006-09-22,7.61,7353,109,,-7.111231578947369,standalone
11247,A Cinderella Story,19000000.0,70067909,"['Comedy', 'Family', 'Romance']",True,2004-07-16,6.6,3263,95,Cinderella Story Collection,268.7784684210526,starter
970347,The Killer,30000000.0,318618,"['Action', 'Thriller', 'Crime']",False,2024-08-22,6.37,436,126,,-98.93794,standalone
872906,Jawan,36150000.0,136698671,"['Action', 'Crime', 'Thriller']",False,2023-09-07,7.092,282,169,,278.14293499308434,standalone
30943,The Deep End of the Ocean,38000000.0,28121100,"['Drama', 'Mystery']",False,1999-03-12,6.533,492,106,,-25.997105263157895,standalone
9352,EuroTrip,25000000.0,22605153,['Comedy'],False,2004-02-20,6.604,2720,92,,-9.579388,standalone
333371,10 Cloverfield Lane,15000000.0,110216998,"['Thriller', 'Science Fiction', 'Drama', 'Horror']",False,2016-03-10,6.992,8194,104,,634.7799866666667,standalone
123553,The Mortal Instruments: City of Bones,60000000.0,95396573,"['Fantasy', 'Action', 'Mystery']",False,2013-08-21,6.443,4516,130,,58.99428833333333,standalone
4488,Friday the 13th,550000.0,59754601,['Horror'],True,1980-05-09,6.418,3093,95,Friday the 13th Collection,10764.47290909091,starter
363088,Ant-Man and the Wasp,140000000.0,622674139,"['Action', 'Adventure', 'Science Fiction']",True,2018-07-04,6.9,13638,119,Ant-Man Collection,344.7672421428571,subsequent
4257,Scary Movie 4,45000000.0,178262620,['Comedy'],True,2006-04-12,5.488,3359,83,Scary Movie Collection,296.1391555555556,subsequent
55721,Bridesmaids,32500000.0,288383523,"['Comedy', 'Romance']",False,2011-05-13,6.521,4449,125,,787.3339169230769,standalone
380,Rain Man,25000000.0,354825435,['Drama'],False,1988-12-12,7.754,6623,134,,1319.30174,standalone
274857,King Arthur: Legend of the Sword,175000000.0,149175066,"['Action', 'Drama', 'Fantasy']",False,2017-05-10,6.55,5817,126,,-14.757105142857144,standalone
563,Starship Troopers,105000000.0,121214377,"['Adventure', 'Action', 'Thriller', 'Science Fiction']",True,1997-11-07,7.086,5120,129,Starship Troopers Collection,15.44226380952381,starter
1669,The Hunt for Red October,30000000.0,200512643,"['Action', 'Adventure', 'Thriller']",True,1990-03-02,7.381,3408,135,The Jack Ryan Collection,568.3754766666666,starter
1037113,Snack Shack,3000000.0,455708,['Comedy'],False,2024-03-15,7.158,180,112,,-84.80973333333334,standalone
2667,The Blair Witch Project,60000.0,248639099,"['Horror', 'Mystery']",True,1999-07-14,6.357,5063,81,Blair Witch Collection,414298.49833333335,starter
274870,Passengers,110000000.0,303144152,"['Drama', 'Romance', 'Science Fiction']",False,2016-12-21,6.954,13608,116,,175.5855927272727,standalone
1239655,Friendship,2000000.0,15992568,['Comedy'],False,2025-05-09,6.8,67,100,,699.6284,standalone
762504,Nope,68000000.0,170823080,"['Horror', 'Science Fiction', 'Thriller']",False,2022-07-20,6.835,4420,130,,151.2104117647059,standalone
340102,The New Mutants,67000000.0,49169594,"['Science Fiction', 'Horror', 'Action']",False,2020-04-02,6.097,3513,94,,-26.61254626865672,standalone
2133,The Perfect Storm,130000000.0,328718434,"['Drama', 'Adventure', 'Action']",False,2000-06-29,6.483,2399,130,,152.86033384615385,standalone
2649,The Game,50000000.0,109423648,"['Drama', 'Thriller', 'Mystery']",False,1997-09-12,7.567,6872,129,,118.84729599999999,standalone
8689,Cannibal Holocaust,100000.0,2000000,['Horror'],False,1980-02-07,6.3,1732,96,,1900.0,standalone
75612,Oblivion,120000000.0,286168572,"['Action', 'Science Fiction', 'Adventure', 'Mystery']",False,2013-04-10,6.658,10966,124,,138.47381000000001,standalone
4982,American Gangster,100000000.0,269755430,"['Drama', 'Crime']",False,2007-11-02,7.591,5653,157,,169.75543,standalone
71676,Ghost Rider: Spirit of Vengeance,57000000.0,132563930,"['Action', 'Fantasy', 'Thriller']",True,2011-12-10,5.011,3878,96,Ghost Rider Collection,132.56829824561402,subsequent
587,Big Fish,70000000.0,123200000,"['Adventure', 'Fantasy', 'Drama']",False,2003-12-25,7.759,7394,125,,76.0,standalone
10501,The Road to El Dorado,95000000.0,76400000,"['Family', 'Adventure', 'Animation', 'Comedy', 'Fantasy']",False,2000-03-31,7.249,3860,89,,-19.57894736842105,standalone
365620,Ferrari,95000000.0,39220516,"['History', 'Drama']",False,2023-12-14,6.385,1107,131,,-58.71524631578947,standalone
76617,Texas Chainsaw 3D,20000000.0,47300000,"['Horror', 'Thriller']",True,2013-01-03,5.471,1726,92,Texas Chainsaw Massacre Collection,136.5,subsequent
776503,CODA,10000000.0,1905058,"['Drama', 'Music', 'Romance']",False,2021-08-13,7.918,2360,112,,-80.94942,standalone
6957,The 40 Year Old Virgin,26000000.0,177400000,"['Comedy', 'Romance']",False,2005-08-11,6.408,6877,116,,582.3076923076923,standalone
646,Dr. No,1000000.0,59000000,"['Adventure', 'Action', 'Thriller']",True,1962-10-07,6.997,3766,110,James Bond Collection,5800.0,starter
41154,Men in Black 3,225000000.0,654213485,"['Action', 'Comedy', 'Science Fiction']",True,2012-05-23,6.535,10535,106,Men In Black Collection,190.7615488888889,subsequent
1374,Rocky IV,31000000.0,300473716,['Drama'],True,1985-11-21,7.084,4562,91,Rocky Collection,869.2700516129031,subsequent
1103621,How to Make Millions Before Grandma Dies,1000000.0,73800000,['Drama'],False,2024-04-04,8.14,264,126,,7280.0,standalone
1160018,Kill,4800000.0,5600000,"['Action', 'Crime', 'Thriller', 'Drama']",False,2024-07-03,7.188,388,105,,16.666666666666664,standalone
10060,Get Rich or Die Tryin',40000000.0,46442528,"['Drama', 'Crime', 'Music']",False,2005-11-09,6.8,951,117,,16.10632,standalone
11621,Porco Rosso,9200000.0,44600000,"['Family', 'Comedy', 'Animation', 'Adventure']",False,1992-07-18,7.8,3450,93,,384.7826086956522,standalone
5255,The Polar Express,165000000.0,318432432,"['Animation', 'Adventure', 'Family', 'Fantasy']",True,2004-11-10,6.72,6532,100,The Polar Express Collection,92.98935272727272,starter
782,Gattaca,36000000.0,12532777,"['Thriller', 'Science Fiction', 'Mystery', 'Romance']",False,1997-09-07,7.562,6543,106,,-65.18673055555556,standalone
9476,A Knight's Tale,65000000.0,117487473,"['Adventure', 'Drama', 'Romance', 'Action']",False,2001-05-11,6.87,3172,133,,80.74995846153847,standalone
619803,The Roundup,7600000.0,101166707,"['Action', 'Crime', 'Thriller', 'Adventure']",True,2022-05-18,7.291,364,106,The Roundup Collection,1231.1408815789473,subsequent
1701,Con Air,75000000.0,224012234,"['Action', 'Thriller', 'Crime']",False,1997-06-05,6.754,4381,116,,198.68297866666666,standalone
614696,#Alive,6300000.0,13416285,"['Action', 'Horror', 'Science Fiction']",False,2020-06-24,7.2,1911,98,,112.95690476190477,standalone
332562,A Star Is Born,36000000.0,436388866,"['Music', 'Drama', 'Romance']",False,2018-10-03,7.499,11871,136,,1112.1912944444443,standalone
5503,The Fugitive,44000000.0,183875799,"['Action', 'Thriller', 'Drama']",True,1993-08-06,7.468,4450,131,Marshal Samuel Gerard Collection,317.89954318181816,starter
522681,Escape Room,9000000.0,155712077,"['Horror', 'Thriller', 'Mystery']",True,2019-01-03,6.5,4808,100,Escape Room Collection,1630.134188888889,starter
222935,The Fault in Our Stars,14000000.0,307166834,"['Romance', 'Drama']",False,2014-05-16,7.6,11302,126,,2094.0488142857143,standalone
1995,Lara Croft: Tomb Raider,115000000.0,274703340,"['Adventure', 'Fantasy', 'Action', 'Thriller']",True,2001-06-11,5.9,6217,100,Tomb Raider Collection,138.8724695652174,starter
10735,What a Girl Wants,20000000.0,50700000,"['Comedy', 'Romance', 'Drama', 'Family']",False,2003-03-27,6.284,1647,105,,153.5,standalone
254470,Pitch Perfect 2,29000000.0,287144079,"['Comedy', 'Music']",True,2015-05-07,6.849,5362,115,Pitch Perfect Collection,890.1519965517242,subsequent
3176,Battle Royale,4500000.0,30600000,"['Drama', 'Thriller', 'Action']",True,2000-12-16,7.284,3538,113,Battle Royale Collection,580.0,starter
7191,Cloverfield,25000000.0,170764026,"['Action', 'Thriller', 'Science Fiction']",False,2008-01-15,6.698,7346,84,,583.056104,standalone
57165,Wrath of the Titans,150000000.0,301970083,"['Fantasy', 'Adventure', 'Action']",True,2012-03-28,5.747,4300,99,Clash of the Titans Collection,101.31338866666665,subsequent
13811,Knowing,50000000.0,155446362,"['Action', 'Mystery', 'Science Fiction', 'Thriller']",False,2009-03-19,6.227,5481,121,,210.892724,standalone
610219,The Fire Inside,12000000.0,8104331,"['History', 'Drama']",False,2024-12-25,7.377,53,109,,-32.463908333333336,standalone
2330,Taxi,8700000.0,44218015,"['Action', 'Comedy', 'Crime', 'Adventure']",True,1998-04-08,6.708,2557,86,Taxi Collection,408.2530459770115,starter
932086,Horizon: An American Saga - Chapter 1,50000000.0,38735702,"['Western', 'Drama']",True,2024-06-26,6.904,532,182,Horizon: An American Saga Collection,-22.528596,starter
47933,Independence Day: Resurgence,165000000.0,389681935,"['Action', 'Adventure', 'Science Fiction']",True,2016-06-22,5.343,6186,120,Independence Day Collection,136.1708696969697,subsequent
53182,300: Rise of an Empire,110000000.0,337580051,"['Action', 'Drama', 'War']",True,2014-03-05,6.116,6664,102,300 Collection,206.89095545454546,subsequent
8247,Jumper,85000000.0,222231186,"['Action', 'Adventure', 'Science Fiction']",False,2008-02-13,6.16,5911,88,,161.44845411764706,standalone
5915,Into the Wild,15000000.0,56255142,"['Adventure', 'Drama']",False,2007-09-21,7.798,9724,148,,275.03427999999997,standalone
1584,School of Rock,35000000.0,131100000,"['Comedy', 'Music']",False,2003-10-03,7.087,5817,110,,274.57142857142856,standalone
49047,Gravity,105000000.0,723192705,"['Science Fiction', 'Thriller', 'Drama']",False,2013-10-03,7.163,15669,91,,588.754957142857,standalone
9361,The Last of the Mohicans,40000000.0,75505856,"['Action', 'History', 'Romance', 'War']",False,1992-08-26,7.387,3199,112,,88.76464,standalone
413846,1992,6500000.0,2900000,"['Crime', 'Thriller', 'Action']",False,2024-08-29,6.962,156,96,,-55.38461538461539,standalone
22970,The Cabin in the Woods,30000000.0,71038838,"['Horror', 'Mystery']",False,2012-04-12,6.637,8089,95,,136.79612666666668,standalone
635910,The Last Voyage of the Demeter,45000000.0,21600000,"['Horror', 'Fantasy']",False,2023-08-09,6.8,1749,119,,-52.0,standalone
227159,Horrible Bosses 2,42000000.0,107645357,['Comedy'],True,2014-11-12,6.183,4213,108,Horrible Bosses Collection,156.29846904761905,subsequent
277216,Straight Outta Compton,28000000.0,201634991,"['Drama', 'Music', 'History']",False,2015-08-11,7.788,4005,147,,620.1249678571428,standalone
568,Apollo 13,52000000.0,355237933,"['Drama', 'History']",False,1995-06-30,7.45,5555,140,,583.1498711538462,standalone
1624,Liar Liar,45000000.0,302710615,['Comedy'],False,1997-03-21,6.7,5885,86,,572.6902555555555,standalone
717930,Kandahar,30000000.0,9400000,"['Action', 'Thriller']",False,2023-05-25,6.827,1110,119,,-68.66666666666667,standalone
9323,Ghost in the Shell,3000000.0,10000000,"['Action', 'Animation', 'Science Fiction']",True,1995-11-18,7.9,3579,83,Ghost in the Shell Collection,233.33333333333334,starter
10315,Fantastic Mr. Fox,40000000.0,46471023,"['Adventure', 'Animation', 'Comedy', 'Family']",False,2009-10-14,7.81,5675,87,,16.1775575,standalone
8078,Alien Resurrection,70000000.0,162000000,"['Science Fiction', 'Horror', 'Action']",True,1997-11-12,6.158,5203,109,Alien Collection,131.42857142857142,subsequent
524,Casino,50000000.0,116112375,"['Crime', 'Drama']",False,1995-11-22,7.999,6088,179,,132.22475,standalone
4258,Scary Movie 5,20000000.0,78378744,['Comedy'],True,2013-04-11,4.806,2866,88,Scary Movie Collection,291.89372,subsequent
363676,Sully,60000000.0,240800000,"['Drama', 'History']",False,2016-09-07,7.197,7384,96,,301.3333333333333,standalone
163,Ocean's Twelve,110000000.0,362744280,"['Thriller', 'Crime']",True,2004-12-09,6.565,7468,125,Ocean's Collection,229.76752727272728,subsequent
752623,The Lost City,74000000.0,192907684,"['Action', 'Adventure', 'Comedy']",False,2022-03-24,6.487,3738,112,,160.68605945945947,standalone
445651,The Darkest Minds,34000000.0,41142379,"['Action', 'Adventure', 'Drama']",False,2018-07-25,7.036,2860,105,,21.00699705882353,standalone
414,Batman Forever,100000000.0,336529144,"['Action', 'Crime', 'Fantasy']",True,1995-06-16,5.44,5315,121,Batman Collection,236.529144,subsequent
8810,Mad Max 2,2000000.0,24600832,"['Adventure', 'Action', 'Thriller', 'Science Fiction']",True,1981-12-24,7.388,3915,96,Mad Max Collection,1130.0416,subsequent
235,Stand by Me,8000000.0,52300000,"['Crime', 'Drama']",False,1986-08-08,7.855,6104,89,,553.75,standalone
581,Dances with Wolves,22000000.0,424208848,"['Adventure', 'Drama', 'Western']",False,1990-03-30,7.845,4408,181,,1828.2220363636363,standalone
311324,The Great Wall,150000000.0,331957105,"['Action', 'Adventure', 'Fantasy']",False,2016-12-16,6.032,5287,103,,121.30473666666666,standalone
353491,The Dark Tower,60000000.0,113231078,"['Fantasy', 'Action', 'Science Fiction']",False,2017-08-03,5.781,5275,95,,88.71846333333333,standalone
1125311,Imaginary,13000000.0,43787034,"['Horror', 'Mystery']",False,2024-03-06,5.944,593,104,,236.82333846153844,standalone
2899,Asterix & Obelix: Mission Cleopatra,58500000.0,131116046,"['Family', 'Fantasy', 'Comedy', 'Adventure']",True,2002-01-30,7.377,3628,108,Asterix & Obelix Live-action Collection,124.12999316239318,subsequent
117251,White House Down,150000000.0,205366737,"['Action', 'Drama', 'Thriller']",False,2013-06-27,6.466,4875,131,,36.911158,standalone
10515,Castle in the Sky,3000000.0,5228752,"['Adventure', 'Fantasy', 'Animation', 'Action', 'Family']",False,1986-08-02,8.0,4378,125,,74.29173333333333,standalone
35019,Nanny McPhee and the Big Bang,35000000.0,93251121,"['Comedy', 'Fantasy', 'Family']",True,2010-03-26,6.295,1874,109,Nanny McPhee Collection,166.43177428571428,subsequent
2503,The Bourne Ultimatum,70000000.0,442824138,"['Action', 'Drama', 'Mystery', 'Thriller']",True,2007-08-03,7.43,7911,115,The Bourne Collection,532.6059114285714,subsequent
30497,The Texas Chain Saw Massacre,140000.0,30900000,['Horror'],True,1974-10-11,7.279,3510,83,Texas Chainsaw Massacre Collection,21971.428571428572,starter
70,Million Dollar Baby,30000000.0,216763646,['Drama'],False,2004-12-05,7.955,9878,132,,622.5454866666666,standalone
68724,Elysium,115000000.0,286140700,"['Science Fiction', 'Action', 'Drama', 'Thriller']",False,2013-08-07,6.513,9107,109,,148.818,standalone
11087,The Hand That Rocks the Cradle,11700000.0,88036683,"['Drama', 'Thriller']",False,1992-01-10,6.863,921,110,,652.450282051282,standalone
9836,Happy Feet,100000000.0,384335608,"['Animation', 'Comedy', 'Family']",True,2006-11-16,6.206,5228,108,Happy Feet Collection,284.335608,starter
267935,The BFG,140000000.0,195243411,"['Adventure', 'Family', 'Fantasy']",False,2016-06-01,6.284,3462,117,,39.459579285714284,standalone
14001,Dead Silence,20000000.0,22217407,['Horror'],False,2007-03-16,6.451,2327,89,,11.087035,standalone
398978,The Irishman,159000000.0,968853,"['Crime', 'Drama', 'History']",False,2019-11-01,7.59,7078,209,,-99.39065849056604,standalone
976576,Emmanuelle,19000000.0,712,"['Drama', 'Romance']",False,2024-09-25,5.0,65,105,,-99.99625263157895,standalone
65,8 Mile,41000000.0,242875078,"['Drama', 'Music']",False,2002-11-08,7.142,7469,111,,492.3782390243902,standalone
4234,Scream 3,40000000.0,161834276,"['Horror', 'Mystery']",True,2000-02-04,5.991,3747,116,Scream Collection,304.58569,subsequent
16411,Initial D,1549000.0,7096000,"['Action', 'Crime', 'Drama']",False,2005-05-12,6.657,281,108,,358.1020012911556,standalone
9377,Ferris Bueller's Day Off,6000000.0,70100000,['Comedy'],False,1986-06-11,7.574,5069,103,,1068.3333333333333,standalone
544,There's Something About Mary,23000000.0,369900000,"['Romance', 'Comedy']",False,1998-07-15,6.617,5066,120,,1508.2608695652175,standalone
12230,One Hundred and One Dalmatians,3600000.0,303000000,"['Adventure', 'Animation', 'Comedy', 'Family']",True,1961-01-25,7.177,6407,79,101 Dalmatians (Animated) Collection,8316.666666666668,starter
14324,Virgin Territory,38000000.0,5410749,"['Adventure', 'Action', 'Comedy', 'Romance']",False,2007-12-17,4.848,341,93,,-85.76118684210526,standalone
842675,The Wandering Earth II,73800000.0,5,"['Science Fiction', 'Action', 'Adventure']",True,2023-01-22,7.3,631,173,Wandering Earth Collection,-99.99999322493225,starter
316727,The Purge: Election Year,10000000.0,118587880,"['Action', 'Horror', 'Thriller']",True,2016-06-29,6.383,5321,109,The Purge Collection,1085.8788,subsequent
10588,The Cat in the Hat,109000000.0,133800000,"['Family', 'Fantasy', 'Comedy', 'Adventure']",False,2003-11-21,5.297,1713,81,,22.752293577981654,standalone
152584,Blue Is the Warmest Color,4300000.0,19796489,"['Romance', 'Drama']",False,2013-10-09,7.073,4683,180,,360.38346511627907,standalone
804150,Cocaine Bear,32500000.0,88314672,"['Thriller', 'Comedy', 'Crime']",True,2023-02-22,6.03,2217,95,Cocaine Bear Collection,171.7374523076923,starter
406990,What Happened to Monday,20000000.0,27975429,"['Science Fiction', 'Thriller', 'Mystery', 'Action']",False,2017-08-18,7.159,6200,123,,39.877145000000006,standalone
132232,Mama,15000000.0,146428180,['Horror'],False,2013-01-17,6.278,4225,100,,876.1878666666667,standalone
724495,The Woman King,50000000.0,97300000,"['Action', 'Drama', 'History']",False,2022-09-16,7.665,2177,135,,94.6,standalone
302699,Central Intelligence,50000000.0,216972543,"['Action', 'Comedy']",False,2016-06-16,6.417,6091,107,,333.945086,standalone
267860,London Has Fallen,60000000.0,205754447,"['Action', 'Thriller']",True,2016-03-02,6.2,4851,99,Has Fallen Collection,242.92407833333334,subsequent
9373,The Texas Chainsaw Massacre,9500000.0,107967319,['Horror'],True,2003-05-21,6.3,2725,98,Texas Chainsaw (Reboot) Collection,1036.4980947368422,starter
4478,Indecent Proposal,38000000.0,266614059,"['Romance', 'Drama']",False,1993-04-07,6.398,1488,117,,601.6159447368422,standalone
274855,Geostorm,120000000.0,221600160,"['Action', 'Science Fiction', 'Thriller']",False,2017-10-12,6.123,4928,109,,84.6668,standalone
13971,Wild Child,20000000.0,22000000,"['Comedy', 'Drama', 'Romance']",False,2008-08-15,6.713,1862,98,,10.0,standalone
588,Silent Hill,50000000.0,100605135,"['Horror', 'Mystery']",True,2006-04-21,6.593,4475,125,Silent Hill Collection,101.21027000000001,starter
10340,Lady and the Tramp,4000000.0,36359037,"['Family', 'Animation', 'Romance']",True,1955-06-22,7.124,5417,76,Lady and the Tramp Collection,808.975925,starter
28355,Case 39,27000000.0,29000000,"['Horror', 'Mystery', 'Thriller']",False,2009-08-13,6.321,2281,109,,7.4074074074074066,standalone
10999,Commando,10000000.0,57500000,"['Action', 'Adventure', 'Thriller']",True,1985-10-03,6.7,2919,90,Commando Collection,475.0,starter
169,Predator 2,35000000.0,57120318,"['Science Fiction', 'Action', 'Thriller']",True,1990-11-21,6.3,3481,108,Predator Collection,63.20090857142857,subsequent
747188,Asteroid City,25000000.0,47281670,"['Comedy', 'Drama']",False,2023-06-08,6.453,2148,105,,89.12668000000001,standalone
10530,Pocahontas,55000000.0,346079773,"['Adventure', 'Animation', 'Family', 'Romance']",True,1995-06-14,6.916,5822,81,Pocahontas Collection,529.2359509090909,starter
454640,The Angry Birds Movie 2,65000000.0,137792047,"['Family', 'Comedy', 'Adventure', 'Animation']",True,2019-08-02,7.072,1776,96,The Angry Birds Collection,111.98776461538462,subsequent
26466,Triangle,12000000.0,1594955,['Horror'],False,2009-10-16,6.921,2742,98,,-86.70870833333333,standalone
307081,Southpaw,30000000.0,91709827,"['Action', 'Drama']",False,2015-03-24,7.364,5575,123,,205.69942333333336,standalone
10495,The Karate Kid Part III,12500000.0,38956288,"['Action', 'Family', 'Drama', 'Adventure']",True,1989-06-16,5.909,1695,112,The Karate Kid Collection,211.650304,subsequent
11216,Cinema Paradiso,5000000.0,11990401,"['Drama', 'Romance']",False,1988-11-17,8.437,4555,124,,139.80802,standalone
480414,The Curse of La Llorona,9000000.0,123233739,['Horror'],False,2019-04-17,5.658,2519,93,,1269.2637666666667,standalone
196,Back to the Future Part III,40000000.0,244527583,"['Adventure', 'Comedy', 'Science Fiction']",True,1990-05-25,7.49,10941,119,Back to the Future Collection,511.3189575,subsequent
64688,21 Jump Street,42000000.0,201585328,"['Action', 'Comedy', 'Crime']",True,2012-03-14,6.881,10528,109,Jump Street Collection,379.96506666666664,starter
1427,Perfume: The Story of a Murderer,63700000.0,135039924,"['Crime', 'Fantasy', 'Drama']",False,2006-09-13,7.37,4715,147,,111.99360125588697,standalone
153,Lost in Translation,4000000.0,119723856,"['Drama', 'Romance', 'Comedy']",False,2003-09-18,7.385,7600,102,,2893.0964,standalone
282035,The Mummy,125000000.0,409231607,"['Fantasy', 'Thriller', 'Action', 'Adventure', 'Horror']",False,2017-06-06,5.517,7360,110,,227.3852856,standalone
184,Jackie Brown,12000000.0,74727492,"['Crime', 'Drama', 'Thriller']",False,1997-12-25,7.4,6573,154,,522.7291,standalone
36955,True Lies,115000000.0,378900000,"['Action', 'Thriller']",False,1994-07-15,7.082,4263,141,,229.47826086956522,standalone
28211,Chloe,14000000.0,13657649,"['Drama', 'Thriller', 'Mystery']",False,2010-02-25,6.1,1768,96,,-2.4453642857142857,standalone
22894,Legion,26000000.0,67900000,"['Horror', 'Action', 'Fantasy']",False,2010-01-21,5.896,2706,100,,161.15384615384616,standalone
72387,Safe,30000000.0,40300000,"['Action', 'Crime', 'Thriller']",False,2012-04-16,6.492,2533,94,,34.333333333333336,standalone
956842,Fly Me to the Moon,100000000.0,42247783,"['Romance', 'Comedy']",False,2024-07-10,6.82,962,132,,-57.752216999999995,standalone
2253,Valkyrie,75000000.0,200276000,"['Drama', 'Thriller', 'War']",False,2008-12-25,6.948,3834,121,,167.03466666666665,standalone
8277,American Pie Presents: Beta House,10000000.0,18610260,['Comedy'],True,2007-12-26,5.659,1925,89,American Pie (Spin-off) Collection,86.1026,starter
592831,Megalopolis,120000000.0,13857002,"['Science Fiction', 'Drama']",False,2024-09-25,5.213,815,138,,-88.45249833333332,standalone
594,The Terminal,60000000.0,219417255,"['Comedy', 'Drama']",False,2004-06-17,7.348,8160,128,,265.695425,standalone
9360,Anaconda,45000000.0,136885767,"['Adventure', 'Horror', 'Thriller']",True,1997-04-11,5.2,2569,89,Anaconda Collection,204.1905933333333,starter
840430,The Holdovers,13000000.0,42513270,"['Comedy', 'Drama']",False,2023-10-27,7.679,2040,133,,227.02515384615384,standalone
4327,Charlie's Angels,92000000.0,264105545,"['Action', 'Adventure', 'Comedy', 'Crime', 'Thriller']",True,2000-11-02,5.8,4274,98,Charlie's Angels Collection,187.0712445652174,starter
9392,The Descent,3500000.0,57130027,"['Adventure', 'Horror']",True,2005-07-08,6.968,4058,99,The Descent Collection,1532.2864857142856,starter
646683,The Exorcism,22000000.0,12610418,"['Horror', 'Thriller']",False,2024-05-30,5.071,352,96,,-42.67991818181818,standalone
856,Who Framed Roger Rabbit,70000000.0,329800000,"['Fantasy', 'Animation', 'Comedy', 'Crime']",False,1988-06-22,7.531,5888,104,,371.1428571428571,standalone
10228,Pokémon: The First Movie,30000000.0,163644940,"['Animation', 'Family', 'Adventure', 'Fantasy', 'Action']",True,1998-07-18,6.932,1492,85,Pokémon Collection,445.4831333333333,starter
762,Monty Python and the Holy Grail,400000.0,5763644,"['Adventure', 'Comedy', 'Fantasy']",False,1975-04-03,7.803,6023,91,,1340.911,standalone
1585,It's a Wonderful Life,3180000.0,9644124,"['Drama', 'Family', 'Fantasy']",False,1946-12-20,8.278,4533,130,,203.27433962264152,standalone
322,Mystic River,25000000.0,156800000,"['Thriller', 'Crime', 'Drama', 'Mystery']",False,2003-10-07,7.746,6951,138,,527.2,standalone
660,Thunderball,9000000.0,141200000,"['Adventure', 'Action', 'Thriller']",True,1965-12-11,6.67,2428,130,James Bond Collection,1468.888888888889,subsequent
455207,Crazy Rich Asians,30000000.0,238539198,"['Comedy', 'Romance']",False,2018-08-15,7.063,3761,121,,695.1306599999999,standalone
406759,Moonfall,146000000.0,67319703,"['Science Fiction', 'Adventure', 'Action']",False,2022-02-03,6.275,3299,131,,-53.89061438356164,standalone
2270,Stardust,70000000.0,137500000,"['Adventure', 'Fantasy', 'Romance', 'Family']",False,2007-08-10,7.285,4181,127,,96.42857142857143,standalone
8909,Wanted,75000000.0,342463063,"['Action', 'Thriller', 'Crime']",False,2008-06-19,6.525,7239,110,,356.6174173333333,standalone
796185,The Three Musketeers: D'Artagnan,27500000.0,31843086,"['Adventure', 'Action', 'Drama', 'History']",True,2023-04-05,6.965,1286,121,The Three Musketeers Collection,15.79304,starter
590223,Love and Monsters,30000000.0,1122066,"['Comedy', 'Adventure', 'Science Fiction']",False,2020-10-16,7.291,4183,109,,-96.25977999999999,standalone
361292,Suspiria,20000000.0,7953089,"['Horror', 'Mystery', 'Drama']",False,2018-10-26,6.9,2605,152,,-60.234555,standalone
257445,Goosebumps,58000000.0,158261424,"['Adventure', 'Horror', 'Comedy']",True,2015-08-05,6.311,3840,103,Goosebumps Collection,172.86452413793103,starter
8077,Alien³,50000000.0,159773545,"['Science Fiction', 'Action', 'Horror']",True,1992-05-22,6.377,5955,114,Alien Collection,219.54709000000003,subsequent
1923,Twin Peaks: Fire Walk with Me,10000000.0,4248389,"['Drama', 'Mystery', 'Horror']",False,1992-06-03,7.4,2055,135,,-57.51611,standalone
967,Spartacus,12000000.0,60000000,"['History', 'War', 'Drama', 'Adventure']",False,1960-10-13,7.543,2239,197,,400.0,standalone
522931,Hitman's Wife's Bodyguard,70000000.0,70060492,"['Action', 'Comedy', 'Crime', 'Thriller']",True,2021-06-14,6.7,2390,99,The Hitman's Bodyguard Collection,0.08641714285714286,subsequent
9739,Demolition Man,57000000.0,159055768,"['Crime', 'Action', 'Science Fiction']",False,1993-10-08,6.738,3840,115,,179.04520701754385,standalone
242224,The Babadook,2000000.0,10300000,"['Drama', 'Horror']",False,2014-05-22,6.523,6139,94,,415.00000000000006,standalone
2108,The Breakfast Club,1000000.0,51525171,"['Comedy', 'Drama']",False,1985-02-15,7.732,8191,98,,5052.5171,standalone
447404,Pokémon Detective Pikachu,150000000.0,449762638,"['Action', 'Adventure', 'Fantasy']",True,2019-05-03,6.919,7041,105,Pokémon Detective Pikachu Collection,199.84175866666666,starter
17654,District 9,30000000.0,210888950,['Science Fiction'],False,2009-08-05,7.453,9794,112,,602.9631666666667,standalone
709631,Cobweb,13000000.0,10091821,['Horror'],False,2023-07-19,6.48,951,88,,-22.370607692307694,standalone
76203,12 Years a Slave,20000000.0,187000000,"['Drama', 'History']",False,2013-10-18,7.938,11500,134,,835.0,standalone
8413,Event Horizon,60000000.0,26700000,"['Horror', 'Science Fiction', 'Mystery']",False,1997-08-15,6.551,2997,95,,-55.50000000000001,standalone
425909,Ghostbusters: Afterlife,75000000.0,204334455,"['Fantasy', 'Comedy', 'Adventure', 'Science Fiction']",True,2021-11-18,7.344,4840,124,Ghostbusters Collection,172.44594,subsequent
215,Saw II,4000000.0,152925093,['Horror'],True,2005-10-28,6.601,5560,93,Saw Collection,3723.127325,subsequent
634,Bridget Jones's Diary,25000000.0,281929795,"['Comedy', 'Romance', 'Drama']",True,2001-04-13,6.746,5247,97,Bridget Jones Collection,1027.71918,starter
11283,Nanny McPhee,25000000.0,123276807,"['Fantasy', 'Comedy', 'Family']",True,2005-10-21,6.68,3101,97,Nanny McPhee Collection,393.107228,starter
44912,Green Lantern,200000000.0,219851172,"['Adventure', 'Action', 'Thriller', 'Science Fiction']",False,2011-06-14,5.175,7373,114,,9.925586000000001,standalone
9543,Prince of Persia: The Sands of Time,200000000.0,336365676,"['Adventure', 'Fantasy', 'Action']",False,2010-05-19,6.289,6878,116,,68.182838,standalone
9032,Big Daddy,34200000.0,234801895,"['Comedy', 'Drama']",False,1999-06-25,6.492,3358,93,,586.5552485380117,standalone
14411,Sinbad: Legend of the Seven Seas,60000000.0,80767884,"['Family', 'Animation', 'Adventure', 'Comedy', 'Fantasy', 'Action']",False,2003-07-02,6.987,2092,90,,34.61314,standalone
293670,The Wailing,10951000.0,49851770,"['Horror', 'Mystery']",False,2016-05-12,7.4,1839,156,,355.22573280978906,standalone
619730,Don't Worry Darling,35000000.0,86700000,"['Science Fiction', 'Mystery', 'Thriller']",False,2022-09-21,6.801,2658,123,,147.71428571428572,standalone
657,From Russia with Love,2000000.0,78900000,"['Action', 'Thriller', 'Adventure']",True,1963-10-10,7.074,3118,115,James Bond Collection,3845.0000000000005,subsequent
388,Inside Man,45000000.0,186003591,"['Crime', 'Drama', 'Thriller']",True,2006-03-17,7.396,5997,129,Inside Man Collection,313.34131333333335,starter
77877,The Lucky One,25000000.0,99400000,"['Drama', 'Romance']",False,2012-04-19,7.165,3713,101,,297.6,standalone
225886,Sex Tape,40000000.0,126069509,['Comedy'],False,2014-07-17,5.415,4106,94,,215.17377249999998,standalone
6435,Practical Magic,75000000.0,46733235,"['Romance', 'Comedy', 'Fantasy']",True,1998-10-16,6.787,1582,104,Practical Magic Collection,-37.68902,starter
34016,She's Out of My League,20000000.0,49800000,"['Romance', 'Comedy']",False,2010-03-11,6.483,2214,104,,149.0,standalone
172385,Rio 2,103000000.0,498781117,"['Animation', 'Adventure', 'Comedy', 'Family']",True,2014-03-19,6.512,3585,101,Rio Collection,384.25351165048545,subsequent
348350,Solo: A Star Wars Story,250000000.0,392952373,"['Science Fiction', 'Adventure', 'Action']",False,2018-05-15,6.562,8839,135,,57.1809492,standalone
718789,Lightyear,200000000.0,226425420,"['Animation', 'Science Fiction', 'Family', 'Adventure']",False,2022-06-15,6.918,3581,105,,13.21271,standalone
9509,Man on Fire,70000000.0,130300000,"['Action', 'Drama', 'Thriller']",False,2004-04-23,7.459,5298,146,,86.14285714285714,standalone
814889,Never Let Go,20000000.0,21768945,['Horror'],False,2024-09-18,6.1,463,101,,8.844725,standalone
1498,Teenage Mutant Ninja Turtles,13500000.0,201965915,"['Science Fiction', 'Action', 'Adventure', 'Comedy', 'Family']",True,1990-03-30,6.697,1849,93,Teenage Mutant Ninja Turtles Collection,1396.0438148148148,starter
1903,Vanilla Sky,68000000.0,203388341,"['Mystery', 'Romance', 'Science Fiction']",False,2001-12-14,6.816,4328,136,,199.10050147058826,standalone
522627,The Gentlemen,22000000.0,115171795,"['Comedy', 'Crime']",False,2020-01-01,7.684,6127,113,,423.5081590909091,standalone
491418,Instant Family,48000000.0,121000000,"['Comedy', 'Drama']",False,2018-11-13,7.515,3069,118,,152.08333333333331,standalone
391,A Fistful of Dollars,200000.0,14500000,['Western'],False,1964-09-12,7.833,4434,99,,7150.0,standalone
456740,Hellboy,50000000.0,55065289,"['Fantasy', 'Horror', 'Action', 'Adventure']",False,2019-04-10,5.58,3526,120,,10.130578,standalone
9453,Caligula,17500000.0,23400000,"['Drama', 'History']",False,1979-08-14,5.997,890,156,,33.714285714285715,standalone
399402,Hunter Killer,40000000.0,31672678,"['Action', 'Adventure', 'Thriller']",False,2018-10-19,6.893,2240,121,,-20.818305000000002,standalone
508,Love Actually,40000000.0,250779876,"['Comedy', 'Romance', 'Drama']",False,2003-09-07,7.105,6989,135,,526.94969,standalone
1443,The Virgin Suicides,6000000.0,10409377,"['Drama', 'Romance']",False,2000-04-21,7.1,3401,97,,73.48961666666666,standalone
646380,Don't Look Up,75000000.0,791863,"['Comedy', 'Science Fiction']",False,2021-12-08,7.071,8662,138,,-98.94418266666666,standalone
2119,Days of Thunder,60000000.0,157920733,"['Adventure', 'Action', 'Drama']",False,1990-06-27,6.372,1558,107,,163.20122166666667,standalone
10764,Quantum of Solace,200000000.0,589593688,"['Adventure', 'Action', 'Thriller', 'Crime']",True,2008-10-29,6.333,8075,106,James Bond Collection,194.796844,subsequent
1493,Miss Congeniality,45000000.0,212000000,"['Comedy', 'Crime', 'Action']",True,2000-12-22,6.539,4022,111,Miss Congeniality Collection,371.11111111111114,starter
299687,The 5th Wave,38000000.0,109906372,"['Science Fiction', 'Adventure', 'Action']",False,2016-01-14,5.942,5836,112,,189.2272947368421,standalone
11774,Lemony Snicket's A Series of Unfortunate Events,140000000.0,209073645,"['Adventure', 'Comedy', 'Family']",False,2004-12-16,6.814,5081,107,,49.338317857142854,standalone
80278,The Impossible,45000000.0,198100000,"['Drama', 'Thriller', 'History']",False,2012-09-09,7.366,6417,113,,340.22222222222223,standalone
10022,The Pacifier,56000000.0,198636868,"['Comedy', 'Family', 'Action']",False,2005-03-04,6.061,3094,95,,254.70869285714284,standalone
10494,Perfect Blue,830000.0,112536,"['Animation', 'Thriller']",False,1998-02-28,8.3,2852,82,,-86.44144578313254,standalone
72570,The Vow,30000000.0,196114570,"['Drama', 'Romance']",False,2012-02-05,7.242,4122,104,,553.7152333333333,standalone
62213,Dark Shadows,150000000.0,245527149,"['Comedy', 'Fantasy']",False,2012-05-09,6.094,7331,113,,63.684766,standalone
303857,Dragon Ball Z: Resurrection 'F',5000000.0,61768190,"['Action', 'Animation', 'Science Fiction']",True,2015-04-18,6.8,1947,93,Dragon Ball Super Collection,1135.3638,starter
1370,Rambo III,63000000.0,189015611,"['Action', 'Adventure', 'Thriller', 'War']",True,1988-05-24,6.2,3275,102,Rambo Collection,200.02477936507938,subsequent
228326,The Book of Life,50000000.0,97437106,"['Animation', 'Adventure', 'Comedy', 'Family', 'Fantasy']",False,2014-10-01,7.542,2780,95,,94.874212,standalone
865,The Running Man,27000000.0,38122105,"['Action', 'Science Fiction', 'Thriller']",False,1987-11-13,6.542,2490,101,,41.19298148148148,standalone
9366,Donnie Brasco,35000000.0,124909762,"['Crime', 'Drama', 'Thriller']",False,1997-02-27,7.536,4585,147,,256.8850342857143,standalone
1372,Blood Diamond,100000000.0,171700000,"['Drama', 'Thriller', 'Action']",False,2006-12-08,7.547,7874,143,,71.7,standalone
1155828,Sing Sing,2000000.0,3401789,['Drama'],False,2024-07-12,7.544,251,107,,70.08945,standalone
966,The Magnificent Seven,2000000.0,4905000,"['Western', 'Action', 'Adventure']",True,1960-10-12,7.509,1863,127,The Magnificent Seven Collection,145.25,starter
60308,Moneyball,50000000.0,110206216,['Drama'],False,2011-09-23,7.279,5380,134,,120.412432,standalone
37137,The Naked Gun 2½: The Smell of Fear,23000000.0,192030411,"['Comedy', 'Crime']",True,1991-06-28,6.805,2377,85,Naked Gun Collection,734.9148304347826,subsequent
754,Face/Off,80000000.0,245700000,"['Action', 'Crime', 'Science Fiction']",False,1997-06-27,7.047,5535,139,,207.125,standalone
9804,Waterworld,175000000.0,264218220,"['Adventure', 'Action', 'Science Fiction']",False,1995-07-28,6.225,3818,135,,50.98184,standalone
34544,The A-Team,110000000.0,177238796,"['Action', 'Comedy', 'Crime']",False,2010-06-09,6.408,4759,117,,61.12617818181818,standalone
11351,Jeepers Creepers 2,17000000.0,63102666,['Horror'],True,2003-08-08,6.154,1707,104,Jeepers Creepers Collection,271.1921529411765,subsequent
8643,The Exorcism of Emily Rose,19000000.0,145166804,"['Crime', 'Drama', 'Horror', 'Thriller']",False,2005-09-09,6.597,2867,122,,664.0358105263158,standalone
11212,Baby's Day Out,50000000.0,16671505,"['Comedy', 'Adventure', 'Family', 'Crime', 'Drama']",False,1994-07-01,6.383,1364,99,,-66.65699000000001,standalone
568620,Snake Eyes: G.I. Joe Origins,88000000.0,36964325,"['Action', 'Adventure']",False,2021-07-22,6.47,1608,121,,-57.995085227272725,standalone
770906,Salaar: Part 1 - Ceasefire,34000000.0,87229100,"['Action', 'Crime', 'Drama']",True,2023-12-21,6.7,90,175,Salaar Collection,156.55617647058824,starter
602223,The Forever Purge,18000000.0,76994245,"['Action', 'Horror', 'Thriller']",True,2021-06-30,6.915,2561,103,The Purge Collection,327.74580555555553,subsequent
73,American History X,20000000.0,23900000,['Drama'],False,1998-07-01,8.337,11933,119,,19.5,standalone
10137,Stuart Little,133000000.0,300135367,"['Family', 'Fantasy', 'Comedy', 'Adventure']",True,1999-12-17,6.066,4462,84,Stuart Little Collection,125.66568947368421,starter
90,Beverly Hills Cop,14000000.0,316360478,"['Comedy', 'Crime', 'Action']",True,1984-12-05,7.203,4322,105,Beverly Hills Cop Collection,2159.7176999999997,starter
643215,Asterix & Obelix: The Middle Kingdom,72000000.0,46497678,"['Family', 'Comedy', 'Adventure']",True,2023-02-01,4.847,1083,112,Asterix & Obelix Live-action Collection,-35.419891666666665,subsequent
399055,The Shape of Water,19500000.0,195300000,"['Drama', 'Fantasy', 'Romance']",False,2017-12-01,7.243,12383,123,,901.5384615384615,standalone
9272,The Good Son,17000000.0,60613008,"['Thriller', 'Drama', 'Horror']",False,1993-09-24,6.775,981,87,,256.5471058823529,standalone
1214509,In a Violent Nature,600000.0,4258197,"['Drama', 'Horror', 'Thriller']",True,2024-05-31,5.7,408,94,In a Violent Nature Collection,609.6995,starter
799379,Project Wolf Hunting,9000000.0,20541,"['Action', 'Thriller', 'Horror', 'Crime']",False,2022-09-21,6.389,395,122,,-99.77176666666666,standalone
23398,Alvin and the Chipmunks: The Squeakquel,75000000.0,443140005,"['Comedy', 'Family', 'Animation', 'Fantasy', 'Music']",True,2009-12-21,5.648,2994,88,Alvin and the Chipmunks Collection,490.85333999999995,subsequent
2502,The Bourne Supremacy,75000000.0,288500217,"['Action', 'Drama', 'Thriller']",True,2004-07-23,7.325,7725,108,The Bourne Collection,284.666956,subsequent
12222,Horton Hears a Who!,85000000.0,298572799,"['Animation', 'Comedy', 'Family', 'Adventure', 'Fantasy']",False,2008-03-03,6.503,3382,86,,251.26211647058824,standalone
9702,Bound by Honor,35000000.0,4500000,"['Crime', 'Action', 'Drama', 'Thriller']",False,1993-02-05,8.135,1439,180,,-87.14285714285714,standalone
324668,Jason Bourne,120000000.0,415484914,"['Action', 'Adventure', 'Thriller']",True,2016-07-27,6.365,5872,123,The Bourne Collection,246.23742833333333,subsequent
256040,Bāhubali: The Beginning,25130430.0,90747520,"['Action', 'Adventure', 'Fantasy', 'Drama']",True,2015-07-10,7.537,849,159,Bāhubali Collection,261.106117165524,starter
9398,Zoolander,28000000.0,60780981,['Comedy'],True,2001-09-28,6.21,4621,89,Zoolander Collection,117.07493214285714,starter
516632,The Empty Man,16000000.0,4796993,"['Horror', 'Mystery', 'Thriller']",False,2020-10-22,6.181,907,137,,-70.01879375,standalone
5925,The Great Escape,4000000.0,11700000,"['Adventure', 'Drama', 'War']",True,1963-07-03,7.946,2653,173,The Great Escape Collection,192.5,starter
9522,Wedding Crashers,40000000.0,288500000,"['Comedy', 'Romance']",False,2005-07-13,6.494,4473,119,,621.25,standalone
11130,The Princess Diaries 2: Royal Engagement,40000000.0,134734481,"['Comedy', 'Drama', 'Family', 'Romance']",True,2004-08-06,6.708,3300,113,The Princess Diaries Collection,236.8362025,subsequent
13510,Eden Lake,12850990.0,3984669,"['Horror', 'Thriller']",False,2008-09-12,6.832,1906,91,,-68.9932915674201,standalone
1391,Y Tu Mamá También,5000000.0,33600000,"['Drama', 'Romance']",False,2001-06-08,7.418,1608,106,,572.0,standalone
6795,Zathura: A Space Adventure,65000000.0,65079104,"['Science Fiction', 'Adventure', 'Family']",False,2005-11-06,6.43,3372,101,,0.12169846153846153,standalone
10066,House of Wax,40000000.0,68766121,"['Mystery', 'Horror', 'Thriller']",False,2005-05-05,6.02,3125,113,,71.9153025,standalone
9342,The Mask of Zorro,95000000.0,250288523,"['Action', 'Adventure']",True,1998-07-16,6.578,4112,136,Zorro Collection,163.46160315789473,starter
2756,The Abyss,43000000.0,90000098,"['Adventure', 'Action', 'Thriller', 'Science Fiction']",False,1989-08-09,7.355,3147,140,,109.3025534883721,standalone
88751,Journey to the Center of the Earth,45000000.0,101702060,"['Action', 'Science Fiction', 'Adventure', 'Comedy', 'Family']",True,2008-07-10,6.079,4928,93,Journey Collection,126.00457777777778,starter
341006,The Belko Experiment,5000000.0,10166820,"['Horror', 'Thriller']",False,2016-03-17,6.15,1534,89,,103.3364,standalone
1127674,The Forbidden City,18218260.0,1457292,"['Action', 'Romance', 'Drama']",False,2025-03-08,7.284,139,138,,-92.00092654293,standalone
4148,Revolutionary Road,35000000.0,76000000,"['Drama', 'Romance']",False,2008-12-19,6.988,3913,119,,117.14285714285715,standalone
505026,Death on the Nile,90000000.0,137307235,"['Mystery', 'Crime', 'Thriller']",True,2022-02-09,6.43,3872,127,Hercule Poirot (Kenneth Branagh) Collection,52.56359444444444,subsequent
913,The Thomas Crown Affair,48000000.0,124305181,"['Drama', 'Crime', 'Romance']",False,1999-08-06,6.745,1237,113,,158.96912708333332,standalone
945729,A Haunting in Venice,60000000.0,121400000,"['Mystery', 'Thriller', 'Crime']",True,2023-09-13,6.599,2539,104,Hercule Poirot (Kenneth Branagh) Collection,102.33333333333334,subsequent
1167271,Weekend in Taipei,30000000.0,2826064,"['Action', 'Adventure', 'Thriller']",False,2024-09-19,6.2,203,101,,-90.57978666666666,standalone
82693,Silver Linings Playbook,21000000.0,236412453,"['Drama', 'Comedy', 'Romance']",False,2012-11-16,7.146,12202,122,,1025.7735857142857,standalone
293863,The Age of Adaline,25000000.0,65663276,"['Romance', 'Fantasy', 'Drama']",False,2015-04-16,7.48,6832,112,,162.65310399999998,standalone
265208,Wild Card,30000000.0,6738764,"['Thriller', 'Crime', 'Action']",False,2015-01-14,5.691,1837,92,,-77.53745333333333,standalone
765897,The Unbreakable Boy,6000000.0,7511126,"['Family', 'Drama']",False,2025-02-20,7.7,86,108,,25.185433333333336,standalone
38167,Eat Pray Love,60000000.0,204594016,"['Drama', 'Romance']",False,2010-08-12,6.243,2502,133,,240.99002666666664,standalone
333669,Bastille Day,20000000.0,14397593,['Action'],False,2016-04-22,6.312,1412,92,,-28.012035,standalone
238615,Self/less,26000000.0,31807156,"['Science Fiction', 'Action', 'Thriller']",False,2015-07-10,6.415,3160,117,,22.335215384615385,standalone
36648,Blade: Trinity,65000000.0,128905366,"['Action', 'Horror', 'Science Fiction']",True,2004-12-08,5.861,4043,123,Blade Collection,98.31594769230769,subsequent
51739,The Secret World of Arrietty,23000000.0,149660003,"['Fantasy', 'Animation', 'Family']",False,2010-07-16,7.7,2948,94,,550.6956652173913,standalone
448119,Dolittle,175000000.0,251410631,"['Family', 'Comedy', 'Fantasy', 'Adventure']",False,2020-01-02,6.595,3703,101,,43.663217714285715,standalone
83542,Cloud Atlas,102000000.0,130482868,"['Drama', 'Science Fiction']",False,2012-10-26,6.888,7218,172,,27.924380392156863,standalone
346648,Paddington 2,40000000.0,290132513,"['Adventure', 'Comedy', 'Family']",True,2017-11-09,7.472,2523,104,Paddington Collection,625.3312825,subsequent
274854,The Last Witch Hunter,90000000.0,146936910,"['Fantasy', 'Action', 'Adventure', 'Horror']",False,2015-10-21,6.0,3683,106,,63.26323333333333,standalone
10439,Hocus Pocus,28000000.0,51663767,"['Fantasy', 'Comedy', 'Family']",True,1993-07-16,7.041,3110,96,Hocus Pocus Collection,84.51345357142857,starter
9353,Nacho Libre,35000000.0,99255460,['Comedy'],False,2006-06-16,6.508,1723,92,,183.58702857142856,standalone
16664,All About Lily Chou-Chou,1250000.0,6776921,"['Drama', 'Crime']",False,2001-10-06,7.4,246,146,,442.15368,standalone
36669,Die Another Day,142000000.0,431971116,"['Adventure', 'Action', 'Thriller']",True,2002-11-17,5.995,3644,133,James Bond Collection,204.2050112676056,subsequent
289,Casablanca,878000.0,10462500,"['Drama', 'Romance']",False,1943-01-15,8.157,5668,103,,1091.6287015945331,standalone
442249,The First Purge,13000000.0,137056262,"['Action', 'Horror', 'Thriller']",True,2018-07-04,6.002,4069,97,The Purge Collection,954.2789384615384,subsequent
180299,The Raid 2,4500000.0,6566916,"['Action', 'Crime', 'Thriller']",True,2014-03-27,7.602,2427,150,The Raid Collection,45.931466666666665,subsequent
34584,The NeverEnding Story,27000000.0,20158808,"['Adventure', 'Fantasy', 'Family', 'Drama']",True,1984-04-06,7.202,4154,102,The NeverEnding Story Collection,-25.337748148148147,starter
334541,Manchester by the Sea,9000000.0,79000000,['Drama'],False,2016-11-17,7.547,6041,138,,777.7777777777777,standalone
13700,Home on the Range,110000000.0,145358062,"['Animation', 'Family']",False,2004-04-02,6.06,2085,76,,32.14369272727273,standalone
11231,The Next Karate Kid,12000000.0,15876353,"['Action', 'Drama', 'Family', 'Adventure']",True,1994-07-18,5.377,1071,107,The Karate Kid Collection,32.30294166666667,subsequent
49524,R.I.P.D.,130000000.0,61600000,"['Fantasy', 'Action', 'Comedy']",True,2013-07-18,5.846,4104,96,R.I.P.D. Collection,-52.61538461538462,starter
51540,Horrible Bosses,35000000.0,209838559,"['Comedy', 'Crime']",True,2011-07-08,6.574,6482,98,Horrible Bosses Collection,499.53874,starter
79777,In the Land of Blood and Honey,10000000.0,303877,"['Drama', 'Romance', 'War']",False,2011-12-22,5.791,151,127,,-96.96123,standalone
117,The Untouchables,25000000.0,76270454,"['Crime', 'History', 'Thriller']",False,1987-06-03,7.757,5855,119,,205.081816,standalone
44048,Unstoppable,100000000.0,167805466,"['Action', 'Thriller']",False,2010-11-04,6.597,3664,98,,67.80546600000001,standalone
1010600,The Strangers: Chapter 1,8500000.0,48166448,"['Horror', 'Thriller']",True,2024-05-15,5.717,522,91,The Strangers (Remake) Collection,466.66409411764704,starter
2280,Big,18000000.0,151927281,"['Fantasy', 'Drama', 'Comedy', 'Romance', 'Family']",False,1988-06-03,7.182,3755,104,,744.04045,standalone
37958,Immortals,75000000.0,226904017,"['Fantasy', 'Action', 'Drama']",False,2011-11-10,6.0,2666,110,,202.5386893333333,standalone
9348,Species,35000000.0,113400000,"['Science Fiction', 'Horror', 'Action']",True,1995-07-07,5.978,1703,108,Species Collection,224.00000000000003,starter
7220,The Punisher,33000000.0,54700105,"['Action', 'Crime', 'Drama']",True,2004-04-15,6.4,2946,124,The Punisher Collection,65.75789393939394,starter
614934,Elvis,85000000.0,288670284,"['Drama', 'Music', 'History']",False,2022-06-22,7.49,3610,159,,239.61209882352944,standalone
785084,The Whale,3000000.0,55101305,['Drama'],False,2022-12-09,7.812,4216,117,,1736.7101666666667,standalone
9426,The Fly,15000000.0,60629159,"['Horror', 'Science Fiction']",True,1986-08-15,7.419,4630,96,The Fly (1986) Collection,304.1943933333333,starter
9408,Surf's Up,85000000.0,149000000,"['Animation', 'Comedy', 'Family']",True,2007-06-08,6.47,2588,85,Surf's Up Collection,75.29411764705883,starter
1830,Lord of War,50000000.0,72600000,"['Crime', 'Drama', 'Thriller']",True,2005-09-16,7.332,4973,122,Lord of War Collection,45.2,starter
49040,The Bourne Legacy,130000000.0,276600000,"['Action', 'Thriller']",True,2012-08-08,6.235,5824,135,The Bourne Collection,112.76923076923077,subsequent
154400,The Drop,12600000.0,19054534,"['Drama', 'Crime']",False,2014-09-12,6.804,2262,106,,51.22646031746032,standalone
14199,The Adventures of Sharkboy and Lavagirl,50000000.0,72000000,"['Adventure', 'Family', 'Science Fiction']",True,2005-06-10,5.194,1542,92,Sharkboy and Lavagirl Collection,44.0,starter
315837,Ghost in the Shell,110000000.0,169801921,"['Science Fiction', 'Drama', 'Action']",False,2017-03-29,6.096,8203,107,,54.365382727272724,standalone
9316,Ong Bak,1100000.0,20112926,"['Action', 'Crime']",True,2003-01-21,7.13,1727,105,Ong Bak Collection,1728.447818181818,starter
768362,Missing,7000000.0,45100756,"['Drama', 'Mystery', 'Thriller']",True,2023-01-19,7.425,1134,111,Searching Collection,544.2965142857144,subsequent
503736,Army of the Dead,90000000.0,190700000,"['Crime', 'Action', 'Horror']",True,2021-05-14,6.23,4155,148,Army of the Dead Collection,111.88888888888889,starter
4588,"Lust, Caution",15000000.0,67100000,"['Action', 'Drama', 'Romance', 'Thriller']",False,2007-09-24,7.241,728,158,,347.3333333333333,standalone
4638,Hot Fuzz,12000000.0,80600000,"['Crime', 'Action', 'Comedy']",False,2007-02-14,7.564,7837,121,,571.6666666666666,standalone
838240,Robot Dreams,5300000.0,4656348,"['Animation', 'Drama', 'Comedy', 'Science Fiction']",False,2023-12-06,8.024,677,102,,-12.144377358490566,standalone
1735,The Mummy: Tomb of the Dragon Emperor,145000000.0,403449830,"['Adventure', 'Action', 'Fantasy']",True,2008-07-01,5.5,4556,112,The Mummy Collection,178.2412620689655,subsequent
9355,Mad Max Beyond Thunderdome,10000000.0,36230219,"['Action', 'Adventure', 'Science Fiction']",True,1985-06-29,6.216,3051,107,Mad Max Collection,262.30219,subsequent
157433,Pet Sematary,21000000.0,113118226,"['Horror', 'Thriller']",True,2019-04-04,5.7,3280,100,Pet Sematary (Reboot) Collection,438.658219047619,starter
13207,Friday the 13th,19000000.0,91509154,"['Horror', 'Thriller']",False,2009-02-11,5.8,2703,97,,381.62712631578944,standalone
882059,Boy Kills World,18000000.0,3139717,"['Crime', 'Thriller', 'Action']",False,2024-04-24,6.793,691,110,,-82.55712777777777,standalone
188222,Entourage,30000000.0,49263404,"['Comedy', 'Drama']",False,2015-06-03,6.256,1051,104,,64.21134666666667,standalone
8065,21,35000000.0,159808370,"['Drama', 'Crime']",False,2008-03-27,6.69,4788,123,,356.59534285714284,standalone
13885,Sweeney Todd: The Demon Barber of Fleet Street,50000000.0,152000000,"['Drama', 'Horror']",False,2007-12-20,7.2,6027,116,,204.0,standalone
338967,Zombieland: Double Tap,42000000.0,122800000,"['Horror', 'Comedy']",True,2019-10-09,6.917,5919,99,Zombieland Collection,192.38095238095238,subsequent
602269,The Little Things,30000000.0,29942746,"['Drama', 'Crime', 'Thriller']",False,2021-01-28,6.334,2613,128,,-0.19084666666666666,standalone
395834,Wind River,11000000.0,44998252,"['Crime', 'Mystery', 'Thriller']",True,2017-08-03,7.435,5417,107,Wind River Collection,309.07501818181817,starter
406,La Haine,2600000.0,15300000,['Drama'],False,1995-05-31,8.086,4240,98,,488.4615384615385,standalone
346672,Underworld: Blood Wars,35000000.0,81093313,"['Fantasy', 'Action', 'Thriller', 'Science Fiction']",True,2016-11-24,5.9,3770,91,Underworld Collection,131.69518,subsequent
33,Unforgiven,14400000.0,159157447,['Western'],False,1992-08-07,7.914,4618,130,,1005.2600486111111,standalone
296099,Vacation,31000000.0,104400000,['Comedy'],False,2015-07-28,6.313,3798,99,,236.7741935483871,standalone
8329,[REC],1500000.0,32511655,"['Horror', 'Mystery']",True,2007-11-23,7.222,4577,78,[REC] Collection,2067.4436666666666,starter
39513,Paul,40000000.0,98000000,"['Adventure', 'Comedy', 'Science Fiction']",False,2011-02-14,6.734,5943,104,,145.0,standalone
1278263,The Seed of the Sacred Fig,3000000.0,6501810,"['Drama', 'Thriller', 'Crime']",False,2024-09-18,7.637,322,167,,116.727,standalone
473033,Uncut Gems,19000000.0,50023780,"['Drama', 'Thriller', 'Crime']",False,2019-08-30,7.159,4955,136,,163.28305263157893,standalone
966220,Sniper: The White Raven,1000000.0,881,"['War', 'Action', 'Drama']",False,2022-05-03,7.629,821,120,,-99.9119,standalone
795,City of Angels,55000000.0,198685114,"['Romance', 'Drama', 'Fantasy']",False,1998-04-10,6.816,2218,114,,261.2456618181818,standalone
445571,Game Night,37000000.0,117501013,"['Mystery', 'Comedy', 'Crime']",False,2018-02-15,6.849,5969,100,,217.5703054054054,standalone
14784,The Fall,30000000.0,3984390,"['Adventure', 'Fantasy', 'Drama']",False,2006-09-09,7.604,1380,119,,-86.7187,standalone
682507,Where the Crawdads Sing,24000000.0,144353965,"['Drama', 'Mystery', 'Romance']",False,2022-07-14,7.565,2005,126,,501.4748541666667,standalone
938,For a Few Dollars More,600000.0,15000000,['Western'],False,1965-12-18,8.018,4162,132,,2400.0,standalone
7459,Speed Racer,120000000.0,93900000,"['Family', 'Action', 'Adventure', 'Comedy']",False,2008-05-07,6.301,1638,135,,-21.75,standalone
238713,Spy,65000000.0,235666219,"['Action', 'Comedy', 'Crime']",False,2015-05-06,6.833,6143,120,,262.5634138461538,standalone
12139,Dennis the Menace,35000000.0,117270765,"['Family', 'Comedy']",True,1993-06-09,5.867,1497,94,Dennis the Menace Collection,235.05932857142855,starter
2288,Closer,27000000.0,115505027,"['Drama', 'Romance']",False,2004-12-03,6.829,3552,104,,327.7963962962963,standalone
426,Vertigo,2479000.0,7808900,"['Mystery', 'Romance', 'Thriller']",False,1958-05-28,8.161,5965,128,,215.00201694231546,standalone
1966,Alexander,155000000.0,167298192,"['War', 'History', 'Action', 'Adventure', 'Drama', 'Romance']",False,2004-11-21,5.941,3347,175,,7.934317419354839,standalone
533,Wallace & Gromit: The Curse of the Were-Rabbit,30000000.0,192610372,"['Adventure', 'Animation', 'Comedy', 'Family']",False,2005-09-15,7.113,2904,85,,542.0345733333332,standalone
339984,Miracles from Heaven,16000000.0,74000000,"['Family', 'Drama']",False,2016-03-17,7.45,1218,119,,362.5,standalone
845111,The Three Musketeers: Milady,39000000.0,21730766,"['Adventure', 'Action', 'Drama', 'History']",True,2023-12-13,6.433,741,115,The Three Musketeers Collection,-44.28008717948718,subsequent
256274,"As Above, So Below",5000000.0,41900000,"['Horror', 'Thriller']",False,2014-08-14,6.72,3606,93,,738.0,standalone
8068,Desperado,7000000.0,25405445,"['Thriller', 'Action', 'Crime']",True,1995-08-25,6.928,2952,104,Mexico Collection,262.93492857142854,subsequent
2675,Signs,72000000.0,408200000,"['Drama', 'Thriller', 'Science Fiction', 'Mystery']",False,2002-08-02,6.7,5838,106,,466.94444444444446,standalone
853,Enemy at the Gates,68000000.0,96976270,"['Drama', 'War', 'History', 'Romance']",False,2001-02-28,7.42,3791,131,,42.61216176470588,standalone
205587,The Judge,40000000.0,84419388,['Drama'],False,2014-10-08,7.325,4217,141,,111.04847,standalone
1371,Rocky III,17000000.0,269952898,['Drama'],True,1982-05-28,6.895,4251,99,Rocky Collection,1487.9582235294117,subsequent
291870,Dirty Grandpa,11500000.0,94100000,['Comedy'],False,2016-01-20,5.931,4441,102,,718.2608695652174,standalone
68728,Oz the Great and Powerful,200000000.0,491868548,"['Fantasy', 'Adventure', 'Family']",False,2013-03-07,5.926,6601,130,,145.93427400000002,standalone
2300,Space Jam,80000000.0,250200000,"['Family', 'Comedy', 'Adventure', 'Animation', 'Science Fiction']",True,1996-11-15,6.814,6145,87,Space Jam Collection,212.75,starter
8916,Antz,60000000.0,171757863,"['Animation', 'Family', 'Adventure', 'Comedy']",False,1998-10-02,6.171,4550,83,,186.263105,standalone
579,Jaws 2,20000000.0,187884000,"['Horror', 'Thriller']",True,1978-06-16,6.027,1995,117,Jaws Collection,839.42,subsequent
11321,Seven Pounds,55000000.0,168167691,['Drama'],False,2008-12-18,7.605,6921,123,,205.75943818181818,standalone
9399,Lionheart,6000000.0,24271196,['Action'],False,1990-06-07,6.573,1082,105,,304.5199333333333,standalone
511987,Crawl,13500000.0,91500000,"['Horror', 'Thriller']",True,2019-07-11,6.331,3190,87,Crawl Collection,577.7777777777777,starter
3049,Ace Ventura: Pet Detective,15000000.0,107217396,"['Comedy', 'Mystery', 'Crime']",True,1994-02-04,6.574,5997,86,Ace Ventura Collection,614.7826399999999,starter
391713,Lady Bird,10000000.0,79000000,"['Drama', 'Comedy']",False,2017-09-01,7.256,8722,94,,690.0,standalone
51608,The Man from Nowhere,1255000.0,43059790,"['Action', 'Thriller', 'Crime']",False,2010-08-04,7.703,1372,119,,3331.0589641434262,standalone
59440,Warrior,25000000.0,23300000,"['Drama', 'Action']",False,2011-09-09,7.8,4737,140,,-6.800000000000001,standalone
54138,Star Trek Into Darkness,190000000.0,467381584,"['Action', 'Adventure', 'Science Fiction']",True,2013-05-05,7.321,9281,132,Star Trek: Alternate Reality Collection,145.99030736842104,subsequent
193756,Lone Survivor,40000000.0,149295601,"['War', 'Action', 'Drama']",False,2013-12-24,7.438,4471,121,,273.23900249999997,standalone
619,The Bodyguard,25000000.0,411006740,"['Action', 'Drama', 'Romance']",False,1992-11-25,6.696,3051,130,,1544.0269600000001,standalone
479718,The Outlaws,5900000.0,52946454,"['Action', 'Crime', 'Thriller']",True,2017-10-03,7.682,472,121,The Roundup Collection,797.3975254237289,starter
18360,Night at the Museum: Battle of the Smithsonian,150000000.0,413106170,"['Adventure', 'Fantasy', 'Action', 'Comedy', 'Family']",True,2009-05-20,6.143,6997,105,Night at the Museum Collection,175.40411333333333,subsequent
1217690,Homestead,5000000.0,20811864,['Drama'],False,2024-12-19,6.5,75,111,,316.23728,standalone
3563,I Now Pronounce You Chuck & Larry,85000000.0,187134117,"['Comedy', 'Romance']",False,2007-07-12,6.086,2409,115,,120.15778470588234,standalone
33217,Diary of a Wimpy Kid,15000000.0,76196538,"['Comedy', 'Family']",True,2010-03-19,6.252,1653,92,Diary of a Wimpy Kid Collection,407.97692,starter
567646,Extreme Job,8120000.0,124652206,"['Action', 'Comedy', 'Crime']",False,2019-01-23,7.138,310,111,,1435.1256896551724,standalone
134374,Pain & Gain,25000000.0,87305549,"['Comedy', 'Crime', 'Action']",False,2013-04-18,6.279,4582,130,,249.22219600000003,standalone
655,"Paris, Texas",1750000.0,2181987,['Drama'],False,1984-07-16,8.099,2004,145,,24.68497142857143,standalone
397567,Along with the Gods: The Two Worlds,18300000.0,125983972,"['Action', 'Adventure', 'Drama', 'Fantasy', 'Thriller']",True,2017-12-20,8.071,1095,139,Along with the Gods Collection,588.4370054644809,starter
1051891,Thelma,5000000.0,12537071,"['Action', 'Comedy', 'Adventure', 'Drama']",False,2024-06-21,6.867,304,98,,150.74142,standalone
257088,Point Break,105000000.0,133782481,"['Action', 'Adventure', 'Crime', 'Thriller']",False,2015-12-03,5.959,2339,114,,27.411886666666668,standalone
21484,Possession,2400000.0,1200000,['Horror'],False,1981-05-27,7.35,1189,124,,-50.0,standalone
64635,Total Recall,125000000.0,198800000,"['Action', 'Science Fiction', 'Thriller']",False,2012-08-02,6.0,5594,118,,59.040000000000006,standalone
146,"Crouching Tiger, Hidden Dragon",17000000.0,213978518,"['Adventure', 'Drama', 'Action', 'Romance']",True,2000-07-06,7.438,3320,120,"Crouching Tiger, Hidden Dragon Collection",1158.6971647058822,starter
11852,The Hot Chick,34000000.0,54639553,"['Comedy', 'Fantasy']",False,2002-12-13,6.367,2052,104,,60.70456764705882,standalone
15070,Undisputed,20000000.0,14946150,"['Action', 'Drama', 'Crime']",True,2002-07-17,6.53,760,96,Undisputed Collection,-25.26925,starter
167032,Curse of Chucky,5000000.0,3876587,"['Horror', 'Thriller']",True,2013-10-08,5.912,1619,97,Child's Play Collection,-22.46826,subsequent
947,Lawrence of Arabia,15000000.0,69995385,"['Adventure', 'History', 'War']",False,1962-12-11,7.997,3183,228,,366.6359,standalone
641,Requiem for a Dream,4500000.0,7390108,"['Crime', 'Drama']",False,2000-10-06,8.015,10362,102,,64.22462222222222,standalone
17578,The Adventures of Tintin,130000000.0,373993951,"['Adventure', 'Animation', 'Mystery']",False,2011-10-24,6.904,5530,107,,187.68765461538462,standalone
319,True Romance,12500000.0,12600000,"['Action', 'Crime', 'Romance']",False,1993-09-09,7.548,2839,119,,0.8,standalone
188927,Star Trek Beyond,185000000.0,343471816,"['Action', 'Adventure', 'Science Fiction']",True,2016-07-07,6.784,6779,122,Star Trek: Alternate Reality Collection,85.66044108108109,subsequent
36643,The World Is Not Enough,135000000.0,361832400,"['Adventure', 'Action', 'Thriller']",True,1999-11-17,6.283,3037,128,James Bond Collection,168.024,subsequent
570670,The Invisible Man,7000000.0,144492724,"['Thriller', 'Science Fiction', 'Horror']",False,2020-02-26,7.112,5905,124,,1964.1817714285714,standalone
7340,Carrie,1800000.0,33800000,"['Horror', 'Thriller']",True,1976-11-03,7.319,4001,98,Carrie Collection,1777.7777777777778,starter
196867,Annie,65000000.0,136853506,"['Comedy', 'Drama', 'Family']",False,2014-12-18,6.239,1305,118,,110.54385538461537,standalone
869291,Cuckoo,7000000.0,6680396,"['Horror', 'Mystery', 'Thriller']",False,2024-02-16,5.756,371,103,,-4.565771428571429,standalone
10201,Yes Man,70000000.0,223200000,"['Comedy', 'Romance']",False,2008-12-09,6.68,7008,104,,218.85714285714286,standalone
717728,Jeepers Creepers: Reborn,5000000.0,6175213,['Horror'],False,2022-09-15,5.376,1021,88,,23.50426,standalone
1082195,The Order,20000000.0,1970445,"['Crime', 'Drama', 'Thriller']",False,2024-12-05,6.587,661,116,,-90.147775,standalone
11253,Hellboy II: The Golden Army,85000000.0,160388063,"['Fantasy', 'Action', 'Adventure']",True,2008-07-11,6.761,5344,120,Hellboy Collection,88.69183882352941,subsequent
839369,May December,20000000.0,4232370,['Drama'],False,2023-11-16,6.591,914,117,,-78.83815,standalone
9387,Conan the Barbarian,20000000.0,73951475,"['Adventure', 'Fantasy', 'Action']",True,1982-04-02,6.815,2590,129,Conan the Barbarian Collection,269.757375,starter
381289,A Dog's Purpose,22000000.0,205000000,"['Adventure', 'Comedy', 'Fantasy', 'Family', 'Drama']",True,2017-01-19,7.637,3405,100,A Dog's Purpose Collection,831.8181818181819,starter
214,Saw III,10000000.0,164874275,"['Horror', 'Thriller', 'Crime']",True,2006-10-26,6.415,4672,108,Saw Collection,1548.7427500000001,subsequent
1955,The Elephant Man,5000000.0,26000000,"['Drama', 'History']",False,1980-10-09,8.05,3683,124,,420.0,standalone
100042,Dumb and Dumber To,40000000.0,169837010,['Comedy'],True,2014-11-12,5.562,3253,110,Dumb and Dumber Collection,324.592525,subsequent
290595,The Huntsman: Winter's War,115000000.0,164989338,"['Action', 'Adventure', 'Drama']",True,2016-04-06,6.292,4877,114,The Huntsman Collection,43.46898956521739,subsequent
5549,RoboCop 2,35000000.0,45681173,"['Action', 'Adventure', 'Crime', 'Science Fiction', 'Thriller']",True,1990-06-22,6.029,1973,117,RoboCop Collection,30.51763714285714,subsequent
376867,Moonlight,4000000.0,65046687,['Drama'],False,2016-10-21,7.371,7216,111,,1526.167175,standalone
10865,Atlantis: The Lost Empire,120000000.0,186053725,"['Animation', 'Family', 'Adventure', 'Science Fiction']",True,2001-06-02,7.022,4897,95,Atlantis Collection,55.04477083333333,starter
17979,A Christmas Carol,200000000.0,325286646,"['Animation', 'Family', 'Fantasy']",False,2009-11-04,6.89,4696,94,,62.643322999999995,standalone
8337,They Live,4000000.0,13000000,"['Science Fiction', 'Action']",False,1988-11-04,7.3,3183,93,,225.0,standalone
11393,The Natural,28000000.0,48000000,['Drama'],False,1984-05-11,6.903,613,137,,71.42857142857143,standalone
515001,Jojo Rabbit,14000000.0,82468705,"['Comedy', 'War', 'Drama']",False,2019-10-18,8.004,9860,108,,489.0621785714286,standalone
309809,The Little Prince,64000000.0,97571250,"['Adventure', 'Animation', 'Fantasy', 'Family']",False,2015-07-29,7.61,2850,108,,52.455078125,standalone
9714,Home Alone 3,32000000.0,79082515,"['Comedy', 'Family']",True,1997-12-12,5.275,3103,102,Home Alone Collection,147.132859375,subsequent
817,Austin Powers: The Spy Who Shagged Me,33000000.0,312016928,"['Adventure', 'Comedy', 'Crime', 'Science Fiction']",True,1999-06-08,6.285,3440,95,Austin Powers Collection,845.5058424242424,subsequent
1825,Over the Top,25000000.0,16057580,"['Action', 'Drama']",False,1987-02-13,6.444,1735,93,,-35.76968,standalone
454527,Benedetta,24350000.0,2652725,"['History', 'Drama', 'Romance']",False,2021-07-09,6.6,1067,131,,-89.1058521560575,standalone
525,The Blues Brothers,27000000.0,115229890,"['Music', 'Comedy', 'Action', 'Crime']",True,1980-06-16,7.726,4334,133,The Blues Brothers Collection,326.77737037037036,starter
11674,101 Dalmatians,54000000.0,320689294,"['Family', 'Comedy']",True,1996-11-27,5.934,3467,103,101 Dalmatians (Live-Action) Collection,493.86906296296297,starter
13387,Transporter 3,30000000.0,109000000,"['Action', 'Thriller', 'Crime']",True,2008-11-26,6.147,3462,103,The Transporter Collection,263.3333333333333,subsequent
44264,True Grit,38000000.0,252300000,"['Drama', 'Adventure', 'Western']",False,2010-12-22,7.309,5409,110,,563.9473684210526,standalone
1620,Hitman,24000000.0,101276318,"['Action', 'Thriller', 'Drama']",True,2007-11-21,6.138,3448,89,Hitman Collection,321.9846583333333,starter
68734,Argo,44500000.0,232300000,"['Drama', 'Thriller']",False,2012-10-11,7.28,8512,120,,422.02247191011236,standalone
760161,Orphan: First Kill,10000000.0,9572765,"['Horror', 'Thriller']",True,2022-07-27,6.6,2187,99,Orphan Collection,-4.272349999999999,subsequent
26123,American Pie Presents: The Book of Love,8000000.0,5021219,['Comedy'],True,2009-12-07,5.258,1762,93,American Pie (Spin-off) Collection,-37.2347625,subsequent
1060046,HIT: The Third Case,7700000.0,14000000,"['Crime', 'Thriller', 'Action']",True,2025-04-30,7.4,31,157,HIT Verse,81.81818181818183,subsequent
1072342,Night Swim,15000000.0,54782510,['Horror'],False,2024-01-03,5.5,709,98,,265.2167333333333,standalone
8488,Hitch,70000000.0,371600000,"['Comedy', 'Drama', 'Romance']",False,2005-02-11,6.569,5939,118,,430.8571428571429,standalone
819,Sleepers,44000000.0,165600000,"['Crime', 'Drama', 'Thriller']",False,1996-10-18,7.603,3644,147,,276.3636363636364,standalone
764,The Evil Dead,350000.0,29612367,['Horror'],True,1981-09-10,7.3,4162,85,Evil Dead Collection,8360.676285714286,starter
293767,Billy Lynn's Long Halftime Walk,40000000.0,30930984,"['Drama', 'War']",False,2016-11-10,6.023,575,113,,-22.672539999999998,standalone
583,Life of Brian,4000000.0,20833252,['Comedy'],False,1979-08-17,7.76,4601,94,,420.83130000000006,standalone
1163258,12th Fail,2400000.0,8300000,['Drama'],False,2023-08-11,7.985,172,146,,245.83333333333334,standalone
27576,Salt,110000000.0,293329073,"['Action', 'Mystery', 'Thriller']",False,2010-07-21,6.413,5637,100,,166.66279363636363,standalone
1621,Trading Places,15000000.0,90404800,['Comedy'],False,1983-06-07,7.224,3415,116,,502.69866666666667,standalone
249070,Hitman: Agent 47,35000000.0,81967450,"['Action', 'Crime', 'Thriller']",True,2015-08-20,5.88,3126,96,Hitman Collection,134.1927142857143,subsequent
2019,Hard Target,18000000.0,74189677,"['Action', 'Thriller', 'Crime']",True,1993-04-27,6.46,1260,97,Hard Target Collection,312.1648722222222,starter
13223,Gran Torino,33000000.0,270000000,['Drama'],False,2008-12-12,7.99,10994,116,,718.1818181818181,standalone
10222,Kickboxer,1500000.0,14697005,"['Action', 'Thriller', 'Drama']",True,1989-04-20,6.829,1469,97,Kickboxer Collection,879.8003333333334,starter
531309,Brightburn,6000000.0,33224654,"['Horror', 'Science Fiction']",False,2019-05-09,6.14,3236,91,,453.7442333333333,standalone
781732,Animal,13000000.0,108300000,"['Action', 'Crime', 'Drama']",True,2023-12-01,6.2,149,201,The Animal Collection,733.0769230769231,starter
10948,The Fox and the Hound,12000000.0,29800000,"['Adventure', 'Animation', 'Drama', 'Family']",True,1981-07-10,7.139,3325,82,The Fox and the Hound Collection,148.33333333333334,starter
928,Gremlins 2: The New Batch,50000000.0,41482207,"['Comedy', 'Horror', 'Fantasy']",True,1990-06-15,6.518,2707,106,The Gremlins Collection,-17.035586,subsequent
834,Underworld: Evolution,50000000.0,111476513,"['Fantasy', 'Action', 'Thriller']",True,2006-01-12,6.593,4154,106,Underworld Collection,122.953026,subsequent
256591,Focus,50100000.0,153962963,"['Romance', 'Comedy', 'Crime']",False,2015-02-25,6.874,7993,105,,207.31130339321356,standalone
44826,Hugo,170000000.0,185770160,"['Adventure', 'Drama', 'Family']",False,2011-11-22,7.173,7361,126,,9.276564705882354,standalone
9335,Transporter 2,32000000.0,89100000,"['Action', 'Thriller', 'Crime']",True,2005-08-03,6.314,3721,88,The Transporter Collection,178.4375,subsequent
27022,The Sorcerer's Apprentice,150000000.0,215300000,"['Fantasy', 'Adventure', 'Action']",False,2010-07-13,6.129,5055,109,,43.53333333333333,standalone
1375,Rocky V,42000000.0,119946358,['Drama'],True,1990-11-16,5.776,3290,104,Rocky Collection,185.58656666666667,subsequent
16996,17 Again,20000000.0,136300000,"['Comedy', 'Fantasy', 'Drama', 'Romance']",False,2009-03-11,6.312,5231,102,,581.5,standalone
481848,The Call of the Wild,109000000.0,111200000,"['Adventure', 'Family', 'Drama']",False,2020-02-19,7.5,3821,100,,2.0183486238532113,standalone
804095,The Fabelmans,40000000.0,45629909,['Drama'],False,2022-11-11,7.593,2506,151,,14.074772499999998,standalone
8055,The Reader,32000000.0,108902486,"['Drama', 'Romance']",False,2008-12-10,7.473,3222,124,,240.32026875,standalone
10947,High School Musical,4200000.0,3746,"['Comedy', 'Drama', 'Family', 'Music', 'Romance', 'TV Movie']",True,2006-01-20,6.548,4639,98,High School Musical Collection,-99.91080952380952,starter
11452,National Lampoon's Van Wilder,6000000.0,39241323,"['Comedy', 'Romance']",True,2002-03-29,6.03,1846,92,National Lampoon's Van Wilder Collection,554.02205,starter
723072,Host,100000.0,443807,['Horror'],False,2020-12-04,6.5,994,56,,343.807,standalone
45612,Source Code,32000000.0,147332697,"['Thriller', 'Science Fiction', 'Mystery']",False,2011-03-30,7.301,8601,93,,360.41467812499997,standalone
888,The Flintstones,46000000.0,341631208,"['Fantasy', 'Comedy', 'Family']",True,1994-05-27,5.351,2505,91,The Flintstones Collection,642.6765391304348,starter
94329,The Raid,1100000.0,9148519,"['Action', 'Thriller', 'Crime']",True,2012-03-22,7.401,3602,101,The Raid Collection,731.6835454545455,starter
10083,No Way Out,15000000.0,35509515,"['Thriller', 'Drama']",False,1987-08-14,6.885,736,114,,136.73010000000002,standalone
9705,Swordfish,102000000.0,147080413,"['Action', 'Crime', 'Thriller']",False,2001-06-08,6.3,2769,99,,44.19648333333333,standalone
25195,Leap Year,19000000.0,32686500,"['Romance', 'Comedy']",False,2010-01-08,6.9,2075,100,,72.03421052631579,standalone
103663,The Hunt,3800000.0,18300000,['Drama'],False,2012-06-13,8.094,4402,116,,381.57894736842104,standalone
867,Sliver,40000000.0,116300000,"['Drama', 'Thriller']",False,1993-05-21,5.5,739,107,,190.75,standalone
51828,One Day,15000000.0,59400000,"['Drama', 'Romance']",False,2011-03-02,7.426,4356,107,,296.0,standalone
1029955,Kinds of Kindness,15000000.0,16398509,"['Drama', 'Comedy']",False,2024-05-30,6.5,1039,164,,9.323393333333334,standalone
508439,Onward,200000000.0,141940042,"['Family', 'Comedy', 'Adventure', 'Animation', 'Fantasy']",False,2020-02-29,7.664,6308,102,,-29.029979,standalone
279,Amadeus,18000000.0,90007557,"['History', 'Music', 'Drama']",False,1984-09-19,8.024,4440,160,,400.0419833333333,standalone
11518,Mohabbatein,4000000.0,20000000,"['Drama', 'Romance']",False,2000-10-27,7.021,257,216,,400.0,standalone
4564,Sex and the City,65000000.0,418800000,"['Comedy', 'Drama', 'Romance']",True,2008-05-12,6.568,2166,146,Sex and the City Collection,544.3076923076923,starter
546121,Run,1700000.0,5184368,"['Thriller', 'Horror', 'Drama']",False,2020-11-20,7.242,2676,90,,204.96282352941176,standalone
649609,Renfield,65000000.0,26874347,"['Comedy', 'Fantasy', 'Horror', 'Action']",False,2023-04-07,6.5,1910,93,,-58.65485076923077,standalone
332210,Storks,70000000.0,182379278,"['Adventure', 'Animation', 'Comedy', 'Family']",False,2016-09-22,6.669,2403,87,,160.54182571428572,standalone
1645,A Time to Kill,40000000.0,152266007,"['Crime', 'Drama', 'Thriller']",False,1996-07-24,7.38,2646,149,,280.66501750000003,standalone
462,Erin Brockovich,52000000.0,256271286,['Drama'],False,2000-03-17,7.443,3362,131,,392.8293961538461,standalone
121856,Assassin's Creed,125000000.0,240700000,"['Action', 'Adventure', 'Science Fiction']",False,2016-12-21,5.431,7856,116,,92.56,standalone
1225377,The Mouse Trap,800000.0,5737,"['Horror', 'Thriller']",True,2024-08-23,4.347,101,80,The Mouse Trap: Collection,-99.282875,starter
501170,Doctor Sleep,45000000.0,72385286,"['Horror', 'Fantasy']",True,2019-10-30,7.146,4588,152,The Shining Collection,60.856191111111116,subsequent
164,Breakfast at Tiffany's,2500000.0,9500000,"['Comedy', 'Romance', 'Drama']",False,1961-10-06,7.642,4285,115,,280.0,standalone
314365,Spotlight,20000000.0,98690254,"['Drama', 'History']",False,2015-11-06,7.815,8421,129,,393.45127,standalone
7214,Coach Carter,30000000.0,76669554,"['Drama', 'History']",False,2005-01-14,7.58,3067,136,,155.56518,standalone
9480,Daredevil,78000000.0,179179718,"['Fantasy', 'Action']",False,2003-02-14,5.3,5207,103,,129.71758717948717,standalone
109414,This Is the End,32000000.0,126041322,"['Action', 'Comedy']",False,2013-06-12,6.232,6515,106,,293.87913125,standalone
254320,The Lobster,4000000.0,15700000,"['Comedy', 'Drama', 'Romance']",False,2015-10-15,7.039,6478,119,,292.5,standalone
1538,Collateral,65000000.0,220239925,"['Drama', 'Crime', 'Thriller']",False,2004-08-04,7.231,5838,120,,238.83065384615384,standalone
37257,Witness for the Prosecution,3000000.0,9000000,"['Drama', 'Mystery', 'Crime']",False,1957-12-17,8.219,1511,116,,200.0,standalone
6637,National Treasure: Book of Secrets,130000000.0,459200000,"['Action', 'Adventure', 'Mystery', 'Thriller']",True,2007-12-19,6.364,5281,124,National Treasure Collection,253.23076923076923,subsequent
869,Planet of the Apes,100000000.0,362211740,"['Thriller', 'Science Fiction', 'Action', 'Adventure']",False,2001-07-25,5.764,4194,120,,262.21174,standalone
9437,Kiss the Girls,27000000.0,60527873,"['Thriller', 'Crime', 'Mystery', 'Drama']",True,1997-09-29,6.524,1732,115,Alex Cross Collection,124.1773074074074,starter
1062215,Afraid,12000000.0,12977758,"['Horror', 'Science Fiction', 'Thriller']",False,2024-08-28,5.957,404,84,,8.147983333333334,standalone
11474,The Warriors,4000000.0,22490039,"['Action', 'Thriller']",False,1979-02-01,7.666,2231,94,,462.250975,standalone
1598,Cape Fear,35000000.0,182300000,"['Drama', 'Crime', 'Thriller']",False,1991-11-13,7.257,3560,128,,420.85714285714283,standalone
428078,Mortal Engines,100000000.0,83869818,"['Adventure', 'Science Fiction']",False,2018-11-27,6.217,4846,128,,-16.130182,standalone
504172,The Mule,50000000.0,174800000,"['Crime', 'Drama']",False,2018-12-14,6.861,5100,116,,249.6,standalone
1991,Death Proof,25000000.0,31126421,"['Action', 'Thriller']",False,2007-05-22,6.836,5312,113,,24.505684,standalone
7551,Déjà Vu,75000000.0,180557550,"['Action', 'Thriller', 'Science Fiction']",False,2006-11-22,6.87,4988,126,,140.7434,standalone
203801,The Man from U.N.C.L.E.,75000000.0,110045109,"['Comedy', 'Action', 'Adventure']",False,2015-08-13,7.087,6502,116,,46.726812,standalone
253412,Everest,55000000.0,203427584,"['Adventure', 'Drama', 'History']",False,2015-09-10,6.824,4987,121,,269.86833454545456,standalone
12106,The Quick and the Dead,35000000.0,47000000,"['Western', 'Action', 'Drama', 'Romance', 'Thriller']",False,1995-02-09,6.553,1808,107,,34.285714285714285,standalone
43074,Ghostbusters,144000000.0,229147509,"['Action', 'Fantasy', 'Comedy']",False,2016-07-14,5.347,6547,117,,59.13021458333333,standalone
1587,What's Eating Gilbert Grape,11000000.0,10000000,"['Romance', 'Drama']",False,1993-12-17,7.666,4066,118,,-9.090909090909092,standalone
1581,The Holiday,85000000.0,205219880,"['Comedy', 'Romance']",False,2006-12-05,7.093,5307,136,,141.43515294117648,standalone
2759,"The Adventures of Priscilla, Queen of the Desert",2000000.0,29700000,"['Drama', 'Comedy']",True,1994-05-31,7.3,833,103,"Priscilla, Queen of the Desert Collection",1385.0,starter
447200,Skyscraper,125000000.0,292400000,"['Action', 'Thriller', 'Adventure']",False,2018-07-11,6.3,5118,102,,133.92,standalone
617653,The Last Duel,100000000.0,30552111,"['History', 'Drama', 'Action']",False,2021-10-13,7.432,3549,153,,-69.44788899999999,standalone
262504,Allegiant,110000000.0,179246868,"['Adventure', 'Science Fiction', 'Action', 'Mystery']",True,2016-03-09,6.1,6734,120,Divergent Collection,62.95169818181818,subsequent
37247,The Graduate,3000000.0,104945305,"['Drama', 'Romance', 'Comedy']",False,1967-12-21,7.636,3469,106,,3398.1768333333334,standalone
454,Romeo + Juliet,14500000.0,147298761,"['Drama', 'Romance']",False,1996-11-01,6.8,5110,120,,915.853524137931,standalone
9506,Anger Management,75000000.0,195745823,['Comedy'],False,2003-04-11,6.154,3244,106,,160.9944306666667,standalone
10323,Clash of the Titans,12000000.0,41092328,"['Adventure', 'Fantasy', 'Action']",False,1981-06-12,6.901,794,118,,242.43606666666668,standalone
10054,Spy Kids,35000000.0,147934180,"['Family', 'Action', 'Comedy', 'Adventure']",True,2001-03-18,5.81,3533,88,Spy Kids Collection,322.6690857142857,starter
2268,The Golden Compass,180000000.0,372200000,"['Adventure', 'Fantasy']",False,2007-12-04,6.075,4640,113,,106.77777777777777,standalone
14438,Fireproof,500000.0,33473297,"['Drama', 'Romance']",False,2008-09-26,7.674,797,118,,6594.6594000000005,standalone
9374,Death Becomes Her,55000000.0,149000000,"['Comedy', 'Fantasy', 'Horror']",False,1992-07-30,6.777,2763,104,,170.9090909090909,standalone
4995,Boogie Nights,15000000.0,43101594,['Drama'],False,1997-10-10,7.632,3277,156,,187.34396,standalone
37233,The Firm,42000000.0,270248367,"['Drama', 'Mystery', 'Thriller']",False,1993-06-30,6.734,2116,154,,543.4484928571429,standalone
814776,Bottoms,11300000.0,12976079,['Comedy'],False,2023-08-25,6.753,708,91,,14.832557522123894,standalone
714,Tomorrow Never Dies,110000000.0,333011068,"['Adventure', 'Action', 'Thriller']",True,1997-12-11,6.369,3204,119,James Bond Collection,202.73733454545453,subsequent
308531,Teenage Mutant Ninja Turtles: Out of the Shadows,135000000.0,245623848,"['Action', 'Adventure', 'Comedy', 'Family', 'Science Fiction']",True,2016-06-01,6.0,3614,112,Teenage Mutant Ninja Turtles (Remake) Collection,81.94359111111112,subsequent
401981,Red Sparrow,69000000.0,151572634,"['Thriller', 'Mystery']",False,2018-02-15,6.537,6119,140,,119.67048405797101,standalone
12096,The Pink Panther,65000000.0,158851357,"['Comedy', 'Mystery', 'Crime', 'Adventure', 'Family']",True,2006-02-10,5.845,1984,93,The Pink Panther (Steve Martin) Collection,144.38670307692308,starter
87818,Movie 43,6000000.0,32443111,['Comedy'],False,2013-01-24,4.624,2381,94,,440.71851666666663,standalone
802,Lolita,2000000.0,9250000,"['Drama', 'Comedy', 'Romance']",False,1962-06-13,7.3,2133,154,,362.5,standalone
337170,American Made,50000000.0,133511855,"['Action', 'Comedy', 'Crime', 'Drama']",False,2017-08-18,6.893,4670,115,,167.02371,standalone
9078,The Sword in the Stone,3000000.0,22200000,"['Animation', 'Family', 'Fantasy']",False,1963-12-25,7.232,3924,79,,640.0,standalone
830788,The Invitation,10000000.0,33628000,"['Horror', 'Thriller']",False,2022-08-24,6.037,878,105,,236.28,standalone
11854,Kuch Kuch Hota Hai,2420000.0,25690000,"['Romance', 'Drama', 'Comedy']",False,1998-10-16,7.465,398,185,,961.5702479338843,standalone
136400,2 Guns,61000000.0,131940411,"['Action', 'Comedy', 'Crime']",False,2013-08-02,6.54,4249,109,,116.29575573770492,standalone
212778,Chef,11000000.0,45967935,['Comedy'],False,2014-05-08,7.117,3403,114,,317.8903181818182,standalone
1272,Sunshine,50000000.0,34800000,"['Science Fiction', 'Thriller']",False,2007-04-05,6.963,3945,107,,-30.4,standalone
11880,Dog Soldiers,2000000.0,3537283,"['Horror', 'Action', 'Thriller']",False,2002-05-10,6.716,914,105,,76.86415,standalone
58595,Snow White and the Huntsman,170000000.0,396600000,"['Adventure', 'Fantasy', 'Drama']",True,2012-05-30,5.985,7985,127,The Huntsman Collection,133.29411764705884,starter
274167,Daddy's Home,50000000.0,242786137,['Comedy'],True,2015-12-25,6.289,3285,96,Daddy's Home Collection,385.572274,starter
298250,Jigsaw,10000000.0,104223315,"['Horror', 'Mystery']",True,2017-10-25,6.2,3785,91,Saw Collection,942.23315,subsequent
663,Saw IV,10000000.0,139352633,"['Horror', 'Thriller', 'Crime']",True,2007-10-25,6.167,3901,93,Saw Collection,1293.5263300000001,subsequent
378236,The Emoji Movie,50000000.0,216909830,"['Animation', 'Family', 'Comedy']",False,2017-07-23,5.431,3178,86,,333.81966,standalone
554596,"No manches, Frida 2: paraíso destruido",5000000.0,26500000,['Comedy'],True,2019-03-15,7.9,919,102,No manches Frida Collection,430.0,subsequent
1700,Misery,20000000.0,61300000,"['Drama', 'Thriller']",False,1990-11-30,7.746,4842,107,,206.5,standalone
816,Austin Powers: International Man of Mystery,16500000.0,67711748,"['Science Fiction', 'Comedy', 'Crime']",True,1997-05-02,6.578,3548,94,Austin Powers Collection,310.3742303030303,starter
79,Hero,31000000.0,177394432,"['Drama', 'Adventure', 'Action', 'History']",False,2002-07-22,7.502,2326,99,,472.2401032258064,standalone
458305,Vivarium,4000000.0,488000,"['Science Fiction', 'Thriller', 'Mystery', 'Horror']",False,2019-09-07,6.054,2252,97,,-87.8,standalone
823625,Blacklight,43000000.0,15902207,"['Action', 'Thriller', 'Adventure']",False,2022-02-10,6.16,1169,104,,-63.018123255813954,standalone
298,Ocean's Thirteen,85000000.0,311312624,"['Crime', 'Thriller']",True,2007-06-05,6.722,6522,122,Ocean's Collection,266.25014588235297,subsequent
20048,Confessions of a Shopaholic,40000000.0,108394089,"['Comedy', 'Romance']",False,2009-02-05,6.489,2652,104,,170.9852225,standalone
935,Dr. Strangelove or: How I Learned to Stop Worrying and Love the Bomb,1800000.0,9500000,"['Comedy', 'War']",False,1964-01-29,8.122,5827,95,,427.77777777777777,standalone
587272,Father There Is Only One,3400000.0,15894372,['Comedy'],True,2019-08-02,7.658,740,95,Father There Is Only One Collection,367.4815294117647,starter
912908,Strays,46000000.0,32000000,"['Comedy', 'Adventure']",False,2023-08-17,7.254,911,93,,-30.434782608695656,standalone
211672,Minions,74000000.0,1159457503,"['Family', 'Animation', 'Adventure', 'Comedy']",True,2015-06-17,6.413,10751,91,Minions Collection,1466.8344635135136,starter
37735,Easy A,8000000.0,75026327,['Comedy'],False,2010-09-16,6.812,7051,93,,837.8290874999999,standalone
82654,Warm Bodies,35000000.0,117000000,"['Horror', 'Comedy', 'Romance']",False,2013-01-31,6.465,6163,97,,234.2857142857143,standalone
130150,Labor Day,18000000.0,20275812,"['Drama', 'Romance', 'Thriller']",False,2013-12-27,7.011,1227,111,,12.6434,standalone
9362,Tremors,11000000.0,48572000,"['Horror', 'Action', 'Science Fiction', 'Comedy']",True,1990-01-19,6.916,3361,96,Tremors Collection,341.56363636363636,starter
37834,Knight and Day,117000000.0,261989769,"['Action', 'Comedy']",False,2010-06-15,6.223,4640,109,,123.92287948717949,standalone
11153,National Lampoon's Vacation,15000000.0,61418063,"['Comedy', 'Adventure']",True,1983-07-29,7.107,1614,99,National Lampoon's Vacation Collection,309.45375333333334,starter
927107,The Bricklayer,23900000.0,899683,"['Action', 'Thriller']",False,2023-12-14,5.833,329,110,,-96.2356359832636,standalone
9312,Mortal Kombat,18000000.0,122195920,"['Action', 'Fantasy']",True,1995-08-18,5.861,2351,101,Mortal Kombat Collection,578.8662222222223,starter
59436,Midnight in Paris,17000000.0,151119219,"['Fantasy', 'Comedy', 'Romance']",False,2011-05-11,7.524,7438,94,,788.9365823529412,standalone
399170,Logan Lucky,29000000.0,48453605,"['Comedy', 'Crime', 'Action', 'Drama']",False,2017-08-17,6.731,3633,119,,67.08139655172414,standalone
11171,Mysterious Skin,3000000.0,2148548,['Drama'],False,2005-03-30,7.7,1144,105,,-28.38173333333333,standalone
136835,No Good Deed,13200000.0,53830415,"['Crime', 'Thriller']",False,2014-09-10,5.932,639,84,,307.8061742424242,standalone
10327,"Legally Blonde 2: Red, White & Blonde",45000000.0,124914842,"['Comedy', 'Romance']",True,2003-07-02,5.711,1639,95,Legally Blonde Collection,177.5885377777778,subsequent
45269,The King's Speech,15000000.0,414211549,"['Drama', 'History']",False,2010-11-26,7.734,8919,118,,2661.4103266666666,standalone
1578,Raging Bull,18000000.0,23380203,['Drama'],False,1980-11-14,7.9,4471,129,,29.890016666666668,standalone
9679,Gone in Sixty Seconds,90000000.0,237200000,"['Action', 'Crime', 'Thriller']",False,2000-06-09,6.44,4589,118,,163.55555555555557,standalone
10784,Cabaret,4600000.0,42800000,"['Music', 'Drama', 'Romance']",False,1972-02-13,7.422,917,124,,830.4347826086957,standalone
1268,Mr. Bean's Holiday,25000000.0,232225908,"['Family', 'Comedy']",True,2007-03-22,6.362,2945,90,Mr. Bean Collection,828.9036319999999,subsequent
75,Mars Attacks!,70000000.0,101371017,"['Comedy', 'Fantasy', 'Science Fiction']",False,1996-12-13,6.415,5590,106,,44.81573857142857,standalone
43593,Piranha 3D,24000000.0,83188165,"['Comedy', 'Horror']",True,2010-08-20,5.404,2286,88,Piranha 3D Collection,246.61735416666664,starter
1487,Hellboy,66000000.0,99318987,"['Fantasy', 'Action']",True,2004-04-02,6.67,7058,122,Hellboy Collection,50.48331363636363,starter
2124,Color of Night,40000000.0,19700000,"['Romance', 'Mystery', 'Thriller']",False,1994-08-19,5.8,588,121,,-50.74999999999999,standalone
1710,Copycat,20000000.0,32000000,"['Thriller', 'Crime', 'Mystery', 'Horror', 'Drama']",False,1995-10-27,6.479,1090,124,,60.0,standalone
668482,Roald Dahl's Matilda the Musical,25000000.0,37289659,"['Family', 'Comedy', 'Fantasy']",False,2022-11-25,6.777,750,117,,49.158636,standalone
708,The Living Daylights,40000000.0,191185897,"['Action', 'Adventure', 'Thriller']",True,1987-06-29,6.53,1858,130,James Bond Collection,377.9647425,subsequent
6557,27 Dresses,30000000.0,160300000,"['Comedy', 'Romance']",False,2008-01-10,6.439,3213,111,,434.33333333333337,standalone
1020006,Priscilla,20000000.0,30140906,"['Drama', 'Romance']",False,2023-10-27,6.791,912,113,,50.704530000000005,standalone
329996,Dumbo,170000000.0,353284621,"['Family', 'Fantasy', 'Adventure']",False,2019-03-27,6.602,4393,112,,107.81448294117648,standalone
36419,After.Life,4500000.0,3606395,"['Drama', 'Horror', 'Mystery', 'Thriller']",False,2009-11-07,6.3,1157,104,,-19.85788888888889,standalone
668,On Her Majesty's Secret Service,7000000.0,82000000,"['Adventure', 'Action', 'Thriller']",True,1969-12-18,6.574,1977,142,James Bond Collection,1071.4285714285713,subsequent
9678,Little Nicky,85000000.0,58292295,"['Comedy', 'Fantasy']",False,2000-11-10,5.86,1873,90,,-31.420829411764707,standalone
486589,Red Shoes and the Seven Dwarfs,20000000.0,10054356,"['Animation', 'Fantasy', 'Family', 'Comedy', 'Romance', 'Adventure']",False,2019-07-25,7.7,1102,92,,-49.72822,standalone
431693,Spies in Disguise,100000000.0,171616764,"['Animation', 'Action', 'Adventure', 'Comedy', 'Family']",False,2019-12-04,7.579,2852,102,,71.616764,standalone
7484,Open Season,85000000.0,197300000,"['Animation', 'Family', 'Adventure', 'Comedy']",True,2006-09-27,6.167,2835,86,Open Season Collection,132.11764705882354,starter
9326,Romancing the Stone,10000000.0,86572238,"['Romance', 'Comedy', 'Action', 'Adventure']",True,1984-03-30,6.8,1898,106,Romancing the Stone Collection,765.7223799999999,starter
193893,Let's Be Cops,17000000.0,136600000,['Comedy'],False,2014-08-13,6.457,2834,104,,703.5294117647059,standalone
10351,Wishmaster,5000000.0,15738769,"['Horror', 'Fantasy']",True,1997-09-19,6.061,640,90,Wishmaster Collection,214.77537999999998,starter
9285,Road Trip,16000000.0,119754278,"['Comedy', 'Adventure']",True,2000-05-19,6.219,2018,93,Road Trip Collection,648.4642375,starter
334533,Captain Fantastic,5000000.0,23123592,"['Adventure', 'Drama']",False,2016-07-08,7.894,6555,118,,362.47184,standalone
424139,Halloween,10000000.0,259939869,"['Horror', 'Thriller']",True,2018-10-18,6.565,4850,106,Halloween Collection,2499.39869,subsequent
11713,Fist of Fury,100000.0,100000000,"['Drama', 'Action', 'Thriller']",True,1972-03-22,7.255,997,108,Fist of Fury Collection,99900.0,starter
8913,Pet Sematary,11500000.0,57500000,"['Horror', 'Drama', 'Fantasy', 'Thriller']",True,1989-04-21,6.629,2244,102,Pet Sematary Collection,400.0,starter
9598,Babe,30000000.0,254100000,"['Fantasy', 'Drama', 'Comedy', 'Family']",True,1995-07-18,6.249,2976,92,Babe Collection,747.0,starter
44115,127 Hours,18000000.0,35700000,"['Adventure', 'Drama', 'Thriller']",False,2010-11-12,7.1,7717,94,,98.33333333333333,standalone
9378,Thir13en Ghosts,42000000.0,68467960,"['Horror', 'Thriller']",False,2001-10-26,6.289,2214,91,,63.01895238095238,standalone
20943,The Ugly Truth,38000000.0,321700000,"['Comedy', 'Romance']",False,2009-07-24,6.507,3615,96,,746.578947368421,standalone
1246,Rocky Balboa,24000000.0,155929020,['Drama'],True,2006-12-20,6.87,3604,102,Rocky Collection,549.70425,subsequent
87502,Flight,31000000.0,161772575,['Drama'],False,2012-11-02,6.847,6157,138,,421.8470161290322,standalone
228205,The Longest Ride,34000000.0,63013281,"['Drama', 'Romance']",False,2015-04-09,7.632,3217,128,,85.3331794117647,standalone
23827,Paranormal Activity,215000.0,193355800,"['Horror', 'Mystery']",True,2007-09-14,6.022,5166,86,Paranormal Activity Collection,89832.93023255814,starter
2978,Ghostbusters II,37000000.0,215394738,"['Comedy', 'Fantasy']",True,1989-06-16,6.59,4593,108,Ghostbusters Collection,482.1479405405405,subsequent
793,Blue Velvet,6000000.0,8636706,"['Mystery', 'Thriller', 'Crime', 'Drama']",False,1986-09-19,7.612,3527,120,,43.9451,standalone
20662,Robin Hood,200000000.0,321669741,"['Action', 'Adventure', 'History']",False,2010-05-12,6.398,4760,140,,60.83487050000001,standalone
12707,Orca,17500000.0,14717854,"['Horror', 'Thriller']",False,1977-07-22,6.155,432,95,,-15.897977142857142,standalone
338762,Bloodshot,42000000.0,39861118,"['Action', 'Science Fiction', 'Adventure']",False,2020-03-05,6.705,5068,110,,-5.092576190476191,standalone
860,WarGames,12000000.0,124600000,"['Thriller', 'Science Fiction', 'Drama']",True,1983-06-03,7.076,1989,114,WarGames Collection,938.3333333333333,starter
536437,Hypnotic,70000000.0,16014123,"['Mystery', 'Science Fiction', 'Thriller', 'Action', 'Drama']",False,2023-05-11,6.221,1311,93,,-77.12268142857143,standalone
580175,Another Round,5150000.0,21700000,"['Comedy', 'Drama']",False,2020-09-24,7.636,3475,117,,321.3592233009709,standalone
6978,Big Trouble in Little China,25000000.0,11102672,"['Action', 'Comedy', 'Fantasy', 'Adventure']",False,1986-05-30,7.214,3134,100,,-55.589312,standalone
47964,A Good Day to Die Hard,92000000.0,304654182,"['Action', 'Thriller']",True,2013-02-06,5.332,6516,98,Die Hard Collection,231.14585,subsequent
280092,Insidious: Chapter 3,10000000.0,120453155,"['Horror', 'Thriller']",True,2015-05-28,6.3,3453,97,Insidious Collection,1104.53155,subsequent
11322,Public Enemies,100000000.0,214104620,"['Crime', 'History', 'Drama']",False,2009-07-01,6.688,4577,140,,114.10461999999998,standalone
762430,Retribution,20000000.0,18685751,"['Thriller', 'Action', 'Adventure']",False,2023-08-23,6.593,1231,91,,-6.571245,standalone
11778,The Deer Hunter,15000000.0,49000000,"['Drama', 'War']",False,1978-12-08,7.991,3965,183,,226.66666666666666,standalone
4964,Knocked Up,30000000.0,219900000,"['Comedy', 'Romance', 'Drama']",True,2007-06-01,6.295,4063,129,Knocked Up Collection,633.0,starter
467938,Revenge,2900000.0,938055,"['Action', 'Horror', 'Thriller']",False,2018-02-07,6.496,1923,109,,-67.65327586206897,standalone
338952,Fantastic Beasts: The Crimes of Grindelwald,200000000.0,654900000,"['Fantasy', 'Adventure']",True,2018-11-14,6.845,11091,134,Fantastic Beasts Collection,227.45000000000002,subsequent
660120,The Worst Person in the World,5000000.0,12687507,"['Drama', 'Romance', 'Comedy']",False,2021-10-13,7.47,1523,128,,153.75014,standalone
77016,End of Watch,7000000.0,55078146,"['Crime', 'Drama', 'Thriller']",False,2012-09-20,7.352,3386,109,,686.8306571428571,standalone
13161,Big Stan,7500000.0,8742330,"['Comedy', 'Crime']",False,2007-11-03,6.594,948,109,,16.564400000000003,standalone
41439,Saw 3D,17000000.0,136151680,"['Horror', 'Crime']",True,2010-10-22,5.99,3136,90,Saw Collection,700.8922352941177,subsequent
301337,Downsizing,68000000.0,55003890,"['Drama', 'Science Fiction', 'Comedy']",False,2017-12-22,5.375,3898,135,,-19.111926470588237,standalone
17903,A Frozen Flower,10000000.0,18980744,['Drama'],False,2008-12-30,6.9,147,133,,89.80744,standalone
479455,Men in Black: International,110000000.0,253890701,"['Comedy', 'Science Fiction', 'Action']",False,2019-06-12,5.907,5067,115,,130.80972818181817,standalone
681,Diamonds Are Forever,7200000.0,116019547,"['Action', 'Thriller']",True,1971-12-14,6.398,2188,120,James Bond Collection,1511.3825972222223,subsequent
86834,Noah,125000000.0,362600000,"['Drama', 'Adventure']",False,2014-03-07,5.67,6327,138,,190.08,standalone
453405,Gemini Man,140000000.0,173469516,"['Science Fiction', 'Action', 'Adventure', 'Thriller']",False,2019-10-02,6.281,5236,117,,23.90679714285714,standalone
8738,The Final Countdown,12000000.0,16647800,"['War', 'Action', 'Science Fiction']",False,1980-01-31,6.608,628,103,,38.73166666666666,standalone
823482,Dream Scenario,10000000.0,14114415,"['Comedy', 'Fantasy']",False,2023-11-10,6.664,1072,102,,41.14415,standalone
38321,Priest,60000000.0,78309131,"['Action', 'Fantasy', 'Horror', 'Thriller']",False,2011-05-05,5.829,2354,87,,30.515218333333333,standalone
1367,Rocky II,7000000.0,85187855,['Drama'],True,1979-06-15,7.278,4529,120,Rocky Collection,1116.969357142857,subsequent
1677,Ray,40000000.0,124700000,"['Drama', 'Music']",False,2004-10-29,7.456,2071,152,,211.75000000000003,standalone
653851,Devotion,90000000.0,20000000,"['War', 'Drama', 'Action']",False,2022-11-23,7.091,755,139,,-77.77777777777779,standalone
49520,The Change-Up,52000000.0,75500000,['Comedy'],False,2011-08-05,6.155,2822,112,,45.19230769230769,standalone
11576,"It's a Mad, Mad, Mad, Mad World",9400000.0,60000000,"['Action', 'Adventure', 'Comedy', 'Crime']",False,1963-11-07,6.975,628,197,,538.2978723404256,standalone
517814,Capernaum,4000000.0,64978931,['Drama'],False,2018-09-20,8.148,1816,126,,1524.473275,standalone
15092,Crank: High Voltage,20000000.0,34600000,"['Action', 'Thriller', 'Crime']",True,2009-04-16,6.083,2953,96,Crank Collection,73.0,subsequent
9341,The Core,60000000.0,74208267,"['Science Fiction', 'Adventure', 'Thriller']",False,2003-03-28,5.82,1996,136,,23.680445,standalone
9277,The Sting,5500000.0,159616327,"['Comedy', 'Crime', 'Drama']",True,1973-12-25,8.027,2726,129,The Sting Collection,2802.115036363636,starter
29845,A Woman Under the Influence,1000000.0,12200000,"['Drama', 'Romance']",False,1974-11-18,7.8,522,155,,1120.0,standalone
2666,Dark City,27000000.0,27200000,"['Mystery', 'Science Fiction']",False,1998-02-27,7.331,2950,100,,0.7407407407407408,standalone
707,A View to a Kill,30000000.0,152427960,"['Adventure', 'Action', 'Thriller']",True,1985-05-24,6.239,2046,131,James Bond Collection,408.09319999999997,subsequent
2832,Identity,28000000.0,90259536,"['Mystery', 'Thriller']",False,2003-04-25,7.178,4032,90,,222.35548571428572,standalone
236751,Heaven Is for Real,12000000.0,101300000,['Drama'],False,2014-04-16,6.737,837,99,,744.1666666666666,standalone
9567,Tears of the Sun,75000000.0,86500000,"['War', 'Action', 'Drama']",False,2003-03-07,6.888,2444,121,,15.333333333333332,standalone
454619,Overboard,12000000.0,91244913,"['Romance', 'Comedy']",False,2018-04-13,6.665,1406,112,,660.374275,standalone
9350,Cliffhanger,70000000.0,255000211,"['Action', 'Adventure', 'Thriller']",True,1993-05-28,6.511,2464,112,Cliffhanger Collection,264.2860157142857,starter
188161,A Million Ways to Die in the West,40000000.0,86400000,"['Comedy', 'Western']",False,2014-05-22,6.051,4194,116,,115.99999999999999,standalone
455476,Knights of the Zodiac,60000000.0,7000000,"['Fantasy', 'Action', 'Adventure', 'Science Fiction']",False,2023-04-27,6.338,1203,113,,-88.33333333333333,standalone
395,AVP: Alien vs. Predator,70000000.0,177427090,"['Adventure', 'Science Fiction', 'Action', 'Horror']",True,2004-08-12,5.9,4621,100,AVP Collection,153.46727142857145,starter
429351,12 Strong,35000000.0,67450815,"['War', 'Drama', 'Action', 'History']",False,2018-01-18,6.346,3058,130,,92.71661428571429,standalone
943,Lethal Weapon 3,35000000.0,321731527,"['Action', 'Comedy', 'Thriller', 'Crime']",True,1992-05-15,6.702,3018,118,Lethal Weapon Collection,819.2329342857142,subsequent
8367,Robin Hood: Prince of Thieves,48000000.0,390493908,"['Action', 'Adventure', 'Drama']",False,1991-06-14,6.9,3373,143,,713.5289750000001,standalone
639,When Harry Met Sally...,16000000.0,92823546,"['Comedy', 'Romance', 'Drama']",False,1989-07-12,7.406,4243,96,,480.1471625,standalone
109428,Evil Dead,17000000.0,99010045,['Horror'],False,2013-04-05,6.572,4753,91,,482.4120294117647,standalone
395992,Life,58000000.0,100541806,"['Horror', 'Science Fiction', 'Mystery', 'Thriller']",False,2017-03-22,6.444,7550,104,,73.34794137931034,standalone
10398,Double Jeopardy,70000000.0,177841558,"['Drama', 'Thriller', 'Mystery']",False,1999-09-24,6.608,1379,105,,154.05936857142856,standalone
503919,The Lighthouse,11000000.0,18262464,"['Drama', 'Fantasy', 'Thriller']",False,2019-10-18,7.5,5155,109,,66.0224,standalone
1273049,Dragon,4273176.0,13776156,"['Romance', 'Comedy', 'Drama']",False,2025-02-21,8.045,22,157,,222.38681486557073,standalone
9992,Arthur and the Invisibles,86000000.0,108605609,"['Adventure', 'Fantasy', 'Animation', 'Family']",True,2006-12-13,6.39,2922,94,Arthur and the Invisibles Collection,26.285591860465118,starter
984,Dirty Harry,4000000.0,35976000,"['Action', 'Crime', 'Thriller']",True,1971-12-23,7.447,2558,102,Dirty Harry Collection,799.4,starter
11528,The Sandlot,7000000.0,34348444,"['Family', 'Comedy']",True,1993-04-07,7.537,1226,101,The Sandlot Collection,390.69205714285715,starter
994108,All of Us Strangers,5000000.0,14864960,"['Romance', 'Drama', 'Fantasy']",False,2023-12-22,7.4,859,105,,197.2992,standalone
207932,Inferno,75000000.0,220021259,"['Mystery', 'Thriller', 'Action']",True,2016-10-13,6.084,6369,121,Robert Langdon Collection,193.36167866666668,subsequent
802219,Bob Marley: One Love,70000000.0,180828556,"['Music', 'History', 'Drama']",False,2024-02-14,6.7,857,104,,158.32650857142858,standalone
55301,Alvin and the Chipmunks: Chipwrecked,75000000.0,342695435,"['Comedy', 'Fantasy', 'Family', 'Music', 'Animation']",True,2011-12-14,5.704,2248,87,Alvin and the Chipmunks Collection,356.9272466666667,subsequent
600354,The Father,6000000.0,21029340,['Drama'],False,2020-12-23,8.112,3360,97,,250.489,standalone
1306845,Jaat,11764705.0,12117647,"['Crime', 'Action', 'Thriller']",False,2025-04-10,5.9,21,153,,3.000007225000542,standalone
227,The Outsiders,10000000.0,33697647,"['Crime', 'Drama']",False,1983-03-25,7.2,1435,91,,236.97647,standalone
618588,Arthur the King,19000000.0,40829138,"['Adventure', 'Drama']",False,2024-03-15,7.6,808,107,,114.89020000000001,standalone
872,Singin' in the Rain,2540800.0,7200000,"['Comedy', 'Romance']",False,1952-04-10,8.149,3277,103,,183.37531486146094,standalone
10014,A Nightmare on Elm Street Part 2: Freddy's Revenge,3000000.0,29999213,['Horror'],True,1985-11-01,5.781,1961,87,A Nightmare on Elm Street Collection,899.9737666666666,subsequent
17474,The Man in the Moon,1237669.0,2853801,"['Drama', 'Family', 'Romance']",False,1991-09-30,7.366,324,99,,130.57869268762488,standalone
567,Rear Window,1000000.0,37042336,"['Thriller', 'Mystery']",False,1954-08-01,8.353,6752,112,,3604.2336,standalone
667,You Only Live Twice,9500000.0,111600000,"['Action', 'Thriller', 'Adventure']",True,1967-06-13,6.585,2287,117,James Bond Collection,1074.7368421052631,subsequent
602734,Spiral: From the Book of Saw,20000000.0,40618920,"['Horror', 'Mystery']",True,2021-05-12,5.934,2124,93,Saw Collection,103.09459999999999,subsequent
82703,Mr. Peabody & Sherman,145000000.0,272912430,"['Animation', 'Adventure', 'Family']",False,2014-02-07,6.717,2426,92,,88.21546896551725,standalone
395990,Death Wish,30000000.0,34017028,"['Action', 'Crime', 'Thriller', 'Drama']",False,2018-03-01,6.189,2624,107,,13.390093333333333,standalone
1646,Freedom Writers,21000000.0,43095175,"['Crime', 'Drama']",False,2007-01-05,7.9,2313,123,,105.21511904761904,standalone
1235499,The Last Showgirl,2000000.0,6380079,['Drama'],False,2024-12-13,6.5,160,89,,219.00395,standalone
14926,Uptown Girls,20000000.0,44600000,"['Comedy', 'Drama']",False,2003-08-15,6.9,958,92,,123.0,standalone
1255,The Host,11000000.0,88489643,"['Horror', 'Drama', 'Science Fiction']",False,2006-07-27,6.979,2904,120,,704.4513000000001,standalone
136795,The Heat,43000000.0,158674180,"['Action', 'Comedy', 'Crime']",False,2013-06-27,6.598,4011,117,,269.00972093023256,standalone
16871,Drag Me to Hell,30000000.0,91388487,"['Horror', 'Thriller']",False,2009-05-27,6.4,3818,99,,204.62829,standalone
9870,Forgetting Sarah Marshall,30000000.0,105173115,"['Comedy', 'Romance', 'Drama']",False,2008-04-17,6.502,3481,111,,250.57705,standalone
10637,Remember the Titans,30000000.0,136700000,['Drama'],False,2000-09-29,7.644,2761,113,,355.6666666666667,standalone
194662,Birdman or (The Unexpected Virtue of Ignorance),18000000.0,103215094,"['Drama', 'Comedy']",False,2014-10-17,7.454,13074,120,,473.41718888888886,standalone
522162,Midway,100000000.0,127400000,"['Action', 'War', 'History']",False,2019-11-06,7.116,2558,138,,27.400000000000002,standalone
9471,Charlie's Angels: Full Throttle,120000000.0,259175788,"['Action', 'Adventure', 'Comedy']",True,2003-06-25,5.5,3118,106,Charlie's Angels Collection,115.97982333333334,subsequent
6623,The Peacemaker,50000000.0,110463140,"['Action', 'Thriller']",False,1997-09-26,6.039,1050,124,,120.92628,standalone
539681,DC League of Super-Pets,90000000.0,203000000,"['Animation', 'Action', 'Family', 'Comedy', 'Science Fiction']",False,2022-07-27,7.199,1630,105,,125.55555555555556,standalone
580,Jaws: The Revenge,23000000.0,51881012,"['Adventure', 'Thriller', 'Horror']",True,1987-07-17,4.085,1098,89,Jaws Collection,125.56961739130435,subsequent
158011,The Call,13000000.0,68572378,"['Crime', 'Thriller']",False,2013-03-14,6.795,2935,94,,427.4798307692308,standalone
8982,The Protector,6000000.0,27165581,"['Action', 'Crime', 'Drama', 'Thriller']",True,2005-08-11,7.1,882,111,The Protector Collection,352.7596833333333,starter
76726,Chronicle,15000000.0,145000000,"['Science Fiction', 'Drama', 'Thriller']",False,2012-02-01,6.833,5434,84,,866.6666666666666,standalone
8963,Crimson Tide,53000000.0,157387195,"['Thriller', 'Action', 'Drama', 'War']",False,1995-05-12,7.2,1844,116,,196.95697169811322,standalone
13888,Return to the Blue Lagoon,11000000.0,2807854,"['Adventure', 'Drama']",True,1991-08-02,6.203,1204,98,The Blue Lagoon Collection,-74.47405454545455,subsequent
709,Licence to Kill,32000000.0,156167015,"['Adventure', 'Action', 'Thriller']",True,1989-06-13,6.416,2004,133,James Bond Collection,388.02192187500003,subsequent
9441,Stepmom,50000000.0,159710793,"['Drama', 'Romance', 'Comedy']",False,1998-12-25,7.157,1470,125,,219.421586,standalone
492188,Marriage Story,18000000.0,2300000,['Drama'],False,2019-09-28,7.732,7112,137,,-87.22222222222223,standalone
417830,Diary of a Wimpy Kid: The Long Haul,22000000.0,40120144,"['Comedy', 'Family', 'Adventure']",True,2017-05-19,5.301,494,91,Diary of a Wimpy Kid Collection,82.36429090909091,subsequent
7552,Fun with Dick and Jane,100000000.0,202026112,"['Comedy', 'Crime']",False,2005-12-21,6.212,2504,90,,102.026112,standalone
9879,Striptease,50000000.0,113309743,"['Comedy', 'Crime', 'Drama']",False,1996-06-28,5.554,1110,115,,126.619486,standalone
556694,Three Thousand Years of Longing,60000000.0,20300000,"['Drama', 'Fantasy', 'Romance']",False,2022-08-24,6.9,1491,108,,-66.16666666666666,standalone
558915,The Color Purple,90000000.0,68919191,['Drama'],False,2023-12-25,7.074,309,141,,-23.42312111111111,standalone
1690,Hostel,4800000.0,81979826,['Horror'],True,2006-01-06,5.945,3733,94,Hostel Collection,1607.913041666667,starter
199575,These Final Hours,2500000.0,360000,"['Science Fiction', 'Drama', 'Thriller']",False,2014-07-31,6.5,574,87,,-85.6,standalone
77174,ParaNorman,60000000.0,107139399,"['Family', 'Animation', 'Adventure', 'Comedy']",False,2012-08-03,6.996,2596,90,,78.565665,standalone
75174,The Grey,25000000.0,79781695,"['Action', 'Adventure', 'Drama', 'Thriller']",False,2012-01-26,6.566,3920,117,,219.12678,standalone
12620,The House Bunny,25000000.0,70442940,"['Romance', 'Comedy']",False,2008-08-22,5.668,1934,97,,181.77176,standalone
184314,Young & Beautiful,4650000.0,9757417,['Drama'],False,2013-08-21,6.503,1265,95,,109.8369247311828,standalone
22954,Invictus,60000000.0,122400000,"['Drama', 'History']",False,2009-12-11,7.184,4191,134,,104.0,standalone
52520,Underworld: Awakening,70000000.0,160112671,"['Fantasy', 'Action', 'Horror']",True,2012-01-19,6.328,4165,88,Underworld Collection,128.73238714285716,subsequent
9778,Serendipity,28000000.0,77516304,"['Comedy', 'Romance']",False,2001-10-05,6.952,1992,90,,176.84394285714288,standalone
10529,Outlander,50000000.0,7033683,"['Science Fiction', 'Action']",False,2008-04-24,6.438,1312,115,,-85.932634,standalone
700,Octopussy,27500000.0,187500000,"['Adventure', 'Action', 'Thriller']",True,1983-06-05,6.356,2045,131,James Bond Collection,581.8181818181819,subsequent
1965,A Perfect Murder,60000000.0,128038368,"['Crime', 'Thriller', 'Drama']",False,1998-06-05,6.543,1441,107,,113.39728,standalone
334543,Lion,12000000.0,140312928,['Drama'],False,2016-11-24,8.045,6717,118,,1069.2744,standalone
37686,Super 8,50000000.0,260100000,"['Thriller', 'Science Fiction', 'Mystery']",False,2011-06-08,6.77,6727,112,,420.2,standalone
454992,The Spy Who Dumped Me,40000000.0,33562069,"['Comedy', 'Action', 'Adventure']",False,2018-08-02,6.398,2265,116,,-16.0948275,standalone
292431,Love,3000000.0,249083,"['Drama', 'Romance']",False,2015-07-15,6.458,2542,134,,-91.69723333333333,standalone
97630,Zero Dark Thirty,40000000.0,132800000,"['Thriller', 'Drama']",False,2012-12-19,6.99,4642,157,,231.99999999999997,standalone
375794,"No manches, Frida",5000000.0,23500000,['Comedy'],True,2016-09-02,7.684,919,100,No manches Frida Collection,370.0,starter
341013,Atomic Blonde,30000000.0,100014025,"['Action', 'Adventure', 'Thriller']",False,2017-07-26,6.4,6358,115,,233.38008333333335,standalone
419478,Midnight Sun,2800000.0,27365467,"['Romance', 'Drama']",False,2018-03-22,7.814,3484,91,,877.3381071428572,standalone
10314,She's All That,10000000.0,103166989,"['Comedy', 'Romance']",False,1999-01-29,6.32,2127,95,,931.66989,standalone
14442,Ella Enchanted,31000000.0,27400000,"['Family', 'Fantasy', 'Comedy']",False,2004-04-09,6.5,1880,96,,-11.612903225806452,standalone
460019,Truth or Dare,3500000.0,95330493,"['Thriller', 'Horror']",False,2018-04-12,5.94,4096,101,,2623.7283714285713,standalone
698,Moonraker,34000000.0,210308099,"['Action', 'Adventure', 'Thriller', 'Science Fiction']",True,1979-06-26,6.173,2051,126,James Bond Collection,518.5532323529411,subsequent
270938,Falcon Rising,4500000.0,11774,"['Adventure', 'Action']",False,2014-09-05,6.303,361,103,,-99.73835555555556,standalone
5924,Papillon,12000000.0,53267000,"['Crime', 'Drama']",False,1973-12-16,7.831,1980,151,,343.89166666666665,standalone
10719,Elf,32000000.0,228500000,"['Comedy', 'Family', 'Fantasy']",False,2003-11-07,6.655,4216,97,,614.0625,standalone
9273,Ace Ventura: When Nature Calls,30000000.0,212385533,"['Crime', 'Comedy', 'Adventure']",True,1995-11-10,6.327,4285,90,Ace Ventura Collection,607.9517766666667,subsequent
4552,A Tale of Two Sisters,15100000.0,1100000,"['Drama', 'Horror', 'Mystery']",False,2003-06-13,7.1,1234,115,,-92.71523178807946,standalone
458423,Mamma Mia! Here We Go Again,75000000.0,395607854,"['Comedy', 'Romance']",True,2018-07-18,7.089,3434,114,Mamma Mia! Collection,427.4771386666667,starter
16337,The Texas Chainsaw Massacre 2,4500000.0,8000000,"['Horror', 'Comedy']",True,1986-08-22,5.641,924,100,Texas Chainsaw Massacre Collection,77.77777777777779,subsequent
25376,The Secret in Their Eyes,2000000.0,33965843,"['Mystery', 'Thriller', 'Drama', 'Romance']",False,2009-08-13,7.984,2652,130,,1598.29215,standalone
4032,My Girl,17000000.0,59490000,"['Comedy', 'Drama']",True,1991-11-27,7.401,2161,103,My Girl Collection,249.94117647058823,starter
9035,Slither,15000000.0,12800000,"['Horror', 'Science Fiction', 'Comedy']",False,2006-03-31,6.5,1606,95,,-14.666666666666666,standalone
7445,Brothers,26000000.0,43500000,"['Drama', 'Thriller', 'War']",False,2009-12-02,7.313,3712,105,,67.3076923076923,standalone
415842,American Assassin,33000000.0,67200000,"['Action', 'Adventure', 'Thriller']",False,2017-09-14,6.417,3093,112,,103.63636363636364,standalone
674324,The Banshees of Inisherin,20000000.0,49300000,"['Drama', 'Comedy']",False,2022-10-20,7.449,2979,114,,146.5,standalone
2118,L.A. Confidential,35000000.0,126216940,"['Crime', 'Mystery', 'Thriller', 'Drama']",False,1997-09-19,7.8,5164,138,,260.61982857142857,standalone
613,Downfall,16000000.0,92181574,"['Drama', 'History', 'War']",False,2004-09-16,7.9,4013,155,,476.1348375,standalone
139038,A Haunted House,2500000.0,60141683,"['Comedy', 'Horror']",True,2013-01-11,5.945,1950,86,A Haunted House Collection,2305.66732,starter
11001,Blue Streak,65000000.0,117758500,"['Action', 'Comedy', 'Crime']",False,1999-09-17,6.488,1532,93,,81.16692307692308,standalone
399174,Isle of Dogs,62770198.0,64337744,"['Adventure', 'Comedy', 'Animation']",False,2018-03-23,7.851,5063,101,,2.497277450040862,standalone
9539,Martyrs,6500000.0,1100000,"['Horror', 'Drama', 'Thriller']",False,2008-06-12,7.307,2812,99,,-83.07692307692308,standalone
840,Close Encounters of the Third Kind,20000000.0,306889114,"['Science Fiction', 'Drama']",False,1977-12-14,7.346,4368,137,,1434.4455699999999,standalone
8914,Deep Blue Sea,60000000.0,164648231,"['Action', 'Horror', 'Science Fiction']",True,1999-07-28,5.989,2508,105,Deep Blue Sea Collection,174.41371833333332,starter
5038,Vicky Cristina Barcelona,15000000.0,96409830,"['Drama', 'Romance']",False,2008-08-15,6.795,3823,96,,542.7322,standalone
617,Wild Things,20000000.0,67200000,"['Mystery', 'Thriller', 'Drama']",True,1998-03-20,6.367,1814,108,Wild Things Collection,236.0,starter
7229,Ruby & Quentin,27440000.0,27729359,"['Comedy', 'Crime']",False,2003-10-22,6.686,845,85,,1.054515306122449,standalone
975511,The Return,20000000.0,2106733,"['History', 'Drama', 'Adventure']",False,2024-09-07,6.5,324,116,,-89.466335,standalone
6947,The Village,60000000.0,256700000,"['Drama', 'Mystery', 'Thriller']",False,2004-07-30,6.483,4334,108,,327.8333333333333,standalone
119283,Parker,35000000.0,46216641,"['Action', 'Crime']",False,2013-01-23,6.066,3117,118,,32.04754571428571,standalone
9334,The Scorpion King,60000000.0,165333180,"['Action', 'Adventure', 'Fantasy', 'Drama']",True,2002-04-18,5.59,3214,92,The Scorpion King Collection,175.5553,starter
484247,A Simple Favor,20000000.0,97644617,"['Thriller', 'Crime', 'Comedy', 'Mystery']",True,2018-09-13,6.638,4377,117,A Simple Favor Collection,388.223085,starter
284536,The Gambler,25000000.0,39171130,"['Thriller', 'Crime', 'Drama']",False,2014-12-25,6.02,1464,111,,56.684520000000006,standalone
91586,Insidious: Chapter 2,5000000.0,161921515,"['Horror', 'Thriller']",True,2013-09-12,6.7,4352,106,Insidious Collection,3138.4303,subsequent
622,The Ninth Gate,38000000.0,58401898,"['Mystery', 'Thriller', 'Horror']",False,1999-08-25,6.48,3118,133,,53.68920526315789,standalone
728949,Nightbitch,20000000.0,170737,"['Comedy', 'Horror']",False,2024-12-06,5.807,280,98,,-99.146315,standalone
817758,TÁR,35000000.0,29048571,"['Music', 'Drama']",False,2022-09-23,7.096,1370,158,,-17.00408285714286,standalone
10189,Pineapple Express,27000000.0,101624843,"['Action', 'Comedy', 'Crime']",False,2008-08-06,6.6,3945,111,,276.3883074074074,standalone
2642,Two Weeks Notice,60000000.0,199043242,"['Romance', 'Comedy']",False,2002-12-19,6.37,2104,101,,231.73873666666665,standalone
3021,1408,25000000.0,133000000,"['Horror', 'Mystery']",False,2007-06-22,6.696,4578,104,,432.0,standalone
17609,Antichrist,11000000.0,7413863,"['Drama', 'Horror', 'Thriller']",False,2009-05-20,6.634,2662,104,,-32.60124545454545,standalone
10024,My Sister's Keeper,30000000.0,95714875,['Drama'],False,2009-06-26,7.4,2149,109,,219.04958333333332,standalone
17379,Last Holiday,45000000.0,38399961,"['Adventure', 'Comedy', 'Drama']",False,2006-01-13,7.211,798,112,,-14.666753333333332,standalone
15357,District 13: Ultimatum,15000000.0,14103752,"['Action', 'Thriller', 'Crime']",True,2009-02-18,6.386,1196,101,District 13 Collection,-5.974986666666666,subsequent
830784,"Lyle, Lyle, Crocodile",50000000.0,104088441,"['Comedy', 'Family', 'Music']",False,2022-10-07,6.979,615,106,,108.17688199999999,standalone
8848,The Bank Job,20000000.0,64828421,"['Thriller', 'Crime', 'Drama']",False,2008-02-28,6.836,2422,112,,224.14210500000002,standalone
1103,Escape from New York,6000000.0,50244700,"['Science Fiction', 'Action']",True,1981-05-23,7.055,3301,99,Escape From ... Collection,737.4116666666666,starter
23631,Machete,10500000.0,45491656,"['Action', 'Comedy', 'Thriller']",True,2010-09-01,6.34,3381,105,Machete Collection,333.2538666666667,starter
440472,The Upside,37500000.0,125000000,"['Comedy', 'Drama']",False,2019-01-10,7.142,1321,126,,233.33333333333334,standalone
929,Godzilla,130000000.0,379014294,"['Science Fiction', 'Action', 'Thriller']",False,1998-05-20,5.636,4004,138,,191.54945692307692,standalone
11459,Sky High,35000000.0,86369815,"['Adventure', 'Comedy', 'Family']",False,2005-07-29,6.25,2359,99,,146.77089999999998,standalone
6279,Sister Act 2: Back in the Habit,38000000.0,57319029,"['Music', 'Comedy']",True,1993-12-09,6.361,1862,107,Sister Act Collection,50.83955,subsequent
258489,The Legend of Tarzan,180000000.0,356743061,"['Fantasy', 'Action', 'Adventure']",False,2016-06-29,5.912,6303,109,,98.19058944444444,standalone
9411,Fallen,46000000.0,25232289,"['Crime', 'Drama', 'Thriller']",False,1998-01-16,6.781,1483,124,,-45.14719782608695,standalone
4584,Sense and Sensibility,16000000.0,134582776,"['Drama', 'Romance']",False,1995-12-13,7.423,1735,136,,741.14235,standalone
8321,In Bruges,15000000.0,34533783,"['Comedy', 'Drama', 'Crime']",False,2008-02-08,7.493,5368,108,,130.22522,standalone
11886,Robin Hood,5000000.0,33000000,"['Animation', 'Family', 'Adventure']",False,1973-11-08,7.303,4459,83,,560.0,standalone
8328,Step Up 2: The Streets,23000000.0,150816700,"['Music', 'Drama', 'Romance']",True,2008-02-14,6.688,2333,98,Step Up Collection,555.7247826086956,subsequent
253,Live and Let Die,7000000.0,126400000,"['Adventure', 'Action', 'Thriller']",True,1973-06-27,6.512,2125,121,James Bond Collection,1705.7142857142858,subsequent
82633,Lawless,26000000.0,55404207,"['Crime', 'Drama', 'Western']",False,2012-08-29,7.063,3144,115,,113.09310384615385,standalone
11237,Anacondas: The Hunt for the Blood Orchid,20000000.0,70992898,"['Action', 'Adventure', 'Horror']",True,2004-08-25,5.5,1016,96,Anaconda Collection,254.96449,subsequent
245,About a Boy,27000000.0,129000000,"['Drama', 'Comedy', 'Romance']",False,2002-04-26,6.69,2267,101,,377.77777777777777,standalone
74465,We Bought a Zoo,50000000.0,120081841,"['Drama', 'Comedy', 'Family']",False,2011-12-08,6.807,2792,124,,140.163682,standalone
417261,Forever My Girl,3500000.0,16367326,"['Romance', 'Drama']",False,2018-01-26,7.607,1280,104,,367.63788571428574,standalone
644495,House of Gucci,75000000.0,153235995,"['Drama', 'Crime', 'History']",False,2021-11-24,6.59,3230,158,,104.31466,standalone
502416,Ma,5000000.0,61220856,"['Horror', 'Thriller']",True,2019-05-29,5.8,2326,99,Ma Collection,1124.41712,starter
294963,Bone Tomahawk,1800000.0,475846,"['Western', 'Horror', 'Drama']",False,2015-10-23,6.87,2341,133,,-73.5641111111111,standalone
60307,Diary of a Wimpy Kid: Rodrick Rules,21000000.0,72526996,"['Family', 'Comedy']",True,2011-03-25,6.7,1179,99,Diary of a Wimpy Kid Collection,245.3666476190476,subsequent
631843,Old,18000000.0,90146510,"['Thriller', 'Mystery', 'Horror']",False,2021-07-21,6.33,4626,108,,400.8139444444445,standalone
521777,Good Boys,20000000.0,111037232,['Comedy'],False,2019-08-14,6.855,1895,90,,455.18616,standalone
913673,Nefarious,3000000.0,5400000,"['Horror', 'Drama']",True,2023-04-14,6.786,374,98,Nefarious Collection,80.0,starter
345920,Collateral Beauty,36000000.0,88528280,"['Drama', 'Romance']",False,2016-12-15,7.221,5444,97,,145.91188888888888,standalone
1788,Footloose,8200000.0,80035402,"['Drama', 'Romance']",False,1984-02-17,6.676,2108,107,,876.0414878048781,standalone
1685,Beneath the Planet of the Apes,3000000.0,18999718,"['Adventure', 'Science Fiction', 'Mystery']",True,1970-04-23,6.145,1381,95,Planet of the Apes (Original) Collection,533.3239333333333,subsequent
10747,The Outlaw Josey Wales,3700000.0,31800000,['Western'],True,1976-06-30,7.443,1195,135,Josey Wales Collection,759.4594594594595,starter
8326,Holes,20000000.0,71406573,"['Adventure', 'Family', 'Drama', 'Comedy']",False,2003-04-18,6.9,1436,117,,257.032865,standalone
274862,The Lego Ninjago Movie,70000000.0,123081555,"['Family', 'Comedy', 'Adventure', 'Animation']",False,2017-09-21,6.532,1108,101,,75.83079285714285,standalone
440471,Escape Plan 2: Hades,20000000.0,17592626,"['Action', 'Thriller', 'Crime', 'Mystery', 'Science Fiction']",True,2018-06-05,5.165,1479,93,Escape Plan Collection,-12.03687,subsequent
8470,John Q,36000000.0,102244770,"['Drama', 'Thriller', 'Crime']",False,2002-02-15,7.13,2466,116,,184.01325,standalone
14191,Aquamarine,12000000.0,23006849,"['Fantasy', 'Romance', 'Family', 'Comedy']",False,2006-03-03,6.453,1518,103,,91.72374166666667,standalone
193610,The Other Woman,40000000.0,196800000,"['Comedy', 'Romance']",False,2014-04-16,6.429,3611,109,,392.0,standalone
36586,Blade II,54000000.0,155010032,"['Fantasy', 'Horror', 'Action', 'Thriller']",True,2002-03-22,6.561,4891,117,Blade Collection,187.05561481481482,subsequent
894803,Sita Ramam,3400000.0,11800000,"['History', 'Romance', 'Drama']",False,2022-08-05,7.765,81,158,,247.05882352941177,standalone
17182,Eye for an Eye,20000000.0,26877589,['Thriller'],False,1996-01-12,6.175,426,101,,34.387944999999995,standalone
10982,Hoodwinked!,8000000.0,110000000,"['Animation', 'Comedy', 'Family', 'Crime', 'Music']",True,2005-12-16,6.238,1799,81,Hoodwinked! Collection,1275.0,starter
9462,The Way of the Dragon,130000.0,27000000,"['Action', 'Crime']",False,1972-12-30,7.371,1188,100,,20669.23076923077,standalone
10402,Deuce Bigalow: Male Gigolo,17000000.0,92938755,"['Comedy', 'Romance']",True,1999-12-10,5.99,1455,88,Deuce Bigalow Collection,446.6985588235294,starter
9906,The Ant Bully,50000000.0,55200000,"['Fantasy', 'Adventure', 'Animation', 'Comedy', 'Family']",False,2006-07-28,5.751,1405,89,,10.4,standalone
1632,Mississippi Burning,15000000.0,34604000,"['Drama', 'Crime', 'Mystery', 'Thriller']",False,1988-12-08,7.7,1778,128,,130.69333333333333,standalone
225574,Non-Stop,50000000.0,222809600,"['Action', 'Thriller', 'Mystery']",False,2014-02-26,6.81,5465,107,,345.61920000000003,standalone
68730,Silence,46000000.0,23834809,"['Drama', 'History']",False,2016-12-23,7.126,3119,161,,-48.185197826086956,standalone
157353,Transcendence,100000000.0,103039258,"['Thriller', 'Science Fiction', 'Drama', 'Mystery']",False,2014-04-16,6.055,5526,119,,3.039258,standalone
60747,Red Dawn,65000000.0,44806783,"['Action', 'Thriller']",False,2012-03-15,5.711,1658,93,,-31.066487692307692,standalone
72784,The Loft,14000000.0,10100000,['Thriller'],False,2014-10-14,6.4,1494,108,,-27.857142857142858,standalone
1911,The 13th Warrior,120000000.0,61698899,"['Adventure', 'History', 'Action']",False,1999-08-13,6.688,1924,102,,-48.58425083333333,standalone
942,Lethal Weapon 2,25000000.0,227853986,"['Action', 'Adventure', 'Comedy', 'Crime', 'Thriller']",True,1989-07-07,7.023,3523,114,Lethal Weapon Collection,811.415944,subsequent
847,Willow,35000000.0,57300000,"['Fantasy', 'Adventure', 'Action']",False,1988-05-20,7.013,2016,126,,63.714285714285715,standalone
419680,Daddy's Home 2,69000000.0,180613180,['Comedy'],True,2017-11-09,6.309,2615,100,Daddy's Home Collection,161.75823188405798,subsequent
9477,King Arthur,120000000.0,203567857,"['Adventure', 'War', 'History', 'Action', 'Drama']",False,2004-07-07,6.3,2771,126,,69.63988083333334,standalone
205775,In the Heart of the Sea,100000000.0,93900000,"['Thriller', 'Drama', 'Adventure', 'Action', 'History']",False,2015-12-03,6.758,4187,122,,-6.1,standalone
9889,Shallow Hal,40000000.0,141069860,"['Comedy', 'Romance']",False,2001-11-01,6.162,2968,114,,252.67464999999999,standalone
1379877,Azaad,9400000.0,1078000,"['Drama', 'Action']",False,2025-01-17,6.5,8,147,,-88.53191489361703,standalone
9619,Dante's Peak,116000000.0,178127760,"['Action', 'Adventure', 'Drama', 'Thriller']",False,1997-02-07,6.213,1929,108,,53.55841379310344,standalone
1597,Meet the Parents,55000000.0,330444045,"['Comedy', 'Romance']",True,2000-10-06,6.681,6087,108,Meet the Parents Collection,500.80735454545453,starter
338766,Hell or High Water,12000000.0,37600000,"['Western', 'Crime', 'Drama']",False,2016-08-11,7.304,4600,102,,213.33333333333334,standalone
9877,Urban Legend,14000000.0,72527595,"['Horror', 'Mystery']",True,1998-09-25,5.7,1350,100,Urban Legend Collection,418.05424999999997,starter
6950,Outbreak,50000000.0,189900000,"['Action', 'Drama', 'Science Fiction', 'Thriller']",False,1995-03-10,6.567,2338,127,,279.8,standalone
9062,Love Story,2200000.0,136400000,"['Romance', 'Drama']",True,1970-12-16,6.827,708,99,Love Story Collection,6100.0,starter
2698,Evan Almighty,175000000.0,174440724,"['Fantasy', 'Comedy', 'Family']",True,2007-06-09,5.581,4380,96,Almighty Collection,-0.3195862857142857,subsequent
959092,Mayhem!,4920000.0,1500000,"['Action', 'Crime', 'Drama', 'Thriller']",False,2023-06-28,6.698,197,99,,-69.51219512195121,standalone
47327,Drive Angry,50000000.0,40909909,"['Fantasy', 'Thriller', 'Action', 'Crime']",False,2011-02-24,5.53,1905,104,,-18.180182000000002,standalone
829051,About My Father,29100000.0,18167819,['Comedy'],False,2023-05-25,6.084,352,90,,-37.5676323024055,standalone
19899,Couples Retreat,70000000.0,171844840,"['Comedy', 'Romance']",False,2009-09-19,5.563,2011,113,,145.49262857142858,standalone
10925,The Return of the Living Dead,4000000.0,14241310,"['Horror', 'Comedy', 'Science Fiction']",True,1985-04-25,7.184,2170,91,Return of the Living Dead Collection,256.03275,starter
858,Sleepless in Seattle,21000000.0,227799884,"['Comedy', 'Drama', 'Romance']",False,1993-06-24,6.748,2437,105,,984.7613523809524,standalone
2310,Beowulf,70000000.0,195735876,"['Adventure', 'Action', 'Animation']",False,2007-11-05,5.911,2909,115,,179.62268,standalone
61012,Silent Hill: Revelation 3D,20000000.0,55362705,"['Thriller', 'Horror', 'Mystery']",True,2012-10-10,5.54,1691,94,Silent Hill Collection,176.813525,subsequent
375588,Robin Hood,100000000.0,86493046,"['Adventure', 'Action', 'Thriller', 'Fantasy']",False,2018-11-03,5.915,3030,116,,-13.506953999999999,standalone
9473,"South Park: Bigger, Longer & Uncut",21000000.0,83137864,"['Animation', 'Comedy']",False,1999-06-30,7.272,2783,81,,295.8945904761905,standalone
13027,Eagle Eye,80000000.0,178800000,"['Mystery', 'Thriller', 'Action']",False,2008-09-25,6.475,2938,118,,123.50000000000001,standalone
9762,Step Up,12000000.0,114194847,"['Music', 'Drama', 'Romance', 'Crime']",True,2006-08-11,6.87,3761,104,Step Up Collection,851.6237249999999,starter
11453,Deuce Bigalow: European Gigolo,22000000.0,45109561,['Comedy'],True,2005-08-12,5.308,959,83,Deuce Bigalow Collection,105.04345909090908,subsequent
978,Seven Years in Tibet,70000000.0,131457682,"['Adventure', 'Drama', 'History']",False,1997-09-12,7.157,2938,136,,87.79668857142858,standalone
10358,Zack and Miri Make a Porno,24000000.0,42105111,"['Comedy', 'Romance']",False,2008-09-18,6.33,2496,102,,75.4379625,standalone
11679,xXx: State of the Union,60000000.0,71410636,"['Action', 'Adventure', 'Crime', 'Thriller']",True,2005-04-27,5.052,1905,101,xXx Collection,19.017726666666668,subsequent
824,Moulin Rouge!,52500000.0,179213434,"['Drama', 'Romance', 'Music']",False,2001-05-18,7.551,4631,128,,241.35892190476193,standalone
1948,Crank,12000000.0,42900000,"['Action', 'Thriller', 'Crime']",True,2006-08-31,6.649,3942,88,Crank Collection,257.5,starter
59967,Looper,30000000.0,47042000,"['Action', 'Thriller', 'Science Fiction']",False,2012-09-26,6.892,10401,118,,56.80666666666667,standalone
1187619,Shaitaan,7800000.0,9600000,"['Thriller', 'Horror']",False,2024-03-08,6.354,65,132,,23.076923076923077,standalone
9482,Judge Dredd,90000000.0,113493481,"['Science Fiction', 'Action']",False,1995-06-30,5.841,2560,96,,26.10386777777778,standalone
353070,Going in Style,25000000.0,84618541,"['Crime', 'Comedy']",False,2017-04-06,6.702,2872,96,,238.474164,standalone
4858,The Invasion,80000000.0,40170558,"['Horror', 'Mystery', 'Science Fiction', 'Thriller']",False,2007-08-17,6.0,1570,99,,-49.7868025,standalone
12133,Step Brothers,65000000.0,128100000,['Comedy'],False,2008-07-25,6.552,3206,98,,97.07692307692307,standalone
1588,Bring It On,28000000.0,90449929,['Comedy'],True,2000-08-25,6.247,1747,98,Bring It On Collection,223.0354607142857,starter
15,Citizen Kane,839727.0,23218000,"['Mystery', 'Drama']",False,1941-04-17,7.998,5707,119,,2664.9462265712546,standalone
134,"O Brother, Where Art Thou?",26000000.0,71900000,"['Adventure', 'Comedy', 'Crime']",False,2000-08-30,7.32,4305,107,,176.53846153846155,standalone
16320,Serenity,39000000.0,38869464,"['Science Fiction', 'Action', 'Adventure', 'Thriller']",False,2005-09-25,7.363,3641,119,,-0.3347076923076923,standalone
13680,The Game Plan,22000000.0,147880543,"['Comedy', 'Family']",False,2007-09-28,6.502,2100,110,,572.1842863636364,standalone
9793,The Hills Have Eyes 2,15000000.0,37697773,"['Horror', 'Thriller']",True,2007-03-22,5.573,1512,90,The Hills Have Eyes (Reboot) Collection,151.31848666666667,subsequent
648579,The Unbearable Weight of Massive Talent,30000000.0,29116320,"['Action', 'Comedy', 'Crime']",False,2022-04-20,6.796,2199,107,,-2.9455999999999998,standalone
109424,Captain Phillips,55000000.0,218791811,"['Action', 'Drama', 'Thriller']",False,2013-10-10,7.54,7108,134,,297.8032927272727,standalone
10214,Son of the Mask,84000000.0,59918422,"['Fantasy', 'Comedy', 'Family', 'Adventure']",True,2005-02-11,4.213,1872,94,The Mask Collection,-28.668545238095238,subsequent
241,Natural Born Killers,34000000.0,50283563,"['Crime', 'Thriller', 'Drama']",False,1994-08-26,7.1,3537,118,,47.89283235294118,standalone
96,Beverly Hills Cop II,28000000.0,299965036,"['Action', 'Comedy', 'Crime']",True,1987-05-18,6.519,2640,103,Beverly Hills Cop Collection,971.3036999999999,subsequent
8699,Anchorman: The Legend of Ron Burgundy,26000000.0,90574188,['Comedy'],True,2004-06-28,6.694,4316,95,Anchorman Collection,248.36226153846152,starter
9472,DodgeBall: A True Underdog Story,20000000.0,168423227,['Comedy'],False,2004-06-18,6.4,3593,92,,742.116135,standalone
431580,Abominable,75000000.0,190304772,"['Family', 'Animation', 'Adventure', 'Comedy']",False,2019-09-19,7.46,2096,97,,153.73969599999998,standalone
573699,White Snake,11936735.0,62098770,"['Romance', 'Animation', 'Fantasy']",True,2019-01-11,7.728,509,99,White Snake Collection,420.23245887589866,starter
699,For Your Eyes Only,28000000.0,195300000,"['Adventure', 'Action', 'Thriller']",True,1981-06-24,6.537,1925,128,James Bond Collection,597.5,subsequent
4614,The Sum of All Fears,68000000.0,193921372,"['Thriller', 'Action', 'Drama']",False,2002-05-31,6.362,1798,124,,185.17848823529414,standalone
11978,Men of Honor,32000000.0,82300000,['Drama'],False,2000-09-13,7.496,2368,129,,157.1875,standalone
4553,The Machinist,5000000.0,8203235,"['Thriller', 'Drama']",False,2004-09-24,7.529,5767,101,,64.0647,standalone
11007,Cheaper by the Dozen,40000000.0,190212113,"['Comedy', 'Family', 'Drama']",True,2003-12-24,6.3,2835,98,Cheaper by the Dozen (2003) Collection,375.5302825,starter
2022,Mr. Deeds,50000000.0,171269565,"['Comedy', 'Romance']",False,2002-06-28,5.913,2373,96,,242.53912999999997,standalone
9279,Jingle All the Way,60000000.0,129800000,"['Family', 'Comedy', 'Adventure']",True,1996-11-21,6.059,2757,89,Jingle All the Way Collection,116.33333333333333,starter
360814,Dangal,10400000.0,311000000,"['Drama', 'Family', 'Comedy']",False,2016-12-21,7.892,1050,161,,2890.3846153846152,standalone
443791,Underwater,50000000.0,40882928,"['Horror', 'Science Fiction', 'Action', 'Adventure']",False,2020-01-08,6.29,3228,95,,-18.234144,standalone
13597,Labyrinth,25000000.0,12729917,"['Adventure', 'Family', 'Fantasy']",False,1986-06-27,7.3,2536,102,,-49.080332,standalone
11045,Taxi,25000000.0,71255003,"['Action', 'Comedy', 'Thriller', 'Crime']",False,2004-10-06,5.6,1078,97,,185.020012,standalone
763285,Ambulance,40000000.0,52303589,"['Thriller', 'Action', 'Crime']",False,2022-03-16,6.651,2246,136,,30.7589725,standalone
1014214,Singham Again,41100000.0,43800000,"['Action', 'Drama', 'Thriller', 'Crime']",True,2024-11-01,4.6,27,145,Cop Universe Collection,6.569343065693431,subsequent
23437,A Nightmare on Elm Street,35000000.0,115664037,"['Horror', 'Mystery', 'Thriller']",False,2010-04-30,5.5,2775,95,,230.46867714285716,standalone
6466,Freddy vs. Jason,30000000.0,116643421,['Horror'],True,2003-08-15,6.069,2676,97,Friday the 13th Collection,288.8114033333333,subsequent
246403,Tusk,3000000.0,1882074,"['Comedy', 'Horror']",False,2014-09-19,5.515,1471,105,,-37.264199999999995,standalone
11186,Child's Play 2,13000000.0,35763605,"['Horror', 'Thriller']",True,1990-11-09,6.325,1904,84,Child's Play Collection,175.10465384615387,subsequent
283235,99 Homes,8000000.0,1411927,['Drama'],False,2015-09-25,6.775,772,112,,-82.35091249999999,standalone
16186,Diary of a Mad Black Woman,5500000.0,50652203,"['Drama', 'Romance', 'Comedy']",True,2005-02-25,6.5,221,116,Madea Collection,820.9491454545455,starter
688,The Bridges of Madison County,24000000.0,182000000,"['Drama', 'Romance']",False,1995-06-02,7.717,2229,135,,658.3333333333333,standalone
6282,Coyote Ugly,45000000.0,113900000,"['Comedy', 'Drama', 'Music', 'Romance']",False,2000-07-30,6.264,2144,100,,153.11111111111111,standalone
556678,Emma.,10000000.0,25200000,"['Comedy', 'Romance']",False,2020-02-13,7.017,1812,125,,152.0,standalone
305470,Power Rangers,105000000.0,142300000,"['Action', 'Adventure', 'Science Fiction']",False,2017-03-23,6.257,4481,124,,35.523809523809526,standalone
15472,The Girl with the Dragon Tattoo,13000000.0,109421911,"['Drama', 'Thriller', 'Crime', 'Mystery']",True,2009-02-27,7.53,3041,152,The Millennium Collection,741.7070076923077,starter
877269,Strange World,180000000.0,73621640,"['Animation', 'Family', 'Adventure', 'Science Fiction', 'Fantasy']",False,2022-11-23,6.287,1328,102,,-59.099088888888886,standalone
11622,Blast from the Past,35000000.0,40263020,"['Drama', 'Romance', 'Comedy']",False,1999-02-12,6.775,1134,112,,15.0372,standalone
440021,Happy Death Day,4800000.0,125479266,"['Comedy', 'Horror', 'Mystery']",True,2017-10-12,6.66,6308,97,Happy Death Day Collection,2514.1513750000004,starter
24402,Emmanuelle,500000.0,20200000,"['Drama', 'Romance']",True,1974-06-25,5.971,786,95,Emmanuelle Collection,3940.0,starter
9631,The Negotiator,50000000.0,44547681,"['Action', 'Crime', 'Drama', 'Thriller']",False,1998-07-29,7.102,2181,140,,-10.904638,standalone
799876,The Outfit,5000000.0,4000000,"['Crime', 'Drama', 'Thriller', 'Mystery']",False,2022-02-25,7.099,1208,105,,-20.0,standalone
9493,Twins,15000000.0,216614388,['Comedy'],False,1988-12-09,6.038,2355,107,,1344.09592,standalone
8373,Transformers: Revenge of the Fallen,200000000.0,836303693,"['Science Fiction', 'Action', 'Adventure']",True,2009-06-19,6.203,8751,150,Transformers Collection,318.1518465,subsequent
3093,Basic Instinct 2,70000000.0,38629478,"['Crime', 'Mystery', 'Thriller']",True,2006-03-29,4.997,788,114,Basic Instinct Collection,-44.81503142857143,subsequent
149870,The Wind Rises,30000000.0,117932401,"['Drama', 'Animation', 'Romance', 'War', 'History']",False,2013-07-20,7.787,3145,126,,293.10800333333333,standalone
9481,The Bone Collector,73000000.0,151493655,"['Drama', 'Mystery', 'Thriller', 'Crime']",False,1999-11-04,6.795,3643,118,,107.52555479452054,standalone
9349,Universal Soldier,23000000.0,94999898,"['Thriller', 'Action', 'Science Fiction', 'Crime']",True,1992-07-10,6.34,1768,103,Universal Soldier Collection,313.0430347826087,starter
7508,Like Stars on Earth,2600000.0,28430000,['Drama'],True,2007-12-21,7.983,1218,162,Taare Zameen Paar Collection,993.4615384615383,starter
10771,The Tuxedo,60000000.0,104400000,"['Thriller', 'Action', 'Comedy', 'Science Fiction']",False,2002-09-27,5.724,2031,98,,74.0,standalone
1791,The Piano Teacher,6200000.0,6766708,"['Drama', 'Romance']",False,2001-09-05,7.3,1161,131,,9.140451612903226,standalone
369885,Allied,106000000.0,119520023,"['Action', 'Drama', 'War', 'Romance', 'Thriller']",False,2016-11-23,6.801,4608,124,,12.754738679245284,standalone
818,Austin Powers in Goldmember,63000000.0,296938801,"['Comedy', 'Crime', 'Science Fiction']",True,2002-07-26,5.995,3212,94,Austin Powers Collection,371.3314301587302,subsequent
41216,Legend of the Guardians: The Owls of Ga'Hoole,80000000.0,140073390,"['Animation', 'Adventure', 'Family', 'Fantasy']",False,2010-07-10,6.815,2356,97,,75.0917375,standalone
41733,Due Date,65000000.0,211800000,"['Comedy', 'Drama']",False,2010-11-03,6.386,5533,95,,225.84615384615384,standalone
62214,Frankenweenie,39000000.0,81493846,"['Animation', 'Comedy', 'Family']",False,2012-10-04,7.001,3431,87,,108.95857948717949,standalone
4513,30 Days of Night,30000000.0,80276156,"['Horror', 'Thriller']",True,2007-10-17,6.431,2879,113,30 Days of Night Collection,167.58718666666667,starter
31011,Mr. Nobody,47000000.0,2331721,"['Science Fiction', 'Drama', 'Romance']",False,2009-11-06,7.808,5963,141,,-95.0388914893617,standalone
9381,Babylon A.D.,70000000.0,72109200,"['Action', 'Adventure', 'Science Fiction', 'Thriller']",False,2008-08-20,5.661,2151,101,,3.0131428571428573,standalone
9595,Hot Shots!,26000000.0,181096164,"['Action', 'Comedy', 'War']",True,1991-07-31,6.599,2263,85,Hot Shots! Collection,596.5237076923077,starter
71,Billy Elliot,5000000.0,109280263,"['Drama', 'Comedy', 'Music']",False,2000-09-28,7.596,3924,110,,2085.6052600000003,standalone
5721,Vixen!,73000.0,8000000,['Drama'],True,1968-10-15,5.458,95,71,Russ Meyer's Vixens Trilogy,10858.90410958904,starter
8491,Weekend at Bernie's,6500000.0,30218387,"['Comedy', 'Crime']",True,1989-07-05,6.399,1063,97,Weekend at Bernie's Collection,364.89826153846155,starter
619778,Malignant,40000000.0,34891791,"['Horror', 'Mystery']",False,2021-09-01,6.767,2427,111,,-12.7705225,standalone
833339,Speak No Evil,3200000.0,631249,"['Horror', 'Thriller', 'Drama']",False,2022-03-17,6.65,952,97,,-80.27346874999999,standalone
515195,Yesterday,26000000.0,154608856,"['Comedy', 'Fantasy', 'Music', 'Romance']",False,2019-06-26,6.693,4028,116,,494.6494461538461,standalone
585245,Clifford the Big Red Dog,64000000.0,107347356,"['Family', 'Adventure', 'Comedy', 'Fantasy', 'Animation']",False,2021-11-10,7.178,1765,97,,67.73024375,standalone
290864,Kung Fu Jungle,25000000.0,129115,"['Action', 'Thriller', 'Crime', 'Adventure']",False,2014-10-31,6.81,474,100,,-99.48354,standalone
296524,Deepwater Horizon,110000000.0,121790376,"['Drama', 'Action']",False,2016-09-28,6.9,4649,107,,10.718523636363637,standalone
650,Boyz n the Hood,6500000.0,57504069,"['Crime', 'Drama']",False,1991-07-12,7.632,2091,112,,784.6779846153846,standalone
497828,Triangle of Sadness,15600000.0,24733572,"['Comedy', 'Drama']",False,2022-09-18,7.051,2478,147,,58.548538461538456,standalone
403119,47 Meters Down,5500000.0,62198461,"['Horror', 'Thriller']",True,2017-05-25,5.804,2769,89,47 Meters Down Collection,1030.8811090909091,starter
4806,Runaway Bride,70000000.0,309500000,"['Comedy', 'Romance']",False,1999-07-30,6.116,2061,116,,342.1428571428571,standalone
585216,Escape Room: Tournament of Champions,15000000.0,65774490,"['Horror', 'Thriller', 'Mystery']",True,2021-07-01,6.5,2121,88,Escape Room Collection,338.4966,subsequent
68737,Seventh Son,95000000.0,114178613,"['Adventure', 'Fantasy']",False,2014-12-12,5.522,2539,102,,20.188013684210524,standalone
518068,Along with the Gods: The Last 49 Days,18300000.0,112790210,"['Action', 'Adventure', 'Fantasy', 'Thriller']",True,2018-08-01,8.068,697,141,Along with the Gods Collection,516.3399453551913,subsequent
811944,Game Changer,47000000.0,21915000,"['Action', 'Drama']",False,2025-01-09,4.7,16,164,,-53.37234042553192,standalone
9029,What Happens in Vegas,35000000.0,219400000,"['Comedy', 'Romance']",False,2008-05-07,6.111,3126,99,,526.8571428571429,standalone
664469,Amsterdam,80000000.0,31245810,"['Mystery', 'Comedy', 'Drama']",False,2022-09-27,6.066,1639,134,,-60.9427375,standalone
6075,Carlito's Way,30000000.0,63848322,"['Crime', 'Drama', 'Thriller']",True,1993-11-10,7.833,3275,144,Carlito's Way Collection,112.82774,starter
227973,The Peanuts Movie,99000000.0,246233113,"['Comedy', 'Animation', 'Family']",False,2015-11-05,6.933,1701,88,,148.72031616161615,standalone
786,Almost Famous,60000000.0,47386287,"['Drama', 'Music']",False,2000-09-15,7.504,2882,124,,-21.022855,standalone
5825,National Lampoon's Christmas Vacation,27000000.0,74542088,['Comedy'],True,1989-11-30,7.239,2501,97,National Lampoon's Vacation Collection,176.0818074074074,subsequent
80274,Ender's Game,110000000.0,125537191,"['Science Fiction', 'Action', 'Adventure']",False,2013-10-24,6.59,5965,114,,14.12471909090909,standalone
491584,Burning,7280000.0,6591038,"['Mystery', 'Drama', 'Thriller']",False,2018-05-17,7.376,1678,148,,-9.463763736263736,standalone
12437,Underworld: Rise of the Lycans,35000000.0,92158961,"['Fantasy', 'Action', 'Thriller']",True,2009-01-22,6.5,3758,92,Underworld Collection,163.31131714285715,subsequent
1068452,Hi Nanna,7819000.0,9184966,"['Drama', 'Family', 'Romance']",False,2023-12-07,7.9,49,155,,17.469829901521933,standalone
46838,Tucker and Dale vs. Evil,5000000.0,5224938,"['Comedy', 'Horror']",False,2010-01-22,7.387,2894,89,,4.49876,standalone
582014,Promising Young Woman,10000000.0,20379604,"['Thriller', 'Crime', 'Drama']",False,2020-12-13,7.4,3390,113,,103.79604,standalone
682,The Man with the Golden Gun,7000000.0,97600000,"['Adventure', 'Action', 'Thriller']",True,1974-12-04,6.442,2126,125,James Bond Collection,1294.2857142857142,subsequent
1380405,The Chosen: Last Supper,48000000.0,49975460,"['Drama', 'History', 'Adventure']",False,2025-03-27,7.9,8,0,,4.115541666666667,standalone
38322,"Big Mommas: Like Father, Like Son",32000000.0,82686066,"['Crime', 'Comedy', 'Action']",True,2011-02-16,5.549,1258,107,Big Momma's House Collection,158.39395625,subsequent
35552,The Extraordinary Adventures of Adèle Blanc-Sec,25000000.0,34604339,"['Fantasy', 'Adventure', 'Action', 'Mystery']",False,2010-04-09,6.2,1406,105,,38.417356000000005,standalone
1120911,Saturday Night,25000000.0,9802525,"['Comedy', 'Drama']",False,2024-09-27,6.671,258,109,,-60.789899999999996,standalone
805,Rosemary's Baby,3200000.0,33395426,"['Drama', 'Horror', 'Thriller']",True,1968-06-12,7.825,4074,138,Rosemary's Baby Collection,943.6070625,starter
195589,Neighbors,18000000.0,270665134,['Comedy'],True,2014-05-08,6.187,7027,97,Neighbors Collection,1403.6951888888889,starter
98567,Chinese Zodiac,26000000.0,171300000,"['Action', 'Adventure']",True,2012-12-20,6.175,840,123,Armour of God Collection,558.8461538461538,subsequent
559907,The Green Knight,15000000.0,18887953,"['Adventure', 'Drama', 'Fantasy']",False,2021-07-29,6.6,2003,130,,25.91968666666667,standalone
609,Poltergeist,10700000.0,122200000,['Horror'],True,1982-06-04,7.151,3118,114,Poltergeist Collection,1042.056074766355,starter
17692,Jaws 3-D,20500000.0,87987056,"['Thriller', 'Horror']",True,1983-07-22,4.471,1330,99,Jaws Collection,329.20515121951223,subsequent
44943,Battle: Los Angeles,70000000.0,211800000,"['Science Fiction', 'Action']",False,2011-03-08,5.811,3547,116,,202.57142857142858,standalone
1428,Once Upon a Time in Mexico,29000000.0,98769390,"['Action', 'Crime', 'Thriller']",True,2003-09-11,6.305,2249,102,Mexico Collection,240.58410344827587,subsequent
37786,Sex and the City 2,100000000.0,290700000,"['Comedy', 'Drama', 'Romance']",True,2010-05-26,6.089,1661,147,Sex and the City Collection,190.7,subsequent
1547,The Lost Boys,8500000.0,32222567,"['Horror', 'Comedy', 'Thriller', 'Drama', 'Romance']",True,1987-07-31,7.087,2150,97,Lost Boys Collection,279.08902352941175,starter
578701,Those Who Wish Me Dead,20000000.0,23384502,"['Thriller', 'Action']",False,2021-05-05,6.631,1705,100,,16.92251,standalone
5902,A Bridge Too Far,22000000.0,50750000,"['Drama', 'History', 'War']",False,1977-06-15,7.235,854,175,,130.6818181818182,standalone
71880,Jack and Jill,79000000.0,149700000,"['Comedy', 'Family']",False,2011-11-11,4.383,2136,91,,89.49367088607595,standalone
8292,Four Brothers,45000000.0,92374674,"['Action', 'Crime']",False,2005-08-11,6.809,2238,109,,105.27705333333333,standalone
15196,Clue,15000000.0,14643997,"['Comedy', 'Thriller', 'Crime', 'Mystery']",False,1985-12-13,7.219,1797,94,,-2.373353333333333,standalone
381283,mother!,30000000.0,44516999,"['Horror', 'Drama']",False,2017-09-13,6.966,6810,121,,48.38999666666667,standalone
458576,Monster Hunter,60000000.0,42145959,"['Action', 'Fantasy', 'Adventure']",False,2020-12-03,6.556,3398,103,,-29.756735,standalone
11077,Problem Child,10000000.0,72000000,"['Comedy', 'Family']",True,1990-07-27,6.146,865,81,Problem Child Collection,620.0,starter
533444,Waves,6000000.0,2576990,"['Romance', 'Drama']",False,2019-11-15,7.379,746,135,,-57.05016666666667,standalone
576845,Last Night in Soho,43000000.0,22957625,"['Horror', 'Mystery']",False,2021-10-21,7.296,3580,116,,-46.61017441860465,standalone
792293,Dumb Money,30000000.0,20703794,"['History', 'Comedy', 'Drama']",False,2023-09-15,6.708,668,105,,-30.987353333333335,standalone
10196,The Last Airbender,150000000.0,319713881,"['Action', 'Adventure', 'Fantasy']",False,2010-06-30,4.638,4062,103,,113.14258733333334,standalone
39538,Contagion,60000000.0,137551594,"['Drama', 'Thriller', 'Science Fiction']",False,2011-09-08,6.645,6230,106,,129.25265666666667,standalone
8845,Under Siege,35000000.0,156563139,"['Action', 'Thriller']",True,1992-10-08,6.302,1602,102,Under Siege Collection,347.32325428571426,starter
40805,The Green Hornet,120000000.0,227817248,"['Action', 'Crime', 'Comedy']",False,2011-01-12,5.6,3318,119,,89.84770666666667,standalone
252838,The Wedding Ringer,23000000.0,79799880,['Comedy'],False,2015-01-16,6.455,1613,101,,246.956,standalone
241848,The Guest,5000000.0,2700051,"['Mystery', 'Thriller', 'Action']",False,2014-09-05,6.646,2014,101,,-45.99898,standalone
10474,The Basketball Diaries,2000000.0,2381087,"['Drama', 'Crime']",False,1995-04-21,7.4,2064,102,,19.05435,standalone
258509,Alvin and the Chipmunks: The Road Chip,90000000.0,233755553,"['Family', 'Comedy', 'Music', 'Adventure', 'Animation']",True,2015-12-17,6.024,1684,92,Alvin and the Chipmunks Collection,159.72839222222223,subsequent
269509,The Canterville Ghost,10000000.0,2000000,"['Animation', 'Comedy', 'Family', 'Fantasy']",False,2023-09-22,6.726,42,89,,-80.0,standalone
634528,The Marksman,23000000.0,23076711,"['Action', 'Drama', 'Thriller']",False,2021-01-15,6.808,1656,108,,0.3335260869565217,standalone
9788,Accepted,23000000.0,38505009,['Comedy'],False,2006-08-18,6.408,1614,93,,67.41308260869565,standalone
10431,War,25000000.0,40452643,"['Action', 'Crime', 'Thriller']",False,2007-08-24,6.4,1926,103,,61.81057199999999,standalone
765,Evil Dead II,3500000.0,10900000,"['Horror', 'Comedy', 'Fantasy']",True,1987-03-13,7.547,3254,84,Evil Dead Collection,211.42857142857144,subsequent
9003,Hellraiser,1000000.0,14575193,"['Horror', 'Thriller', 'Fantasy']",True,1987-09-11,6.88,2667,94,Hellraiser Collection,1357.5193000000002,starter
320,Insomnia,46000000.0,113714830,"['Thriller', 'Crime', 'Drama']",False,2002-05-24,6.948,4914,118,,147.20615217391304,standalone
379149,The Foreigner,35000000.0,145374099,"['Action', 'Thriller', 'Crime']",False,2017-09-28,7.0,2740,113,,315.35456857142856,standalone
9798,Enemy of the State,90000000.0,250649836,"['Action', 'Drama', 'Thriller']",False,1998-11-20,7.055,3989,132,,178.49981777777776,standalone
1016084,BlackBerry,5000000.0,2600000,"['Comedy', 'Drama']",False,2023-02-13,7.157,686,120,,-48.0,standalone
1205515,"Sorry, Baby",1500000.0,599574,"['Drama', 'Comedy']",False,2025-06-27,7.4,5,103,,-60.028400000000005,standalone
623,A Fish Called Wanda,7500000.0,188593712,"['Comedy', 'Crime']",False,1988-07-15,7.207,2270,109,,2414.5828266666667,standalone
1654,The Dirty Dozen,5400000.0,45300000,"['Action', 'Adventure', 'War']",True,1967-06-15,7.596,1248,149,The Dirty Dozen Collection,738.8888888888889,starter
81481,Silenced,2200000.0,31500000,['Drama'],False,2011-09-22,8.147,688,125,,1331.8181818181818,standalone
10068,Nine 1/2 Weeks,17000000.0,6740470,"['Drama', 'Romance']",True,1986-02-09,6.106,1047,117,9½ Weeks Collection,-60.35017647058824,starter
10781,The Texas Chainsaw Massacre: The Beginning,16000000.0,50517763,['Horror'],True,2006-10-05,6.152,1850,91,Texas Chainsaw (Reboot) Collection,215.73601875000003,subsequent
334,Magnolia,37000000.0,48500000,['Drama'],False,1999-12-17,7.73,3695,189,,31.08108108108108,standalone
9513,Garfield: A Tail of Two Kitties,60000000.0,141700000,"['Comedy', 'Family', 'Adventure']",True,2006-06-15,5.604,2261,77,Garfield Collection,136.16666666666666,subsequent
784651,Fighter,30069500.0,43160558,"['Action', 'Drama']",False,2024-01-24,6.151,136,167,,43.5360015963019,standalone
199,Star Trek: First Contact,46000000.0,146027888,"['Science Fiction', 'Action', 'Adventure', 'Thriller']",True,1996-11-22,7.292,1834,111,Star Trek: The Next Generation Collection,217.4519304347826,starter
482373,Don't Breathe 2,15000000.0,53785551,"['Thriller', 'Horror']",True,2021-08-12,7.045,2662,98,Don't Breathe Collection,258.57034,subsequent
1208850,Conquer: Lahad Datu,1900000.0,5800981,"['War', 'History', 'Thriller', 'Action', 'Crime', 'Drama']",False,2024-08-22,8.1,7,120,,205.3147894736842,standalone
505600,Booksmart,6000000.0,24849029,['Comedy'],False,2019-05-24,7.012,2694,102,,314.15048333333334,standalone
55846,Blitz,15774948.0,15800000,"['Crime', 'Action', 'Thriller']",False,2011-05-20,6.182,1691,97,,0.15880876437754343,standalone
4379,Monster-in-Law,43000000.0,154749918,"['Romance', 'Comedy']",False,2005-05-13,6.222,1686,101,,259.88353023255814,standalone
899112,Violent Night,20000000.0,75734910,"['Action', 'Comedy', 'Fantasy']",True,2022-11-30,7.3,2309,111,Violent Night Collection,278.67455,starter
328387,Nerve,19000000.0,85241496,"['Mystery', 'Adventure', 'Crime']",False,2016-06-27,7.015,6852,96,,348.63945263157893,standalone
11319,The Rescuers,7500000.0,169015869,"['Fantasy', 'Family', 'Animation', 'Adventure']",True,1977-06-22,6.782,2569,78,The Rescuers Collection,2153.54492,starter
780609,Men,6500000.0,11152071,"['Horror', 'Thriller', 'Fantasy']",False,2022-05-20,6.097,1207,100,,71.57032307692307,standalone
11011,Ri¢hie Ri¢h,40000000.0,38087756,"['Comedy', 'Family']",True,1994-12-19,5.933,2315,95,Richie Rich Collection,-4.780609999999999,starter
10202,Bedtime Stories,80000000.0,212874864,"['Fantasy', 'Comedy', 'Family', 'Romance']",False,2008-12-24,6.157,2873,99,,166.09358,standalone
296098,Bridge of Spies,40000000.0,165478348,"['Thriller', 'Drama']",False,2015-10-15,7.235,6967,141,,313.69587,standalone
774531,Young Woman and the Sea,40000000.0,581725,"['History', 'Drama']",False,2024-05-31,7.889,356,129,,-98.5456875,standalone
405775,The Wall,3000000.0,4500000,"['War', 'Thriller', 'Drama', 'Action']",False,2017-05-12,6.393,988,90,,50.0,standalone
87826,Here Comes the Boom,42000000.0,73100000,"['Comedy', 'Action', 'Drama']",False,2012-10-10,6.21,1491,105,,74.04761904761905,standalone
9671,Crocodile Dundee,5000000.0,328203506,"['Adventure', 'Comedy']",True,1986-09-26,6.422,1968,104,Crocodile Dundee Collection,6464.070119999999,starter
19959,Surrogates,80000000.0,122444772,"['Science Fiction', 'Action', 'Thriller']",False,2009-09-24,6.136,3257,89,,53.05596500000001,standalone
287903,Krampus,15000000.0,61800000,"['Horror', 'Comedy', 'Fantasy']",False,2015-11-26,6.194,2265,98,,312.0,standalone
691,The Spy Who Loved Me,13500000.0,185438673,"['Adventure', 'Action', 'Thriller']",True,1977-07-07,6.816,2072,125,James Bond Collection,1273.6198,subsequent
239,Some Like It Hot,2883848.0,25000000,"['Comedy', 'Romance', 'Crime']",False,1959-03-19,8.096,3624,122,,766.8972844615944,standalone
505262,My Hero Academia: Two Heroes,12000000.0,27507549,"['Animation', 'Action', 'Adventure', 'Fantasy']",True,2018-08-03,7.9,1047,96,My Hero Academia Collection,129.229575,starter
7326,Juno,7500000.0,232372681,"['Comedy', 'Drama', 'Romance']",False,2007-12-05,7.053,7322,96,,2998.3024133333333,standalone
10331,Night of the Living Dead,114000.0,30000000,['Horror'],True,1968-10-04,7.617,2549,96,Living Dead Collection,26215.789473684206,starter
1576,Resident Evil,33000000.0,102984862,"['Horror', 'Action', 'Science Fiction']",True,2002-03-15,6.644,6556,100,Resident Evil Collection,212.0753393939394,starter
589761,Chernobyl: Abyss,9100000.0,6459306,"['Drama', 'History', 'Adventure', 'Action', 'Fantasy', 'Mystery']",False,2021-04-15,6.246,542,136,,-29.018615384615387,standalone
298312,The Visit,5000000.0,98450062,"['Horror', 'Mystery', 'Thriller']",False,2015-09-10,6.319,4901,94,,1869.00124,standalone
14073,Jodhaa Akbar,5800000.0,28700000,"['Romance', 'History', 'Drama']",False,2008-02-13,7.329,252,213,,394.8275862068965,standalone
283566,Evangelion: 3.0+1.0 Thrice Upon a Time,29700000.0,93882453,"['Animation', 'Action', 'Science Fiction', 'Drama']",True,2021-03-08,8.229,859,155,Rebuild of Evangelion Collection,216.10253535353533,subsequent
9354,"Honey, I Shrunk the Kids",18000000.0,222724172,"['Adventure', 'Comedy', 'Family', 'Science Fiction']",True,1989-06-23,6.308,3141,93,"Honey, I Shrunk the Kids Collection",1137.356511111111,starter
332567,The Shallows,17000000.0,119100758,"['Horror', 'Drama', 'Thriller']",False,2016-06-24,6.347,5153,86,,600.592694117647,standalone
2976,Hairspray,75000000.0,90450008,"['Comedy', 'Romance', 'Drama']",False,2007-07-19,6.669,2529,117,,20.600010666666666,standalone
62764,Mirror Mirror,85000000.0,183018522,"['Adventure', 'Comedy', 'Family', 'Fantasy']",False,2012-03-15,5.924,3192,106,,115.31590823529412,standalone
614917,King Richard,50000000.0,39400000,"['Drama', 'History']",False,2021-11-18,7.63,2623,144,,-21.2,standalone
1729,The Forbidden Kingdom,55000000.0,127906624,"['Action', 'Adventure', 'Fantasy']",False,2008-04-17,6.619,1770,104,,132.55749818181818,standalone
59,A History of Violence,32000000.0,61477797,"['Drama', 'Thriller', 'Crime']",False,2005-09-23,7.166,3427,96,,92.118115625,standalone
12162,The Hurt Locker,15000000.0,49259766,"['Drama', 'Thriller', 'War']",False,2008-10-10,7.256,5791,131,,228.39844,standalone
2064,While You Were Sleeping,17000000.0,182100000,"['Romance', 'Comedy']",False,1995-04-21,7.018,1880,99,,971.1764705882352,standalone
820,JFK,40000000.0,205405498,"['Drama', 'Thriller', 'History']",False,1991-12-20,7.598,2222,188,,413.51374500000003,standalone
1378,Shortbus,2000000.0,5557564,"['Romance', 'Drama', 'Comedy']",False,2006-10-04,6.269,537,101,,177.87820000000002,standalone
12184,The Other Boleyn Girl,35000000.0,78269970,"['Drama', 'Romance', 'History']",False,2008-02-28,6.695,2123,115,,123.6284857142857,standalone
9593,Last Action Hero,85000000.0,137300000,"['Adventure', 'Fantasy', 'Action', 'Comedy', 'Family']",False,1993-06-18,6.476,2800,131,,61.52941176470588,standalone
313297,Kubo and the Two Strings,60000000.0,76249438,"['Animation', 'Adventure', 'Family']",False,2016-08-18,7.632,3646,102,,27.082396666666668,standalone
11565,Big Momma's House 2,40000000.0,141522961,"['Comedy', 'Crime']",True,2006-01-26,5.774,1636,99,Big Momma's House Collection,253.80740249999997,starter
7972,Before the Devil Knows You're Dead,18000000.0,25005257,"['Crime', 'Drama', 'Thriller']",False,2007-09-26,7.111,1583,117,,38.91809444444444,standalone
9645,Ghost Ship,35000000.0,71142361,"['Horror', 'Mystery', 'Thriller']",False,2002-10-25,6.0,2493,91,,103.26388857142857,standalone
10998,Fatal Attraction,14000000.0,320145693,"['Thriller', 'Drama', 'Romance']",False,1987-09-18,6.84,1578,119,,2186.75495,standalone
14347,Blame It on Rio,9000000.0,18644570,"['Comedy', 'Romance']",False,1984-02-17,5.685,181,100,,107.1618888888889,standalone
1229349,Yolo,100000000.0,480600000,"['Drama', 'Comedy', 'Action']",False,2024-02-10,6.5,83,129,,380.6,standalone
712,Four Weddings and a Funeral,4400000.0,245700832,"['Comedy', 'Drama', 'Romance']",False,1994-03-09,6.774,2815,117,,5484.109818181818,standalone
458897,Charlie's Angels,48000000.0,73279888,"['Action', 'Adventure', 'Comedy']",False,2019-11-14,6.4,3029,118,,52.66643333333333,standalone
11918,Superhero Movie,35000000.0,71571300,"['Comedy', 'Action', 'Science Fiction']",False,2008-03-28,5.279,1888,82,,104.48942857142858,standalone
923,Dawn of the Dead,650000.0,55000000,"['Horror', 'Science Fiction']",True,1978-09-02,7.5,2165,127,Living Dead Collection,8361.538461538461,subsequent
9823,Mortal Kombat: Annihilation,30000000.0,51376861,"['Action', 'Fantasy', 'Science Fiction']",True,1997-11-11,4.513,1237,95,Mortal Kombat Collection,71.25620333333333,subsequent
37430,Conan the Barbarian,90000000.0,63523283,"['Adventure', 'Fantasy', 'Action']",False,2011-08-17,5.302,1907,113,,-29.418574444444445,standalone
9270,Brick,475000.0,3900000,"['Drama', 'Mystery']",False,2006-03-31,6.821,1288,110,,721.0526315789474,standalone
71859,We Need to Talk About Kevin,7000000.0,10800000,"['Drama', 'Thriller']",False,2011-09-28,7.544,2904,113,,54.285714285714285,standalone
4643,The Guardian,10000000.0,94973540,"['Action', 'Drama']",False,2006-09-28,7.135,1569,139,,849.7353999999999,standalone
6615,Lars and the Real Girl,12000000.0,11293663,"['Comedy', 'Drama', 'Romance']",False,2007-10-12,7.195,1902,106,,-5.886141666666667,standalone
693,Meet the Fockers,80000000.0,516642939,"['Comedy', 'Romance']",True,2004-12-22,6.251,4896,115,Meet the Parents Collection,545.8036737499999,subsequent
3050,Doctor Dolittle,71000000.0,294500000,"['Comedy', 'Family', 'Fantasy']",True,1998-06-26,5.713,3134,85,Dr. Dolittle Collection,314.7887323943662,starter
522016,The 355,75000000.0,55700000,"['Action', 'Adventure', 'Thriller']",False,2022-01-05,6.0,1051,122,,-25.733333333333334,standalone
4512,The Assassination of Jesse James by the Coward Robert Ford,30000000.0,14711793,"['Drama', 'Western']",False,2007-09-20,7.041,2589,159,,-50.96069,standalone
542178,The French Dispatch,25000000.0,46333545,"['Drama', 'Comedy']",False,2021-10-21,7.029,2738,108,,85.33418,standalone
10153,Sphere,80000000.0,37020277,"['Science Fiction', 'Mystery', 'Thriller', 'Horror']",False,1998-02-13,6.125,1693,134,,-53.724653749999995,standalone
9489,You've Got Mail,65000000.0,250800000,"['Comedy', 'Romance']",False,1998-12-18,6.689,3415,119,,285.84615384615387,standalone
864692,Pathaan,29000000.0,130000000,"['Action', 'Adventure', 'Thriller']",True,2023-01-25,6.4,210,146,YRF Spy Universe,348.2758620689655,subsequent
4547,Panic Room,48000000.0,197100000,"['Crime', 'Drama', 'Thriller']",False,2002-03-29,6.786,5125,111,,310.625,standalone
314,Catwoman,100000000.0,82102379,"['Action', 'Fantasy', 'Crime']",False,2004-07-22,4.624,3419,104,,-17.897621,standalone
944,Lethal Weapon 4,140000000.0,285444603,"['Action', 'Adventure', 'Comedy', 'Crime', 'Thriller']",True,1998-07-10,6.597,2752,127,Lethal Weapon Collection,103.88900214285715,subsequent
197796,Beauty and the Beast,33000000.0,47430624,"['Fantasy', 'Romance']",False,2014-02-12,6.204,2080,112,,43.72916363636364,standalone
773,Little Miss Sunshine,8000000.0,100523181,"['Comedy', 'Drama']",False,2006-07-26,7.695,7369,102,,1156.5397624999998,standalone
11005,Awakenings,31000000.0,52096475,['Drama'],False,1990-12-04,7.776,2651,120,,68.05314516129032,standalone
243688,Poltergeist,35000000.0,95682614,['Horror'],False,2015-05-20,5.208,2309,93,,173.37889714285714,standalone
10974,Armour of God,15000000.0,16000000,"['Adventure', 'Action', 'Comedy']",True,1986-08-16,7.1,588,97,Armour of God Collection,6.666666666666667,starter
943134,The Animal Kingdom,15200000.0,9138503,"['Adventure', 'Drama', 'Science Fiction']",False,2023-10-04,6.995,824,127,,-39.87826973684211,standalone
49849,Cowboys & Aliens,163000000.0,174822325,"['Action', 'Science Fiction', 'Thriller', 'Western']",False,2011-07-29,5.632,5153,119,,7.2529601226993865,standalone
24238,Mary and Max,8240000.0,1740429,"['Animation', 'Comedy', 'Drama']",False,2009-04-09,7.874,2088,92,,-78.87828883495146,standalone
8386,How High,12000000.0,31200000,['Comedy'],True,2001-12-21,6.347,980,93,How High Collection,160.0,starter
549053,Last Christmas,30000000.0,121600000,"['Comedy', 'Romance']",False,2019-11-07,7.227,2464,102,,305.3333333333333,standalone
8741,The Thin Red Line,52000000.0,98126565,"['Drama', 'History', 'War']",False,1998-12-23,7.448,3105,171,,88.7049326923077,standalone
137094,Jack Ryan: Shadow Recruit,60000000.0,135500000,"['Action', 'Drama', 'Thriller']",False,2014-01-15,6.119,2921,105,,125.83333333333333,standalone
323272,War Room,3000000.0,73267874,['Drama'],False,2015-08-28,7.845,548,120,,2342.2624666666666,standalone
957304,Drive-Away Dolls,8000000.0,7935363,"['Comedy', 'Crime']",False,2024-02-22,5.5,457,84,,-0.8079625,standalone
136418,Hummingbird,20000000.0,8352885,"['Action', 'Thriller']",False,2013-05-07,6.185,1760,100,,-58.235575,standalone
243683,Step Up All In,45000000.0,86165646,"['Romance', 'Drama', 'Music']",True,2014-07-16,6.827,1950,112,Step Up Collection,91.47921333333333,subsequent
315011,Shin Godzilla,15000000.0,78053145,"['Action', 'Science Fiction', 'Horror']",False,2016-07-29,7.204,1407,120,,420.35429999999997,standalone
9100,The Craft,15000000.0,24800000,"['Horror', 'Drama', 'Fantasy']",True,1996-05-03,6.792,1927,101,The Craft Collection,65.33333333333333,starter
270774,Skiptrace,32000000.0,58500000,"['Action', 'Adventure', 'Crime', 'Comedy']",False,2016-07-21,5.699,719,107,,82.8125,standalone
940139,Here,40000000.0,15397270,['Drama'],False,2024-10-30,6.67,487,105,,-61.506825,standalone
522518,A Dog's Journey,16000000.0,78871079,"['Family', 'Adventure', 'Drama']",True,2019-05-03,8.06,1558,109,A Dog's Purpose Collection,392.94424375,subsequent
264644,Room,13000000.0,35401758,"['Drama', 'Thriller']",False,2015-10-16,8.004,9371,118,,172.32121538461539,standalone
463272,Johnny English Strikes Again,25000000.0,158972570,"['Action', 'Adventure', 'Comedy']",True,2018-09-13,6.27,2581,89,Johnny English Collection,535.89028,subsequent
227156,The Giver,25000000.0,66980456,"['Drama', 'Science Fiction']",False,2014-08-13,6.554,4493,97,,167.921824,standalone
455980,Tag,28000000.0,75100000,"['Comedy', 'Action']",False,2018-05-30,6.71,3247,100,,168.21428571428572,standalone
10377,My Cousin Vinny,11000000.0,64088552,"['Comedy', 'Drama']",False,1992-03-13,7.5,1678,120,,482.6232,standalone
10246,Porky's,4000000.0,159989673,['Comedy'],True,1981-11-13,6.419,899,94,Porky's Collection,3899.741825,starter
438650,Cold Pursuit,60000000.0,76419755,"['Action', 'Crime', 'Thriller', 'Comedy', 'Drama']",True,2019-02-07,5.851,2659,119,Cold Pursuit Collection,27.36625833333333,starter
9428,The Royal Tenenbaums,21000000.0,71441250,"['Comedy', 'Drama']",False,2001-10-05,7.5,4696,110,,240.19642857142856,standalone
11187,Child's Play 3,13000000.0,20560255,"['Horror', 'Thriller']",True,1991-08-30,5.9,1649,90,Child's Play Collection,58.15580769230769,subsequent
1236419,Piece by Piece,16000000.0,10591426,"['Animation', 'Documentary', 'Family', 'Music']",False,2024-10-10,7.447,114,93,,-33.8035875,standalone
18405,The Last House on the Left,15000000.0,32721635,"['Crime', 'Thriller', 'Horror', 'Drama']",False,2009-03-13,6.49,1824,113,,118.14423333333333,standalone
492,Being John Malkovich,13000000.0,22863596,"['Comedy', 'Drama', 'Fantasy']",False,1999-10-29,7.415,4518,113,,75.87381538461538,standalone
8584,Shanghai Noon,55000000.0,99274467,"['Adventure', 'Action', 'Comedy', 'Western']",True,2000-05-26,6.422,2606,110,Shanghai Noon Collection,80.4990309090909,starter
9800,Philadelphia,26000000.0,206678440,['Drama'],False,1993-12-22,7.718,4379,126,,694.9170769230769,standalone
8095,Cleopatra,44000000.0,57779280,"['Drama', 'History', 'Romance']",False,1963-06-12,7.044,789,251,,31.31654545454545,standalone
46705,Blue Valentine,1000000.0,15440333,"['Drama', 'Romance']",False,2010-12-26,6.948,3342,112,,1444.0333,standalone
878361,Big George Foreman,32000000.0,3800000,"['History', 'Drama']",False,2023-04-27,7.534,313,129,,-88.125,standalone
12599,Pokémon the Movie 2000,30000000.0,133949270,"['Adventure', 'Fantasy', 'Animation', 'Science Fiction', 'Family']",True,1999-07-17,6.699,875,84,Pokémon Collection,346.49756666666667,subsequent
634429,Shin Ultraman,5500000.0,34441594,"['Action', 'Science Fiction']",False,2022-05-13,7.5,207,112,,526.2108,standalone
11012,Damage,11000000.0,31000000,"['Drama', 'Romance']",False,1992-12-02,6.6,625,111,,181.8181818181818,standalone
616747,Haunted Mansion,157800000.0,117449790,"['Comedy', 'Drama', 'Fantasy', 'Horror']",False,2023-07-26,6.483,1120,123,,-25.570475285171103,standalone
2636,The Specialist,45000000.0,170362582,"['Action', 'Thriller']",False,1994-10-07,5.931,1340,110,,278.58351555555555,standalone
37710,The Tourist,100000000.0,278731369,"['Action', 'Thriller', 'Romance']",False,2010-12-08,6.185,5525,103,,178.731369,standalone
2277,Bicentennial Man,100000000.0,87423861,"['Science Fiction', 'Drama']",False,1999-12-17,7.262,3707,131,,-12.576139,standalone
1112426,Stree 2,10000000.0,100000000,"['Horror', 'Comedy']",True,2024-08-15,6.758,64,143,Maddock Horror Comedy Universe,900.0,subsequent
1640,Crash,6500000.0,98400000,['Drama'],False,2005-05-06,7.218,3624,112,,1413.8461538461538,standalone
4251,Veer-Zaara,7000000.0,29385320,"['Drama', 'Romance']",False,2004-11-12,7.4,277,192,,319.7902857142857,standalone
280217,The Lego Movie 2: The Second Part,99000000.0,199603202,"['Action', 'Adventure', 'Animation', 'Comedy', 'Family']",True,2019-02-06,6.675,2285,107,The Lego Movie Collection,101.61939595959598,subsequent
40264,Vampires Suck,20000000.0,80547866,"['Comedy', 'Fantasy']",True,2010-08-18,4.365,1323,84,Vampires Suck Collection,302.73933,starter
8859,"Dude, Where's My Car?",13000000.0,73180723,"['Comedy', 'Romance', 'Science Fiction', 'Mystery']",False,2000-12-15,5.549,1942,83,,462.92863846153847,standalone
373569,Snatched,42000000.0,60800000,"['Action', 'Comedy']",False,2017-05-03,5.355,813,90,,44.761904761904766,standalone
22804,Saw VI,11000000.0,69752402,"['Horror', 'Thriller']",True,2009-10-22,6.289,3332,90,Saw Collection,534.1127454545455,subsequent
756,Fantasia,2280000.0,76411819,"['Animation', 'Family', 'Fantasy']",True,1940-11-13,7.358,3150,124,Fantasia Collection,3251.3955701754385,starter
1883,Malcolm X,34000000.0,48169908,"['Drama', 'History']",False,1992-11-18,7.539,1749,202,,41.6762,standalone
13455,Push,38000000.0,49678401,"['Science Fiction', 'Action', 'Adventure', 'Thriller']",False,2009-02-04,6.145,2312,111,,30.732634210526317,standalone
9276,The Faculty,15000000.0,40283321,"['Horror', 'Science Fiction']",False,1998-12-25,6.553,2072,104,,168.55547333333334,standalone
52449,Bad Teacher,20000000.0,216197492,['Comedy'],False,2011-05-16,5.606,4767,92,,980.98746,standalone
10428,Hackers,20000000.0,7563728,"['Action', 'Crime', 'Thriller', 'Drama']",False,1995-09-14,6.376,1349,107,,-62.18136,standalone
425001,The War with Grandpa,18000000.0,43387445,"['Comedy', 'Family']",False,2020-08-27,6.434,993,98,,141.04136111111112,standalone
3175,Barry Lyndon,11000000.0,31500000,"['Drama', 'Romance', 'War', 'History']",False,1975-12-18,8.002,2951,185,,186.36363636363635,standalone
658224,"The Wizard of the Emerald City, Part 1",9100000.0,41418925,"['Drama', 'Fantasy']",True,2025-01-01,7.361,61,104,The Wizard of the Emerald City Collection,355.15302197802197,starter
11551,Small Soldiers,40000000.0,54682547,"['Comedy', 'Adventure', 'Fantasy', 'Science Fiction', 'Action']",False,1998-07-10,6.547,2194,110,,36.7063675,standalone
116,Match Point,15000000.0,85306374,"['Drama', 'Thriller', 'Crime', 'Romance']",False,2005-10-26,7.361,4163,124,,468.70915999999994,standalone
89492,This Is 40,35000000.0,88200000,['Comedy'],True,2012-12-20,5.889,2217,134,Knocked Up Collection,152.0,subsequent
11586,Exorcist II: The Heretic,14000000.0,30749142,['Horror'],True,1977-06-17,4.539,741,118,The Exorcist Collection,119.63672857142858,subsequent
50348,The Lincoln Lawyer,40000000.0,85412898,"['Crime', 'Drama', 'Thriller']",False,2011-03-17,7.199,3397,119,,113.532245,standalone
8195,Ronin,55000000.0,70692101,"['Action', 'Thriller', 'Crime']",False,1998-09-25,6.968,2471,122,,28.53109272727273,standalone
7453,The Hitchhiker's Guide to the Galaxy,50000000.0,104500000,"['Adventure', 'Comedy', 'Science Fiction']",False,2005-04-28,6.673,3983,109,,109.00000000000001,standalone
466081,The Informer,60000000.0,2927708,"['Drama', 'Crime', 'Thriller']",False,2019-08-30,6.526,883,109,,-95.12048666666666,standalone
470044,The Hate U Give,23000000.0,34934009,"['Crime', 'Drama']",False,2018-10-19,8.095,2161,133,,51.886995652173916,standalone
10030,Good Luck Chuck,25000000.0,59768495,"['Comedy', 'Romance']",False,2007-09-21,5.904,1558,101,,139.07398,standalone
3512,Under Siege 2: Dark Territory,60000000.0,104324083,"['Action', 'Thriller']",True,1995-07-13,5.856,947,99,Under Siege Collection,73.87347166666667,subsequent
9833,The Phantom of the Opera,70000000.0,154674241,"['Thriller', 'Drama', 'Romance']",False,2004-12-08,7.251,1676,141,,120.96320142857142,standalone
48988,Hall Pass,36000000.0,83200000,"['Comedy', 'Romance']",False,2011-02-25,5.713,2005,105,,131.11111111111111,standalone
16781,Madea's Family Reunion,6000000.0,63368939,"['Drama', 'Comedy', 'Romance']",True,2006-02-24,6.3,203,109,Madea Collection,956.1489833333333,subsequent
7278,Meet the Spartans,30000000.0,85897593,"['Comedy', 'Fantasy']",False,2008-01-24,4.093,1745,84,,186.32531,standalone
11449,The Amityville Horror,4700000.0,86432000,['Horror'],True,1979-07-27,6.291,959,118,The Amityville Collection,1738.9787234042553,starter
587412,K.G.F: Chapter 2,13000000.0,90410749,"['Action', 'Thriller', 'Adventure', 'Crime']",True,2022-04-14,7.471,172,168,K.G.F Collection,595.4673,starter
11096,Hide and Seek,30000000.0,127369981,"['Horror', 'Mystery']",False,2005-01-27,6.329,1633,101,,324.5666033333333,standalone
97370,Under the Skin,13300000.0,5735963,"['Thriller', 'Science Fiction', 'Drama']",False,2014-03-14,6.139,3558,108,,-56.87245864661654,standalone
1094274,Y2K,15000000.0,4210306,"['Comedy', 'Horror', 'Science Fiction']",False,2024-12-06,5.253,194,91,,-71.93129333333333,standalone
6068,Six Days Seven Nights,70000000.0,164839294,"['Comedy', 'Action', 'Adventure', 'Romance']",False,1998-06-12,6.088,1520,102,,135.48470571428572,standalone
798286,Beau Is Afraid,35000000.0,12337378,"['Comedy', 'Adventure', 'Fantasy']",False,2023-04-14,6.742,1153,179,,-64.75034857142857,standalone
76489,The Three Stooges,30000000.0,54819301,['Comedy'],False,2012-04-13,5.809,604,92,,82.73100333333333,standalone
76494,What to Expect When You're Expecting,40000000.0,79700000,"['Romance', 'Comedy', 'Drama']",False,2012-05-17,5.994,1813,110,,99.25,standalone
10775,Infernal Affairs,6400000.0,8836958,"['Drama', 'Action', 'Thriller', 'Crime', 'Mystery']",True,2002-12-12,7.817,1714,100,Infernal Affairs Collection,38.07746875,starter
50359,Hop,63000000.0,183953723,"['Animation', 'Comedy', 'Family']",False,2011-03-30,5.788,1318,95,,191.9900365079365,standalone
41233,Step Up 3D,30000000.0,159291809,"['Drama', 'Romance']",True,2010-08-04,6.814,1924,107,Step Up Collection,430.9726966666667,subsequent
72331,Abraham Lincoln: Vampire Hunter,69000000.0,116500000,"['Action', 'Fantasy', 'Horror']",False,2012-06-20,5.758,3404,105,,68.84057971014492,standalone
268531,Captain Underpants: The First Epic Movie,38000000.0,125427681,"['Family', 'Comedy', 'Adventure', 'Animation']",True,2017-06-01,6.256,1260,88,Captain Underpants Collection,230.0728447368421,starter
1656,The Legend of Zorro,75000000.0,142400065,"['Action', 'Adventure', 'Western']",True,2005-10-24,6.127,2949,129,Zorro Collection,89.86675333333334,subsequent
630004,The Vault,15000000.0,8804000,"['Drama', 'Action', 'Thriller']",False,2021-03-04,6.829,996,114,,-41.30666666666667,standalone
9488,Spy Kids 2: The Island of Lost Dreams,38000000.0,119723358,"['Family', 'Action', 'Adventure', 'Comedy', 'Science Fiction']",True,2002-08-07,5.649,2242,100,Spy Kids Collection,215.06146842105264,subsequent
1634,Free Willy,20000000.0,153698625,"['Family', 'Adventure', 'Drama']",True,1993-07-16,6.182,1857,112,Free Willy Collection,668.493125,starter
442062,Goosebumps 2: Haunted Halloween,35000000.0,93320380,"['Comedy', 'Fantasy', 'Horror']",True,2018-10-11,6.111,1562,90,Goosebumps Collection,166.62965714285713,subsequent
3580,Changeling,55000000.0,113400000,"['Crime', 'Drama', 'Mystery']",False,2008-10-24,7.586,4275,141,,106.18181818181817,standalone
10200,The Day the Earth Stood Still,80000000.0,233093859,"['Drama', 'Science Fiction', 'Thriller']",False,2008-12-10,5.641,3515,104,,191.36732375,standalone
385103,Scoob!,90000000.0,28600000,"['Animation', 'Comedy', 'Family', 'Mystery']",False,2020-07-08,7.02,1743,93,,-68.22222222222221,standalone
14306,Marley & Me,60000000.0,255700000,"['Comedy', 'Family']",True,2008-12-25,7.193,4641,115,Marley & Me Collection,326.1666666666667,starter
376660,The Edge of Seventeen,9000000.0,18803648,"['Comedy', 'Drama']",False,2016-11-18,7.2,4113,105,,108.92942222222221,standalone
5994,The Family Man,60000000.0,124700000,"['Comedy', 'Drama', 'Romance', 'Fantasy']",False,2000-12-12,6.801,2041,125,,107.83333333333334,standalone
7840,"10,000 BC",105000000.0,269784201,"['Adventure', 'Action', 'Drama', 'Fantasy']",False,2008-03-04,5.485,3021,109,,156.9373342857143,standalone
1678,Godzilla,900000.0,2250000,"['Thriller', 'Horror', 'Science Fiction']",True,1954-11-03,7.64,1030,96,Godzilla (Showa) Collection,150.0,starter
1858,Transformers,150000000.0,709709780,"['Adventure', 'Science Fiction', 'Action']",True,2007-06-27,6.817,11624,144,Transformers Collection,373.13985333333335,starter
48138,Unknown,30000000.0,130786397,"['Action', 'Mystery', 'Thriller']",False,2011-02-16,6.684,3961,113,,335.95465666666666,standalone
734253,Adipurush,63000000.0,54300000,"['History', 'Action', 'Adventure', 'Fantasy']",False,2023-06-16,4.8,95,179,,-13.80952380952381,standalone
62215,Melancholia,7400000.0,15946321,"['Drama', 'Science Fiction']",False,2011-05-26,7.171,3607,130,,115.49082432432431,standalone
9007,Just Like Heaven,58000000.0,102900000,"['Drama', 'Comedy', 'Romance', 'Fantasy']",False,2005-09-16,6.963,2434,95,,77.41379310344828,standalone
1102493,Small Things Like These,3000000.0,12534032,"['Drama', 'History']",False,2024-11-01,6.8,334,99,,317.80106666666666,standalone
9404,Police Story 4: First Strike,1500000.0,53168876,"['Action', 'Adventure', 'Comedy', 'Crime', 'Drama', 'Thriller']",True,1996-02-10,6.5,502,107,Police Story Collection,3444.591733333333,subsequent
16620,La Bamba,6500000.0,54215416,"['Drama', 'Music']",False,1987-07-24,7.266,736,108,,734.0833230769231,standalone
475,Bonnie and Clyde,2500000.0,50700000,"['Crime', 'Drama']",False,1967-08-13,7.489,1683,111,,1928.0,standalone
14113,Zoom,75600000.0,12506188,"['Family', 'Comedy', 'Adventure', 'Action', 'Science Fiction']",False,2006-08-11,5.3,611,88,,-83.45742328042328,standalone
201088,Blackhat,70000000.0,17752940,"['Crime', 'Thriller', 'Action']",False,2015-01-13,5.515,2076,133,,-74.63865714285714,standalone
10780,Overboard,22000000.0,26700000,"['Comedy', 'Romance']",False,1987-12-16,6.831,890,112,,21.363636363636363,standalone
2655,What Lies Beneath,100000000.0,291420351,"['Drama', 'Horror', 'Mystery', 'Thriller']",False,2000-07-21,6.439,1897,130,,191.420351,standalone
11023,Thirteen,2000000.0,10128960,['Drama'],False,2003-08-20,6.662,1668,100,,406.448,standalone
1900,Traffic,48000000.0,207500000,"['Thriller', 'Drama', 'Crime']",False,2000-12-27,7.082,2237,147,,332.29166666666663,standalone
58431,Pride and Prejudice and Zombies,28000000.0,16457494,"['Romance', 'Horror', 'Comedy', 'Thriller']",False,2016-02-04,6.2,2213,108,,-41.223235714285714,standalone
426543,The Nutcracker and the Four Realms,120000000.0,173961069,"['Fantasy', 'Adventure', 'Family']",False,2018-10-26,6.084,2173,99,,44.9675575,standalone
13515,Mirrors,35000000.0,72400000,"['Horror', 'Mystery']",True,2008-08-14,6.288,1908,111,Mirrors Collection,106.85714285714285,starter
152532,Dallas Buyers Club,5000000.0,55736588,"['Drama', 'History']",False,2013-11-01,7.92,8669,117,,1014.7317599999999,standalone
581734,Nomadland,5000000.0,39458207,['Drama'],False,2021-01-29,7.191,3115,108,,689.16414,standalone
9896,Rat Race,48000000.0,85498534,"['Adventure', 'Comedy']",False,2001-08-17,6.273,1844,112,,78.12194583333333,standalone
6280,Junior,60000000.0,108400000,"['Comedy', 'Science Fiction']",False,1994-11-22,5.2,1542,109,,80.66666666666666,standalone
9571,Dazed and Confused,6900000.0,8259076,"['Comedy', 'Drama']",False,1993-09-24,7.321,2117,102,,19.696753623188407,standalone
1878,Fear and Loathing in Las Vegas,18500000.0,10700000,"['Adventure', 'Drama', 'Comedy']",False,1998-05-22,7.212,4748,118,,-42.16216216216216,standalone
496,Borat: Cultural Learnings of America for Make Benefit Glorious Nation of Kazakhstan,18000000.0,262552893,['Comedy'],True,2006-11-01,6.779,5583,84,Borat Moviefilms Collection,1358.6271833333333,starter
504,Monster,8000000.0,60400000,"['Crime', 'Drama']",False,2003-12-24,7.214,2393,110,,655.0,standalone
396371,Molly's Game,30000000.0,59284015,"['Drama', 'Crime']",False,2017-12-07,7.148,3813,140,,97.61338333333333,standalone
9461,Enter the Dragon,850000.0,400000000,['Action'],False,1973-08-17,7.422,1965,102,,46958.82352941176,standalone
22824,The Fourth Kind,10000000.0,47709193,"['Mystery', 'Science Fiction', 'Thriller']",False,2009-11-05,6.349,1783,98,,377.09193,standalone
23023,Tooth Fairy,48000000.0,112462508,"['Comedy', 'Family', 'Fantasy']",True,2010-01-14,5.489,2029,101,Tooth Fairy Collection,134.29689166666668,starter
186,Lucky Number Slevin,27000000.0,56300000,"['Drama', 'Thriller', 'Crime', 'Mystery']",False,2006-02-24,7.483,4201,110,,108.51851851851852,standalone
393345,Cult of Chucky,6500000.0,2332018,"['Horror', 'Thriller']",True,2017-10-12,5.828,1338,91,Child's Play Collection,-64.1228,subsequent
616820,Halloween Ends,33000000.0,104374176,"['Horror', 'Thriller']",True,2022-10-12,6.069,1860,111,Halloween Collection,216.2853818181818,subsequent
261023,Black Mass,53000000.0,99975678,"['Drama', 'Crime', 'History']",False,2015-09-17,6.521,3426,123,,88.63335471698113,standalone
12149,Frailty,11000000.0,17400000,"['Drama', 'Thriller', 'Crime']",False,2002-04-12,6.973,1208,100,,58.18181818181818,standalone
11901,High Plains Drifter,5500000.0,15700000,"['Western', 'Drama', 'Mystery']",False,1973-04-19,7.343,1227,105,,185.45454545454544,standalone
18736,The Lizzie McGuire Movie,17000000.0,55534455,"['Family', 'Comedy']",False,2003-05-02,6.307,1277,94,,226.67326470588236,standalone
612,Munich,70000000.0,130982129,"['Drama', 'Action', 'History', 'Thriller']",False,2005-12-23,7.14,2769,164,,87.11732714285715,standalone
287948,The Transporter Refueled,25000000.0,72629670,"['Action', 'Thriller', 'Crime']",False,2015-09-02,5.513,1523,95,,190.51868000000002,standalone
9767,The Break-Up,52000000.0,205700000,"['Romance', 'Comedy']",False,2006-06-01,5.9,2723,106,,295.5769230769231,standalone
1992,Planet Terror,23000000.0,11446172,"['Horror', 'Action', 'Thriller']",False,2007-04-06,6.68,3601,105,,-50.234034782608695,standalone
2898,As Good as It Gets,50000000.0,314178011,"['Drama', 'Comedy', 'Romance']",False,1997-12-19,7.396,3896,139,,528.356022,standalone
463257,The Peanut Butter Falcon,6200000.0,23712097,"['Adventure', 'Comedy', 'Drama']",False,2019-08-09,7.409,1489,97,,282.4531774193548,standalone
520023,Bodies Bodies Bodies,3000000.0,13900000,"['Horror', 'Comedy', 'Mystery']",False,2022-08-05,6.198,1290,94,,363.3333333333333,standalone
8393,The Gods Must Be Crazy,5000000.0,200000000,"['Action', 'Comedy']",True,1980-09-10,7.272,1212,109,The Gods Must Be Crazy Collection,3900.0,starter
16161,Baby Boy,16000000.0,29381649,"['Crime', 'Drama', 'Romance', 'Thriller']",False,2001-06-27,7.139,323,130,,83.63530625,standalone
11887,High School Musical 3: Senior Year,11000000.0,252909177,"['Comedy', 'Romance', 'Drama', 'Family', 'Music']",True,2008-10-11,6.548,3511,117,High School Musical Collection,2199.1743363636365,subsequent
10477,Driven,94000000.0,54744738,"['Action', 'Drama']",False,2001-04-27,5.123,749,116,,-41.7609170212766,standalone
10045,District B13,12000000.0,11169386,"['Action', 'Thriller', 'Science Fiction']",True,2004-11-09,6.799,1885,84,District 13 Collection,-6.921783333333334,starter
10601,Peter Pan,100000000.0,121975011,"['Adventure', 'Fantasy', 'Family']",False,2003-12-18,7.15,2675,113,,21.975011,standalone
11976,Legend,24500000.0,15502112,"['Adventure', 'Fantasy']",False,1985-08-28,6.233,1277,94,,-36.72607346938776,standalone
10320,The Ring Two,50000000.0,161451538,"['Drama', 'Horror', 'Thriller']",True,2005-03-10,5.744,2328,110,The Ring Collection,222.903076,subsequent
10957,The Black Cauldron,25000000.0,21300000,"['Animation', 'Adventure', 'Family', 'Fantasy']",False,1985-07-24,6.42,1369,80,,-14.799999999999999,standalone
998846,Back to Black,30000000.0,51001975,"['Music', 'History', 'Drama']",False,2024-04-11,6.693,607,122,,70.00658333333334,standalone
36670,Never Say Never Again,36000000.0,160000000,"['Adventure', 'Action', 'Thriller']",True,1983-10-07,6.054,1504,134,James Bond Collection,344.44444444444446,subsequent
10312,Patch Adams,50000000.0,202292902,"['Comedy', 'Drama']",False,1998-12-25,7.315,3290,115,,304.585804,standalone
9801,Bridget Jones: The Edge of Reason,40000000.0,265126918,"['Comedy', 'Romance']",True,2004-11-10,6.232,2912,108,Bridget Jones Collection,562.817295,subsequent
8872,Wayne's World,20000000.0,183097323,"['Comedy', 'Music']",True,1992-02-14,6.706,2316,95,Wayne's World Collection,815.486615,starter
8224,8MM,40000000.0,96618699,"['Thriller', 'Crime', 'Mystery']",True,1999-02-26,6.461,2103,123,8MM Collection,141.5467475,starter
1440,Little Children,26000000.0,14821658,"['Drama', 'Romance']",False,2006-10-06,7.081,1059,137,,-42.99362307692308,standalone
387,Das Boot,14000000.0,85000000,"['Drama', 'History', 'War']",False,1981-09-17,8.085,2322,150,,507.1428571428571,standalone
82682,Gangster Squad,60000000.0,105200000,"['Crime', 'Drama', 'Action', 'Thriller']",False,2013-01-09,6.372,4107,113,,75.33333333333333,standalone
11497,All Dogs Go to Heaven,13800000.0,27100027,"['Drama', 'Animation', 'Family', 'Comedy', 'Fantasy']",True,1989-11-17,6.8,1070,84,All Dogs Go to Heaven Collection,96.3770072463768,starter
9319,The Last Boy Scout,29000000.0,59500000,"['Action', 'Thriller']",False,1991-12-13,6.831,1990,105,,105.17241379310344,standalone
437557,Blockers,21000000.0,94017294,['Comedy'],False,2018-03-14,6.31,2033,102,,347.7014,standalone
1084863,The Soul Eater,3500000.0,864825,"['Thriller', 'Horror', 'Crime', 'Mystery']",False,2024-04-24,6.112,178,111,,-75.29071428571429,standalone
5203,Wild Orchid,7000000.0,11060485,"['Drama', 'Romance']",True,1989-12-22,5.229,284,105,Wild Orchid Collection,58.006928571428574,starter
1687,Escape from the Planet of the Apes,2500000.0,12348905,"['Action', 'Science Fiction']",True,1971-05-20,6.373,1142,98,Planet of the Apes (Original) Collection,393.9562,subsequent
168672,American Hustle,40000000.0,251171807,"['Drama', 'Crime']",False,2013-12-03,6.854,7417,138,,527.9295175,standalone
9303,Bound,4500000.0,7011317,"['Drama', 'Thriller', 'Crime']",False,1996-09-13,7.206,991,105,,55.80704444444444,standalone
1083241,Baby John,21176000.0,6941000,"['Action', 'Drama', 'Thriller', 'Crime']",False,2024-12-25,5.947,19,162,,-67.22232716282585,standalone
504608,Rocketman,40000000.0,167300000,"['Music', 'Drama']",False,2019-05-17,7.319,4775,121,,318.25,standalone
514439,Breakthrough,14000000.0,49200000,['Drama'],False,2019-04-10,7.645,1115,116,,251.42857142857142,standalone
192558,Aashiqui 2,1300000.0,16000000,"['Drama', 'Romance']",True,2013-04-26,6.8,165,132,Aashiqui Collection,1130.769230769231,starter
9907,Barnyard,51000000.0,116755080,"['Animation', 'Comedy', 'Family']",False,2006-08-04,5.9,1121,90,,128.9315294117647,standalone
517093,Balkan Line,3500000.0,4944386,"['Drama', 'Action', 'War']",False,2019-03-21,7.475,551,130,,41.26817142857143,standalone
11451,Herbie Fully Loaded,50000000.0,144100000,"['Comedy', 'Family', 'Adventure', 'Fantasy', 'Romance']",True,2005-06-22,5.806,2338,100,Herbie Collection,188.2,starter
10997,Farewell My Concubine,4000000.0,6400000,['Drama'],False,1993-01-01,7.942,611,171,,60.0,standalone
10603,George of the Jungle,55000000.0,174463257,"['Adventure', 'Comedy', 'Family', 'Romance']",True,1997-07-15,5.637,2140,92,George of the Jungle Collection,217.20592181818182,starter
11808,U.S. Marshals,60000000.0,102367405,"['Thriller', 'Crime', 'Action']",True,1998-03-06,6.527,1666,131,Marshal Samuel Gerard Collection,70.61234166666667,subsequent
10539,James and the Giant Peach,38000000.0,28946127,"['Adventure', 'Animation', 'Family', 'Fantasy']",False,1996-04-12,6.571,1358,79,,-23.82598157894737,standalone
1542,Office Space,10000000.0,12800000,['Comedy'],False,1999-02-19,7.37,3134,90,,28.000000000000004,standalone
12572,"New York, I Love You",14700000.0,14600000,"['Comedy', 'Drama', 'Romance']",False,2008-09-06,5.95,553,103,,-0.6802721088435374,standalone
17360,Escape to Victory,10000000.0,27453418,"['Drama', 'War']",False,1981-06-17,6.885,943,116,,174.53418,standalone
9535,Analyze This,80000000.0,176885658,"['Comedy', 'Crime']",True,1999-03-05,6.512,1963,103,Analyze Collection,121.10707249999999,starter
452832,Serenity,25000000.0,14500000,"['Thriller', 'Mystery', 'Drama']",False,2019-01-24,5.446,1556,102,,-42.0,standalone
340837,A Cure for Wellness,40000000.0,26620002,"['Horror', 'Mystery', 'Science Fiction']",False,2017-02-15,6.341,3940,146,,-33.449995,standalone
11003,The Wedding Singer,18000000.0,123306987,"['Romance', 'Comedy']",False,1998-02-13,6.778,1800,97,,585.0388166666667,standalone
8843,The Cell,33000000.0,104155843,"['Horror', 'Science Fiction', 'Thriller']",True,2000-08-18,6.281,1579,107,The Cell Collection,215.62376666666668,starter
9622,Beverly Hills Ninja,18000000.0,31480022,"['Comedy', 'Action']",False,1997-01-17,5.651,790,88,,74.88901111111112,standalone
271718,Trainwreck,35000000.0,140795793,"['Comedy', 'Romance']",False,2015-07-17,5.8,2625,125,,302.27369428571427,standalone
11954,Lifeforce,25000000.0,11603545,"['Horror', 'Science Fiction', 'Action']",False,1985-06-21,6.25,642,102,,-53.58582,standalone
227306,Unbroken,65000000.0,163400000,"['Drama', 'War']",True,2014-12-25,7.426,4187,137,Unbroken Collection,151.3846153846154,starter
9728,Friday the 13th Part III,2200000.0,36690067,"['Horror', 'Thriller']",True,1982-08-13,5.9,1488,95,Friday the 13th Collection,1567.7303181818181,subsequent
2639,Deconstructing Harry,20000000.0,10686841,"['Comedy', 'Drama']",False,1997-12-12,7.266,988,96,,-46.565795,standalone
55341,Jeepers Creepers 3,6200000.0,4017852,['Horror'],True,2017-09-26,4.909,928,100,Jeepers Creepers Collection,-35.19593548387097,subsequent
9560,A Walk in the Clouds,20000000.0,50012507,"['Drama', 'Romance']",False,1995-05-27,7.339,1058,103,,150.062535,standalone
72976,Lincoln,65000000.0,275300000,"['History', 'Drama']",False,2012-11-09,6.858,3877,149,,323.53846153846155,standalone
2486,Eragon,100000000.0,250425512,"['Fantasy', 'Action', 'Adventure', 'Family']",False,2006-12-14,5.112,3321,104,,150.425512,standalone
7347,Elite Squad,4000000.0,14759148,"['Drama', 'Action', 'Crime']",True,2007-10-12,8.057,2519,115,Elite Squad Collection,268.9787,starter
83666,Moonrise Kingdom,16000000.0,68263166,"['Comedy', 'Drama', 'Romance']",False,2012-05-16,7.68,6028,94,,326.6447875,standalone
59965,Abduction,35000000.0,82087155,"['Thriller', 'Action', 'Mystery']",False,2011-09-22,5.855,2921,106,,134.53472857142856,standalone
10538,Passenger 57,15000000.0,44065653,"['Action', 'Adventure', 'Thriller']",False,1992-11-06,5.991,1041,84,,193.77102,standalone
11422,Midway,4000000.0,100000000,"['Action', 'Drama', 'History', 'War']",False,1976-06-18,6.623,301,132,,2400.0,standalone
242512,Ouija,5000000.0,103600000,['Horror'],True,2014-10-24,5.147,2693,89,Ouija Collection,1972.0,starter
400617,Phantom Thread,35000000.0,47756590,"['Drama', 'Romance']",False,2017-12-25,7.315,3565,130,,36.4474,standalone
398173,The House That Jack Built,9800000.0,5566776,"['Drama', 'Horror', 'Crime', 'Thriller']",False,2018-07-05,7.126,2880,151,,-43.19616326530612,standalone
13688,CJ7,20000000.0,47301471,"['Comedy', 'Drama', 'Family', 'Fantasy', 'Science Fiction']",False,2008-01-30,7.339,736,88,,136.507355,standalone
791177,Bones and All,16000000.0,15234907,"['Horror', 'Romance', 'Drama']",False,2022-11-18,7.044,1454,130,,-4.78183125,standalone
10225,Friday the 13th Part VI: Jason Lives,3000000.0,19472525,"['Horror', 'Thriller']",True,1986-08-01,6.2,1253,86,Friday the 13th Collection,549.0841666666666,subsequent
9313,The Man in the Iron Mask,35000000.0,183000000,"['Adventure', 'Action', 'Drama']",False,1998-03-12,6.643,3934,132,,422.8571428571429,standalone
272693,The DUFF,8500000.0,43528634,"['Romance', 'Comedy']",False,2015-02-20,6.769,4397,100,,412.10157647058827,standalone
284,The Apartment,3000000.0,25000000,"['Comedy', 'Drama', 'Romance']",False,1960-06-21,8.196,2441,125,,733.3333333333333,standalone
9882,The Siege,70000000.0,116700000,"['Drama', 'Action', 'Thriller', 'Crime']",False,1998-11-06,6.306,1385,116,,66.71428571428571,standalone
45772,Gnomeo & Juliet,36000000.0,189712432,"['Animation', 'Family']",True,2011-01-13,5.892,2007,84,Gnomeo & Juliet Collection,426.97897777777774,starter
293,A River Runs Through It,12000000.0,43440294,"['Drama', 'Family']",False,1992-10-09,7.03,1116,123,,262.00245,standalone
8619,Master and Commander: The Far Side of the World,150000000.0,212000000,"['Adventure', 'Drama', 'War']",False,2003-11-14,7.165,3281,138,,41.333333333333336,standalone
9894,The Cable Guy,47000000.0,102825796,"['Comedy', 'Drama', 'Thriller']",False,1996-06-10,5.994,2514,96,,118.77828936170214,standalone
274479,Joy,60000000.0,101134059,"['Drama', 'Comedy']",False,2015-12-24,6.551,4163,124,,68.556765,standalone
7442,Sleeping with the Enemy,19000000.0,175000000,"['Drama', 'Thriller']",False,1991-01-13,6.5,1136,99,,821.0526315789474,standalone
33542,Rumble in the Bronx,7500000.0,76028558,"['Crime', 'Action', 'Comedy', 'Thriller']",False,1995-01-21,6.826,1078,106,,913.7141066666667,standalone
85350,Boyhood,4000000.0,48137666,['Drama'],False,2014-06-05,7.495,5288,166,,1103.44165,standalone
9397,Evolution,80000000.0,98376292,"['Comedy', 'Science Fiction', 'Action']",False,2001-06-08,6.097,2319,101,,22.970365,standalone
4944,Burn After Reading,37000000.0,163700000,"['Comedy', 'Drama']",False,2008-09-05,6.658,4892,96,,342.4324324324324,standalone
1636,Bedazzled,48000000.0,90383208,"['Fantasy', 'Comedy', 'Romance']",False,2000-10-19,6.069,1961,93,,88.29835,standalone
49017,Dracula Untold,70000000.0,217124280,"['Horror', 'Action', 'Fantasy']",False,2014-10-01,6.442,6247,92,,210.17754285714284,standalone
303991,Demolition,10000000.0,4366460,"['Comedy', 'Drama']",False,2016-04-06,6.821,2312,101,,-56.3354,standalone
109431,Identity Thief,35000000.0,173965010,"['Comedy', 'Crime']",False,2013-02-07,5.856,3370,111,,397.0428857142857,standalone
1887,Marie Antoinette,40000000.0,60917189,"['Drama', 'History']",False,2006-05-24,6.697,2822,123,,52.292972500000005,standalone
9725,Friday the 13th Part 2,1250000.0,21722776,"['Horror', 'Thriller']",True,1981-05-01,6.2,1768,86,Friday the 13th Collection,1637.8220800000001,subsequent
1281,Bean,18000000.0,251212670,"['Family', 'Adventure', 'Comedy']",True,1997-07-03,6.467,2468,89,Mr. Bean Collection,1295.6259444444445,starter
1278101,Big World,7000000.0,109500000,"['Drama', 'Family']",False,2024-12-27,7.635,26,131,,1464.2857142857142,standalone
595,To Kill a Mockingbird,2000000.0,13129846,['Drama'],False,1962-12-20,7.989,2704,129,,556.4923,standalone
171424,The Green Inferno,5000000.0,12666449,"['Adventure', 'Horror']",False,2013-09-08,5.715,1487,100,,153.32898,standalone
152,Star Trek: The Motion Picture,44000000.0,139346243,"['Science Fiction', 'Adventure', 'Mystery']",True,1979-12-07,6.5,1794,131,Star Trek: The Original Series Collection,216.6960068181818,starter
489999,Searching,1000000.0,75462037,"['Drama', 'Mystery', 'Thriller']",True,2018-08-24,7.569,3982,102,Searching Collection,7446.203699999999,starter
33689,It Takes Two,19474589.0,19474589,"['Comedy', 'Family', 'Romance']",False,1995-11-17,6.504,915,101,,0.0,standalone
9718,Talladega Nights: The Ballad of Ricky Bobby,72500000.0,163000000,['Comedy'],False,2006-08-04,6.362,1749,108,,124.82758620689656,standalone
9651,Supergirl,35000000.0,14296438,"['Adventure', 'Fantasy', 'Action', 'Science Fiction']",False,1984-07-01,5.334,617,124,,-59.15303428571429,standalone
522478,Peter Rabbit 2: The Runaway,45000000.0,153000000,"['Family', 'Comedy', 'Adventure', 'Animation']",True,2021-03-25,7.071,842,93,Peter Rabbit Collection,240.0,subsequent
274,The Silence of the Lambs,19000000.0,272742922,"['Crime', 'Drama', 'Thriller']",True,1991-02-14,8.347,16924,119,The Hannibal Lecter Collection,1335.4890631578946,starter
507076,Climax,2900000.0,1696075,"['Horror', 'Drama']",False,2018-09-19,7.1,2196,97,,-41.514655172413796,standalone
36685,The Rocky Horror Picture Show,1400000.0,170000000,"['Comedy', 'Science Fiction', 'Fantasy', 'Horror']",True,1975-08-14,7.4,2918,100,The Rocky Horror Picture Show Collection,12042.857142857143,starter
8844,Jumanji,65000000.0,262821940,"['Adventure', 'Fantasy', 'Family']",True,1995-12-15,7.239,10812,104,Jumanji Collection,304.34144615384616,starter
9715,Hope Floats,30000000.0,81471882,"['Romance', 'Drama', 'Comedy']",False,1998-05-29,6.41,478,114,,171.57294000000002,standalone
14695,Havoc,9000000.0,371000,"['Crime', 'Drama']",True,2005-10-16,5.253,322,86,Havoc Collection,-95.87777777777777,starter
18925,Facing the Giants,100000.0,10307987,['Drama'],False,2006-09-29,7.561,456,111,,10207.987,standalone
1633,Fried Green Tomatoes,11000000.0,119418501,"['Drama', 'Comedy']",False,1991-12-27,7.705,1396,130,,985.6227363636365,standalone
446354,The Post,50000000.0,179769467,"['Drama', 'History']",False,2017-12-22,7.003,4718,116,,259.538934,standalone
9383,Hollow Man,95000000.0,190213455,"['Action', 'Science Fiction', 'Thriller']",True,2000-08-04,6.0,2606,112,Hollow Man Collection,100.22468947368421,starter
480105,47 Meters Down: Uncaged,12000000.0,47582563,"['Horror', 'Thriller']",True,2019-08-15,5.694,1445,90,47 Meters Down Collection,296.52135833333335,subsequent
477489,Just a Breath Away,13749400.0,2842040,"['Drama', 'Science Fiction', 'Thriller']",False,2018-04-04,6.319,827,90,,-79.32971620579808,standalone
16780,The Return of the Texas Chainsaw Massacre,600000.0,186000,"['Horror', 'Comedy']",True,1995-09-22,4.607,704,87,Texas Chainsaw Massacre Collection,-69.0,subsequent
474395,Teen Titans Go! To the Movies,10000000.0,52390236,"['Animation', 'Action', 'Comedy', 'Science Fiction']",True,2018-07-27,7.175,1134,84,Teen Titans Go! Collection,423.90236000000004,starter
437068,A Taxi Driver,12820005.0,81927980,"['Action', 'Drama', 'History']",False,2017-08-02,8.065,1054,138,,539.0635573075049,standalone
15137,Evangelion: 1.0 You Are (Not) Alone,7000000.0,20121073,"['Animation', 'Science Fiction', 'Action', 'Drama']",True,2007-09-01,7.607,1006,98,Rebuild of Evangelion Collection,187.44389999999999,starter
6520,First Knight,55000000.0,127600435,"['Action', 'Adventure', 'Drama', 'Romance']",False,1995-07-07,6.099,1253,134,,132.0007909090909,standalone
213,North by Northwest,4000000.0,13275000,"['Thriller', 'Adventure']",False,1959-07-08,7.983,4253,136,,231.875,standalone
804,Roman Holiday,1500000.0,12000000,"['Romance', 'Comedy', 'Drama']",False,1953-08-26,7.883,2124,119,,700.0,standalone
988402,Humanist Vampire Seeking Consenting Suicidal Person,3000000.0,97578,"['Romance', 'Comedy', 'Fantasy', 'Horror']",False,2023-10-13,7.424,278,91,,-96.7474,standalone
11645,Ran,12000000.0,23334156,"['Action', 'Drama', 'History']",False,1985-06-01,8.1,1645,160,,94.4513,standalone
903,Cool Hand Luke,3200000.0,16217773,"['Drama', 'Crime']",False,1967-11-01,7.731,1491,127,,406.80540625,standalone
369972,First Man,70000000.0,105713218,"['History', 'Drama']",False,2018-10-10,7.042,5396,141,,51.018882857142856,standalone
399366,Marrowbone,8000000.0,12294931,"['Thriller', 'Horror', 'Mystery']",False,2017-10-27,7.277,1691,111,,53.6866375,standalone
258480,Carol,11800000.0,40272135,"['Romance', 'Drama']",False,2015-11-20,7.497,3785,118,,241.28927966101696,standalone
107985,The World's End,20000000.0,46100000,"['Comedy', 'Action', 'Science Fiction']",False,2013-07-18,6.809,5564,109,,130.5,standalone
23048,Hot Tub Time Machine,36000000.0,64780213,"['Science Fiction', 'Comedy', 'Adventure']",True,2010-03-26,6.045,2559,101,Hot Tub Time Machine Collection,79.94503611111111,starter
241251,The Boy Next Door,4000000.0,52425855,['Thriller'],False,2015-01-23,4.902,2056,91,,1210.646375,standalone
1904,Memoirs of a Geisha,85000000.0,162242962,"['Drama', 'Romance', 'History']",False,2005-12-06,7.658,3168,146,,90.87407294117648,standalone
150,48 Hrs.,12000000.0,78868508,"['Crime', 'Action', 'Comedy']",True,1982-12-07,6.691,1570,96,48 Hrs. Collection,557.2375666666667,starter
38810,Dogtooth,275000.0,110248,['Drama'],False,2009-10-22,7.1,2436,98,,-59.90981818181819,standalone
2640,Heathers,3000000.0,1166207,"['Comedy', 'Crime']",False,1988-10-01,7.276,1776,103,,-61.12643333333333,standalone
49730,Red Riding Hood,42000000.0,89162162,"['Thriller', 'Drama', 'Fantasy', 'Mystery', 'Horror']",False,2011-03-10,5.987,3198,100,,112.2908619047619,standalone
23629,Sucker Punch,82000000.0,89792502,"['Action', 'Fantasy', 'Thriller']",False,2011-03-24,6.194,4826,110,,9.503051219512196,standalone
9884,Collateral Damage,85000000.0,78382433,"['Action', 'Thriller', 'Drama']",False,2002-02-06,5.763,1409,108,,-7.78537294117647,standalone
6312,Brotherhood of the Wolf,29000000.0,70800000,"['Adventure', 'Horror', 'Action', 'History']",False,2001-01-31,6.722,1604,151,,144.13793103448276,standalone
82650,Diary of a Wimpy Kid: Dog Days,22000000.0,76196538,"['Comedy', 'Family']",True,2012-08-02,6.325,1002,94,Diary of a Wimpy Kid Collection,246.3479,subsequent
239571,The Best of Me,26000000.0,35926213,"['Drama', 'Romance']",False,2014-10-15,7.467,2618,117,,38.177742307692306,standalone
10660,It Could Happen to You,20000000.0,37939757,"['Comedy', 'Drama', 'Romance']",False,1994-07-16,6.694,841,101,,89.698785,standalone
10718,Torque,40000000.0,46546197,"['Action', 'Comedy', 'Crime']",False,2004-01-16,5.262,595,84,,16.365492500000002,standalone
21032,Balto,31000000.0,11348324,"['Family', 'Animation', 'Adventure']",True,1995-12-22,7.309,2086,78,Balto Collection,-63.39250322580645,starter
6522,Life,80000000.0,73500000,"['Comedy', 'Crime']",False,1999-04-16,6.654,820,108,,-8.125,standalone
76285,Percy Jackson: Sea of Monsters,90000000.0,199850315,"['Adventure', 'Family', 'Fantasy']",True,2013-08-07,6.028,5196,106,Percy Jackson Collection,122.05590555555557,subsequent
654,On the Waterfront,910000.0,960000,"['Crime', 'Drama', 'Romance']",False,1954-06-22,7.898,1649,108,,5.4945054945054945,standalone
254904,The November Man,15000000.0,32600000,"['Crime', 'Action', 'Thriller']",False,2014-08-27,6.111,1516,108,,117.33333333333333,standalone
63492,What's Your Number?,20000000.0,30426096,"['Comedy', 'Romance']",False,2011-09-30,6.467,2369,106,,52.13048,standalone
1577,Resident Evil: Apocalypse,45000000.0,129342769,"['Horror', 'Action', 'Science Fiction']",True,2004-09-10,6.36,4467,94,Resident Evil Collection,187.42837555555556,subsequent
9665,Glory,18000000.0,26800000,"['Drama', 'History', 'War']",False,1989-12-15,7.474,1688,122,,48.888888888888886,standalone
394117,The Florida Project,2000000.0,11303040,['Drama'],False,2017-10-06,7.431,2893,112,,465.152,standalone
51017,Madea's Big Happy Family,25000000.0,54161287,"['Comedy', 'Drama']",True,2011-04-22,6.7,149,106,Madea Collection,116.645148,subsequent
9626,Red Sonja,17900000.0,6948633,"['Adventure', 'Fantasy', 'Action']",False,1985-04-09,5.366,863,89,,-61.180821229050274,standalone
34813,The Losers,25000000.0,23580000,"['Action', 'Adventure', 'Crime', 'Mystery', 'Thriller']",False,2010-04-23,6.264,1854,97,,-5.680000000000001,standalone
631842,Knock at the Cabin,20000000.0,54700000,"['Horror', 'Mystery', 'Thriller']",False,2023-02-01,6.28,2828,100,,173.5,standalone
10489,Cujo,5000000.0,21200000,"['Horror', 'Thriller']",False,1983-08-10,6.2,1047,93,,324.0,standalone
340666,Nocturnal Animals,22500000.0,29300000,"['Drama', 'Thriller']",False,2016-11-04,7.421,7966,117,,30.22222222222222,standalone
9429,A Night at the Roxbury,17000000.0,30331165,"['Comedy', 'Romance']",False,1998-10-01,6.555,933,81,,78.41861764705882,standalone
10471,Next Friday,11000000.0,59827328,['Comedy'],True,2000-01-12,6.451,598,98,Friday Collection,443.88480000000004,subsequent
975773,Wicked Little Letters,12600000.0,27219729,"['Comedy', 'Drama', 'Mystery']",False,2024-02-23,6.957,521,100,,116.02959523809524,standalone
58233,Johnny English Reborn,45000000.0,160078586,"['Crime', 'Action', 'Comedy']",True,2011-09-15,6.238,3387,101,Johnny English Collection,255.73019111111114,subsequent
4176,Murder on the Orient Express,1400000.0,35700000,"['Drama', 'Thriller', 'Mystery']",False,1974-11-22,7.143,1474,128,,2450.0,standalone
23047,Season of the Witch,40000000.0,91627228,"['Adventure', 'Fantasy', 'Action']",False,2011-01-07,5.485,2478,95,,129.06807,standalone
7350,The Bucket List,45000000.0,175400000,"['Drama', 'Comedy']",False,2007-12-25,7.189,3876,97,,289.77777777777777,standalone
12159,What Dreams May Come,85000000.0,71485043,"['Drama', 'Fantasy', 'Romance']",False,1998-10-02,7.2,2367,113,,-15.899949411764705,standalone
7090,Ken Park,1300000.0,447741,['Drama'],False,2003-01-30,5.988,638,97,,-65.55838461538461,standalone
11282,Harold & Kumar Go to White Castle,9000000.0,23936908,"['Comedy', 'Adventure']",True,2004-07-02,6.54,2125,88,Harold & Kumar Collection,165.96564444444445,starter
632357,The Unholy,10000000.0,30832137,"['Horror', 'Mystery']",False,2021-03-31,6.582,2197,99,,208.32137,standalone
11152,The Ruins,8000000.0,22818256,['Horror'],False,2008-04-02,5.9,1334,91,,185.2282,standalone
393457,Fences,24000000.0,64400000,['Drama'],False,2016-12-16,6.866,2674,139,,168.33333333333334,standalone
11968,Into the Blue,50000000.0,46117696,"['Action', 'Thriller', 'Adventure', 'Crime']",True,2005-09-30,5.9,1537,110,Into the Blue Collection,-7.764608000000001,starter
718032,Licorice Pizza,40000000.0,33276075,"['Drama', 'Comedy', 'Romance']",False,2021-11-26,6.967,2391,133,,-16.8098125,standalone
508935,The Eight Hundred,80000000.0,461421559,"['War', 'History', 'Drama', 'Action']",False,2020-08-14,6.953,287,147,,476.77694875,standalone
9563,Any Given Sunday,55000000.0,100230832,['Drama'],False,1999-12-22,6.823,1696,163,,82.23787636363636,standalone
295964,Burnt,20000000.0,36606743,['Drama'],False,2015-10-02,6.517,3437,100,,83.033715,standalone
302429,Strange Magic,100000000.0,13603453,"['Music', 'Animation', 'Family', 'Fantasy']",False,2015-01-23,7.141,520,99,,-86.396547,standalone
2112,Payback,90000000.0,161626121,"['Action', 'Drama', 'Crime', 'Thriller']",False,1999-02-05,6.833,1882,100,,79.58457888888888,standalone
4836,Layer Cake,6500000.0,11900000,"['Drama', 'Thriller', 'Crime']",False,2004-09-30,6.9,2197,105,,83.07692307692308,standalone
3116,Midnight Cowboy,3600000.0,44785053,['Drama'],False,1969-05-25,7.508,1485,113,,1144.02925,standalone
112205,The Family,30000000.0,36894225,"['Crime', 'Comedy', 'Action']",False,2013-09-13,6.364,2968,111,,22.98075,standalone
201085,Crimson Peak,55000000.0,74700000,"['Horror', 'Romance', 'Mystery', 'Thriller', 'Drama']",False,2015-10-13,6.658,5022,118,,35.81818181818181,standalone
10923,Agent Cody Banks,28000000.0,58795814,"['Action', 'Adventure', 'Comedy', 'Family']",True,2003-03-14,5.515,1098,102,Agent Cody Banks Collection,109.98505,starter
8698,The League of Extraordinary Gentlemen,78000000.0,179265204,"['Fantasy', 'Action', 'Thriller', 'Science Fiction']",False,2003-07-11,5.977,4141,110,,129.8271846153846,standalone
1241674,The Last Breath,30000.0,273650,"['Horror', 'Thriller']",False,2024-06-28,6.091,121,96,,812.1666666666666,standalone
295693,The Boss Baby,125000000.0,527965936,"['Animation', 'Comedy', 'Family']",True,2017-03-23,6.455,7236,97,The Boss Baby Collection,322.3727488,starter
7364,Sahara,130000000.0,119269486,"['Action', 'Adventure', 'Comedy', 'Drama', 'Mystery']",False,2005-04-06,5.912,1541,124,,-8.254241538461539,standalone
2082,Halloween,15000000.0,80460948,['Horror'],True,2007-08-31,6.216,2424,110,Halloween (Rob Zombie Series) Collection,436.40632000000005,starter
540901,Hustlers,20000000.0,157563598,"['Drama', 'Comedy', 'Crime']",False,2019-09-12,6.472,2988,110,,687.81799,standalone
753336,Origin,38000000.0,4474931,['Drama'],False,2023-12-08,6.661,62,141,,-88.22386578947369,standalone
9255,Hot Shots! Part Deux,25000000.0,133752825,"['Action', 'Comedy', 'War']",True,1993-05-21,6.55,1915,86,Hot Shots! Collection,435.0113,subsequent
751237,Umma,3000000.0,2100000,"['Horror', 'Mystery']",False,2022-03-18,5.348,309,83,,-30.0,standalone
16270,Career Opportunities,6000000.0,11336986,"['Romance', 'Comedy']",False,1991-03-29,6.895,698,83,,88.94976666666666,standalone
10333,The Prince of Tides,30000000.0,74787599,"['Drama', 'Romance']",False,1991-12-25,6.6,289,132,,149.29199666666665,standalone
283445,Sinister 2,10000000.0,53329150,['Horror'],True,2015-08-19,5.878,2184,97,Sinister Collection,433.2915,subsequent
571,The Birds,2500000.0,11500000,"['Horror', 'Thriller']",True,1963-03-28,7.52,4229,120,The Birds Collection,360.0,starter
642,Butch Cassidy and the Sundance Kid,6000000.0,102308889,"['Western', 'Adventure', 'Crime', 'Drama', 'History']",True,1969-09-23,7.607,2291,111,Butch Cassidy and the Sundance Kid Collection,1605.1481500000002,starter
5966,Along Came Polly,42000000.0,178300000,"['Comedy', 'Romance']",False,2004-01-16,6.023,2903,90,,324.5238095238095,standalone
10216,Species II,35000000.0,19200000,"['Science Fiction', 'Action', 'Horror']",True,1998-04-10,5.159,740,93,Species Collection,-45.14285714285714,subsequent
8271,Disturbia,20000000.0,117760134,"['Thriller', 'Drama', 'Mystery']",False,2007-03-27,6.691,3814,105,,488.80067,standalone
82700,After Earth,130000000.0,243843127,"['Science Fiction', 'Action', 'Adventure']",False,2013-05-30,5.185,6643,100,,87.57163615384616,standalone
884,Crash,9000000.0,2671855,"['Thriller', 'Drama']",False,1996-07-17,6.43,1221,100,,-70.31272222222222,standalone
25,Jarhead,72000000.0,97076152,"['Drama', 'War']",True,2005-11-04,6.672,2979,123,Jarhead Collection,34.82798888888889,starter
57201,The Lone Ranger,215000000.0,260500000,"['Action', 'Adventure', 'Western']",False,2013-07-03,6.114,5925,149,,21.16279069767442,standalone
22582,Tom and Jerry: The Movie,3500000.0,3600000,"['Animation', 'Comedy', 'Family', 'Music']",False,1992-10-01,6.332,590,83,,2.857142857142857,standalone
38050,The Adjustment Bureau,50200000.0,127900000,"['Science Fiction', 'Thriller', 'Romance']",False,2011-03-03,6.767,4648,106,,154.78087649402391,standalone
11917,Saw V,10800000.0,118209778,"['Horror', 'Thriller', 'Crime']",True,2008-10-23,6.171,3624,95,Saw Collection,994.5349814814815,subsequent
881415,Love Me,2500000.0,215586,"['Drama', 'Romance', 'Science Fiction', 'Animation']",False,2025-01-31,6.5,42,92,,-91.37656,standalone
11687,The Visitors,9500000.0,98800000,"['Fantasy', 'Comedy']",True,1993-01-27,7.124,1968,107,The Visitors Collection,940.0,starter
404,The Straight Story,10000000.0,6418028,['Drama'],False,1999-10-15,7.72,1656,112,,-35.81972,standalone
629078,The Glassworker,116000.0,108000,"['Animation', 'Family', 'Romance', 'War']",False,2024-07-26,7.063,24,98,,-6.896551724137931,standalone
438799,Overlord,38000000.0,41657844,"['Horror', 'War', 'Science Fiction']",False,2018-11-01,6.727,2947,110,,9.625905263157895,standalone
16523,Where the Wild Things Are,100000000.0,100140916,"['Fantasy', 'Drama', 'Adventure']",False,2009-10-16,6.503,1901,101,,0.140916,standalone
36095,Cure,20000.0,99000,"['Crime', 'Thriller', 'Horror', 'Mystery']",False,1997-12-27,7.56,649,112,,395.0,standalone
4551,Be Cool,53000000.0,95200000,"['Comedy', 'Crime']",True,2005-03-04,5.48,916,118,Chili Palmer Collection,79.62264150943396,subsequent
16113,The Delta Force,9000000.0,17768900,"['Action', 'Thriller', 'Adventure', 'War']",True,1986-02-14,5.969,454,129,The Delta Force Collection,97.43222222222222,starter
9772,Air Force One,85000000.0,315200000,"['Action', 'Thriller']",False,1997-07-25,6.484,3093,124,,270.8235294117647,standalone
37094,Falling Down,25000000.0,40903593,"['Crime', 'Drama', 'Thriller']",False,1993-02-26,7.39,3812,113,,63.614371999999996,standalone
14919,Batman: Mask of the Phantasm,6000000.0,5617391,"['Action', 'Animation', 'Crime', 'Mystery', 'Drama']",True,1993-12-25,7.494,1157,76,Batman (DC Universe Animated) Collection,-6.376816666666667,starter
9584,Convoy,12000000.0,45000000,"['Action', 'Comedy', 'Drama']",False,1978-06-27,6.315,391,110,,275.0,standalone
68817,Footloose,24000000.0,63543328,"['Drama', 'Music', 'Romance']",False,2011-10-06,6.604,1671,113,,164.76386666666667,standalone
10975,Operation Condor,15000000.0,24100000,"['Action', 'Adventure', 'Crime', 'Thriller']",True,1991-02-07,7.341,586,107,Armour of God Collection,60.66666666666667,subsequent
14560,Paul Blart: Mall Cop,26000000.0,183293131,"['Action', 'Adventure', 'Comedy', 'Family']",True,2009-01-15,5.426,2581,91,Mall Cop Collection,604.9735807692308,starter
254473,Brick Mansions,28000000.0,71416730,"['Action', 'Crime', 'Drama']",False,2014-04-22,5.89,1542,90,,155.05975,standalone
858485,Kantara,1934000.0,60447800,"['Action', 'Adventure', 'Thriller']",False,2022-09-30,7.143,105,147,,3025.532574974147,standalone
8834,Conspiracy Theory,75000000.0,137000000,"['Action', 'Drama', 'Mystery', 'Thriller']",False,1997-08-08,6.606,1525,135,,82.66666666666667,standalone
6171,Dreamcatcher,68000000.0,81240206,"['Drama', 'Horror', 'Science Fiction', 'Thriller']",False,2003-03-21,5.628,1780,136,,19.47089117647059,standalone
384680,Hostiles,55000000.0,36976336,"['Drama', 'Western', 'History', 'Adventure']",False,2017-12-22,6.935,2363,134,,-32.77029818181818,standalone
9289,The Longest Day,10000000.0,50100000,"['War', 'Action', 'Drama']",False,1962-09-25,7.588,969,178,,401.0,standalone
76025,Shame,6500000.0,3909002,['Drama'],False,2011-10-02,6.931,3240,102,,-39.86150769230769,standalone
13460,Doomsday,30000000.0,22472631,"['Action', 'Thriller', 'Science Fiction']",False,2008-03-14,5.953,1319,108,,-25.091229999999996,standalone
242042,Barefoot,6000000.0,15071,"['Comedy', 'Drama', 'Romance']",False,2014-02-02,6.634,643,90,,-99.74881666666666,standalone
266856,The Theory of Everything,15000000.0,123726688,"['Drama', 'Romance']",False,2014-11-07,7.843,10760,123,,724.8445866666667,standalone
21724,Dance Flick,25000000.0,31439140,"['Music', 'Comedy', 'Action']",False,2009-05-22,4.882,276,83,,25.75656,standalone
9268,Eraser,100000000.0,242295562,"['Action', 'Mystery', 'Thriller']",True,1996-06-21,6.076,1887,115,Eraser Collection,142.295562,starter
3638,No Reservations,28000000.0,92601050,"['Comedy', 'Romance', 'Drama']",False,2007-06-15,6.675,1406,104,,230.71803571428572,standalone
1738,Next,70000000.0,76066841,"['Action', 'Science Fiction', 'Thriller']",False,2007-04-25,6.104,3053,96,,8.666915714285715,standalone
800939,Ticket to Paradise,20000000.0,168800000,"['Drama', 'Comedy', 'Romance']",False,2022-09-08,6.452,1300,104,,744.0,standalone
9530,RV,50000000.0,87528173,"['Family', 'Comedy', 'Romance', 'Drama']",False,2006-04-28,5.871,1707,99,,75.05634599999999,standalone
936622,Bade Miyan Chote Miyan,41100000.0,12018000,"['Action', 'Science Fiction', 'Thriller']",False,2024-04-11,6.615,39,164,,-70.75912408759125,standalone
1491,The Illusionist,16500000.0,87892388,"['Fantasy', 'Drama', 'Thriller', 'Romance']",False,2006-08-18,7.298,5034,110,,432.6811393939394,standalone
864,Cool Runnings,14000000.0,154856263,"['Comedy', 'Adventure', 'Drama']",False,1993-10-01,6.995,2117,98,,1006.1161642857141,standalone
27573,The Bounty Hunter,40000000.0,136300000,"['Action', 'Comedy', 'Romance']",False,2010-03-16,5.853,2901,110,,240.75000000000003,standalone
438808,White Boy Rick,29000000.0,26000000,"['Crime', 'Drama']",False,2018-09-14,6.356,1125,111,,-10.344827586206897,standalone
265712,Stand by Me Doraemon,35000000.0,83100000,"['Animation', 'Family', 'Science Fiction', 'Fantasy', 'Adventure']",True,2014-08-08,7.4,563,94,Stand by Me Doraemon,137.42857142857144,starter
95610,Bridget Jones's Baby,35000000.0,211952420,"['Drama', 'Comedy', 'Romance']",True,2016-09-14,6.411,2998,123,Bridget Jones Collection,505.5783428571429,subsequent
1996,Lara Croft: Tomb Raider - The Cradle of Life,95000000.0,160099222,"['Action', 'Adventure', 'Fantasy', 'Thriller']",True,2003-07-21,5.75,4312,117,Tomb Raider Collection,68.52549684210526,subsequent
111190,Adore,16000000.0,1600000,['Drama'],False,2013-04-03,6.116,992,100,,-90.0,standalone
76649,Pompeii,100000000.0,117831631,"['Action', 'Adventure', 'History', 'Romance', 'Drama']",False,2014-02-18,5.544,3283,105,,17.831631,standalone
766,Army of Darkness,11000000.0,21502976,"['Fantasy', 'Horror', 'Comedy']",True,1992-10-31,7.253,3294,81,Evil Dead Collection,95.4816,subsequent
48171,The Rite,37000000.0,96047633,"['Drama', 'Thriller', 'Horror']",False,2011-01-28,6.12,2126,114,,159.58819729729728,standalone
65759,Happy Feet Two,130000000.0,150406466,"['Animation', 'Comedy', 'Family']",True,2011-11-17,6.192,1660,99,Happy Feet Collection,15.697281538461539,subsequent
7095,Jack,45000000.0,58620973,"['Comedy', 'Family', 'Drama']",False,1996-08-09,6.298,1293,113,,30.268828888888887,standalone
22947,Up in the Air,25000000.0,166842739,"['Drama', 'Romance']",False,2009-12-04,6.877,3743,110,,567.370956,standalone
301,Rio Bravo,1200000.0,5750000,['Western'],False,1959-03-18,7.816,1197,141,,379.16666666666663,standalone
266647,Pan,150000000.0,128388320,"['Fantasy', 'Adventure', 'Family', 'Action']",False,2015-09-24,5.96,2763,111,,-14.407786666666667,standalone
11176,The Muppet Movie,8000000.0,75200000,"['Family', 'Comedy', 'Adventure', 'Music']",False,1979-06-22,7.22,643,95,,840.0,standalone
8645,The Happening,60000000.0,163403799,"['Thriller', 'Science Fiction']",False,2008-06-11,5.404,3730,90,,172.339665,standalone
474335,Uncle Drew,19000000.0,17700000,['Comedy'],False,2018-06-27,6.652,577,103,,-6.842105263157896,standalone
445629,Fighting with My Family,11000000.0,39055536,['Comedy'],False,2019-02-14,6.854,1763,108,,255.05032727272726,standalone
592834,My Spy,18000000.0,10200000,"['Family', 'Action', 'Comedy']",True,2020-01-09,6.877,1292,99,My Spy Collection,-43.333333333333336,starter
59860,Monte Carlo,20000000.0,39800000,"['Adventure', 'Comedy', 'Romance']",False,2011-07-01,6.632,2163,109,,99.0,standalone
9314,Nineteen Eighty-Four,7430072.0,8430492,"['Drama', 'Science Fiction']",False,1984-11-09,6.806,1515,113,,13.46447248425049,standalone
1194915,Saripodhaa Sanivaaram,6503911.0,11825293,"['Action', 'Thriller']",False,2024-08-29,6.8,21,172,,81.81818601146294,standalone
297222,PK,13000000.0,118920000,"['Comedy', 'Drama', 'Science Fiction']",False,2014-12-18,7.71,1045,153,,814.7692307692308,standalone
624091,Sri Asih,1242172.0,4577403,"['Action', 'Adventure', 'Science Fiction', 'Fantasy']",False,2022-11-17,6.534,148,134,,268.4999339865977,standalone
14202,The Painted Veil,19400000.0,26910847,"['Romance', 'Drama']",False,2006-12-09,7.3,1200,125,,38.715706185567015,standalone
2313,Prime,22000000.0,67900000,"['Comedy', 'Drama', 'Romance']",False,2005-09-21,5.97,811,102,,208.63636363636365,standalone
9599,The Blob,10000000.0,8247943,"['Horror', 'Science Fiction']",False,1988-08-05,6.809,948,95,,-17.52057,standalone
8193,Napoleon Dynamite,400000.0,46118097,['Comedy'],False,2004-06-11,6.782,1968,95,,11429.52425,standalone
522924,The Art of Racing in the Rain,18000000.0,33800000,"['Drama', 'Romance']",False,2019-08-08,8.207,1532,109,,87.77777777777777,standalone
192102,3 Days to Kill,28000000.0,53260230,"['Action', 'Drama', 'Thriller']",False,2014-02-14,6.102,2204,113,,90.21510714285714,standalone
526,Ladyhawke,20000000.0,18432000,"['Adventure', 'Comedy', 'Fantasy']",False,1985-03-27,7.009,1177,121,,-7.84,standalone
10135,Road House,15000000.0,30100000,"['Action', 'Thriller']",True,1989-05-19,6.743,1366,114,Road House Collection,100.66666666666666,starter
11185,"See No Evil, Hear No Evil",18000000.0,46900000,"['Comedy', 'Crime']",False,1989-05-12,6.749,1000,103,,160.55555555555557,standalone
451,Leaving Las Vegas,3600000.0,49800000,"['Drama', 'Romance']",False,1995-10-27,7.252,1515,111,,1283.3333333333335,standalone
10623,Cradle 2 the Grave,25000000.0,56500000,"['Action', 'Crime', 'Drama']",False,2003-02-28,6.112,948,101,,126.0,standalone
15596,Back to School,11000000.0,91258000,['Comedy'],False,1986-06-13,6.353,456,96,,729.6181818181818,standalone
12435,The Nanny Diaries,20000000.0,47817020,"['Comedy', 'Drama', 'Romance']",False,2007-08-24,6.371,1170,106,,139.0851,standalone
23082,The Invention of Lying,18500000.0,32400000,"['Comedy', 'Fantasy', 'Romance']",False,2009-10-02,6.204,2186,100,,75.13513513513513,standalone
1396,Mirror,825000.0,124367,"['Drama', 'History']",False,1975-03-07,7.955,1007,107,,-84.92521212121213,standalone
11667,Street Fighter,35000000.0,99423521,"['Action', 'Adventure', 'Comedy', 'Thriller']",False,1994-12-23,4.644,1528,102,,184.06720285714286,standalone
19366,Josie and the Pussycats,22000000.0,14866444,"['Comedy', 'Music']",False,2001-04-06,5.729,339,98,,-32.42525454545454,standalone
11379,The Adventures of Buckaroo Banzai Across the 8th Dimension,17000000.0,6254148,"['Science Fiction', 'Comedy', 'Adventure', 'Romance']",False,1984-08-10,5.993,457,103,,-63.21089411764705,standalone
2044,The Lake House,40000000.0,114830111,"['Drama', 'Mystery', 'Romance']",False,2006-06-16,7.039,2815,99,,187.0752775,standalone
2623,An Officer and a Gentleman,7500000.0,129795554,"['Drama', 'Romance']",False,1982-07-28,7.022,1137,124,,1630.6073866666666,standalone
9760,Epic Movie,20000000.0,87238158,"['Comedy', 'Adventure', 'Fantasy']",False,2007-01-25,3.87,1579,85,,336.19079,standalone
10911,The Guns of Navarone,6000000.0,28900000,"['War', 'Adventure', 'Thriller', 'Action']",True,1961-04-27,7.315,815,160,Navarone Collection,381.6666666666667,starter
637693,Spirit Untamed,30000000.0,42717215,"['Animation', 'Adventure', 'Family', 'Western']",True,2021-05-20,7.282,531,88,Spirit Collection,42.39071666666667,subsequent
1970,The Grudge,10000000.0,183474602,"['Horror', 'Mystery', 'Thriller']",True,2004-10-22,5.912,3017,92,The Grudge Collection,1734.74602,starter
438674,Dragged Across Concrete,15000000.0,660132,"['Crime', 'Action', 'Thriller']",False,2019-02-21,6.598,1032,158,,-95.59912,standalone
2757,Adaptation.,19000000.0,32800000,"['Comedy', 'Crime', 'Drama']",False,2002-12-06,7.353,2584,115,,72.63157894736842,standalone
6023,P.S. I Love You,30000000.0,156835339,"['Drama', 'Romance']",False,2007-11-15,7.2,3356,126,,422.78446333333335,standalone
11046,Where Eagles Dare,7700000.0,21000000,"['Action', 'Adventure', 'War']",False,1968-12-04,7.513,919,155,,172.72727272727272,standalone
531876,The Outpost,18000000.0,2133452,"['War', 'Drama', 'History', 'Action']",False,2020-06-24,6.901,1089,123,,-88.14748888888889,standalone
10622,Mr. Nice Guy,12700000.0,18800000,"['Crime', 'Action', 'Comedy']",False,1997-01-31,6.5,696,95,,48.031496062992126,standalone
9344,Kids,1500000.0,20412216,"['Drama', 'Crime']",False,1995-07-28,6.898,1190,91,,1260.8144,standalone
484468,The Wolf's Call,22400000.0,12652790,"['Thriller', 'Action', 'Adventure']",False,2019-02-20,7.552,2072,116,,-43.51433035714285,standalone
25793,Precious,10000000.0,47536959,['Drama'],False,2009-11-06,7.32,1672,110,,375.36958999999996,standalone
551,The Poseidon Adventure,5000000.0,84563118,"['Adventure', 'Drama', 'Thriller']",True,1972-12-01,7.107,927,117,The Poseidon Adventure Collection,1591.26236,starter
12279,Spy Kids 3-D: Game Over,38000000.0,197101678,"['Family', 'Action', 'Comedy', 'Adventure', 'Science Fiction']",True,2003-07-25,5.138,2264,84,Spy Kids Collection,418.6886263157895,subsequent
4192,Death on the Nile,7920000.0,14560084,['Mystery'],True,1978-09-29,7.142,837,140,Hercule Poirot (Peter Ustinov) Collection,83.83944444444444,starter
326,Snakes on a Plane,33000000.0,62022014,"['Action', 'Thriller', 'Adventure', 'Crime', 'Horror']",False,2006-08-17,5.468,1845,105,,87.94549696969696,standalone
2332,Taxi 2,10500000.0,64433844,"['Action', 'Comedy', 'Adventure', 'Crime']",True,2000-03-25,6.251,1793,82,Taxi Collection,513.6556571428572,subsequent
38985,Sorcerer,22000000.0,9000000,"['Thriller', 'Adventure', 'Drama']",False,1977-06-24,7.429,586,121,,-59.09090909090909,standalone
9594,Double Impact,15000000.0,30102717,"['Thriller', 'Action', 'Crime', 'Drama']",False,1991-07-31,6.196,1126,110,,100.68478,standalone
974036,Ordinary Angels,13000000.0,20571534,['Drama'],False,2024-02-22,7.767,292,118,,58.24256923076923,standalone
49021,Killer Elite,66000000.0,57777106,"['Action', 'Adventure', 'Thriller']",False,2011-09-22,6.258,2190,116,,-12.458930303030304,standalone
6439,Racing Stripes,30000000.0,90754475,"['Comedy', 'Family']",False,2005-01-06,5.892,634,102,,202.51491666666666,standalone
399035,The Commuter,30000000.0,119942387,"['Action', 'Thriller', 'Mystery']",False,2018-01-11,6.363,4438,104,,299.80795666666666,standalone
8967,The Tree of Life,32000000.0,54700000,"['Drama', 'Fantasy']",False,2011-05-17,6.738,3170,139,,70.9375,standalone
585268,War,16000000.0,67450000,"['Action', 'Thriller', 'Adventure']",True,2019-10-02,6.769,337,152,YRF Spy Universe,321.5625,subsequent
11636,New Police Story,20000000.0,8712057,"['Action', 'Thriller', 'Crime', 'Drama']",True,2004-09-23,7.157,751,122,Police Story Collection,-56.439715,subsequent
31287,Eegah,15000.0,3274,"['Horror', 'Science Fiction', 'Romance']",False,1962-04-17,2.786,63,92,,-78.17333333333333,standalone
205,Hotel Rwanda,17500000.0,38000000,"['Drama', 'History', 'War']",False,2004-12-22,7.715,2948,121,,117.14285714285715,standalone
399057,The Killing of a Sacred Deer,3000000.0,10700000,"['Drama', 'Thriller', 'Mystery']",False,2017-10-20,7.017,4183,121,,256.6666666666667,standalone
6278,Reign of Fire,60000000.0,82150183,"['Adventure', 'Action', 'Fantasy']",False,2002-07-09,6.204,2311,101,,36.91697166666666,standalone
167,K-PAX,48000000.0,50315140,"['Science Fiction', 'Drama', 'Mystery']",False,2001-10-26,7.207,2519,120,,4.8232083333333335,standalone
472221,The Goat Life,9800000.0,19000000,"['Drama', 'Adventure']",False,2024-03-28,7.205,44,173,,93.87755102040816,standalone
461130,Code 8,15000000.0,157209,"['Science Fiction', 'Action', 'Crime']",True,2019-12-06,6.261,2052,99,Code 8 Collection,-98.95194000000001,starter
11797,Fright Night,9000000.0,24922237,"['Comedy', 'Horror']",True,1985-08-02,7.041,1432,107,Fright Night Collection,176.91374444444446,starter
321258,The Boy,10000000.0,73929392,"['Horror', 'Mystery', 'Thriller']",True,2016-01-22,5.969,3813,98,The Boy Collection,639.29392,starter
779816,White Bird,20000000.0,8799528,['Drama'],True,2023-10-25,7.851,188,121,Wonder Collection,-56.002359999999996,subsequent
9947,Elektra,43000000.0,56681566,"['Action', 'Fantasy', 'Adventure']",False,2005-01-13,5.035,2508,97,,31.81759534883721,standalone
51052,Arthur Christmas,10000000.0,151300000,"['Drama', 'Animation', 'Family', 'Comedy']",False,2011-11-10,6.772,1532,97,,1413.0,standalone
1213,The Talented Mr. Ripley,40000000.0,128798265,"['Thriller', 'Crime', 'Drama']",False,1999-12-25,7.191,3888,140,,221.9956625,standalone
9386,In the Line of Fire,40000000.0,177000000,"['Action', 'Drama', 'Thriller', 'Crime', 'Mystery']",False,1993-07-08,6.977,1660,128,,342.5,standalone
630240,Titane,6600000.0,4982335,"['Drama', 'Thriller', 'Horror']",False,2021-07-14,6.347,1528,108,,-24.51007575757576,standalone
55,Amores Perros,2000000.0,20908467,"['Drama', 'Thriller']",False,2000-06-16,7.627,2713,154,,945.42335,standalone
597208,Nightmare Alley,60000000.0,39629195,"['Crime', 'Drama', 'Thriller']",False,2021-12-02,6.972,3087,150,,-33.951341666666664,standalone
10157,Police Academy 2: Their First Assignment,7600000.0,55600000,"['Comedy', 'Crime']",True,1985-03-28,6.085,1615,87,Police Academy Collection,631.578947368421,subsequent
87825,Trouble with the Curve,60000000.0,49000000,"['Drama', 'Romance']",False,2012-09-21,6.994,1629,111,,-18.333333333333332,standalone
1273,TMNT,34000000.0,95608995,"['Adventure', 'Animation', 'Comedy', 'Family']",False,2007-03-23,6.136,1130,86,,181.20292647058824,standalone
483,Wild at Heart,9500000.0,14569027,"['Crime', 'Thriller', 'Romance']",False,1990-08-17,7.0,1773,125,,53.358178947368415,standalone
59108,Tower Heist,75000000.0,152930623,"['Action', 'Comedy']",False,2011-11-02,6.108,3026,104,,103.90749733333334,standalone
4415,Les Misérables,14000000.0,14096321,"['Crime', 'Drama', 'History', 'Romance']",False,1998-05-01,7.208,645,134,,0.6880071428571429,standalone
37056,Letters to Juliet,30000000.0,82148538,"['Comedy', 'Drama', 'Romance']",False,2010-05-13,7.004,2916,105,,173.82846,standalone
8764,Top Secret!,9000000.0,20500000,['Comedy'],False,1984-06-08,7.082,1259,90,,127.77777777777777,standalone
446021,Bad Times at the El Royale,32000000.0,31882724,"['Thriller', 'Mystery', 'Crime', 'Drama']",False,2018-10-04,6.843,3686,141,,-0.3664875,standalone
11009,Saturday Night Fever,3500000.0,237113184,"['Music', 'Drama']",True,1977-12-16,6.73,1978,118,Tony Manero Collection,6674.662399999999,starter
85446,Step Up Revolution,33000000.0,140470746,"['Music', 'Drama', 'Romance']",True,2012-07-26,6.914,2066,99,Step Up Collection,325.6689272727273,subsequent
12657,Soul Plane,16000000.0,14800000,['Comedy'],False,2004-05-28,5.403,459,86,,-7.5,standalone
20766,The Road,32000000.0,27635305,"['Adventure', 'Drama']",False,2009-11-25,7.017,3985,111,,-13.639671875000001,standalone
272878,Max,20000000.0,43956255,"['Adventure', 'Drama', 'Family']",True,2015-06-25,7.138,850,111,Max Collection,119.781275,starter
412656,Chaos Walking,125000000.0,26508132,"['Fantasy', 'Science Fiction', 'Adventure']",False,2021-02-24,6.582,2397,109,,-78.7934944,standalone
345911,Lights Out,4900000.0,149368835,['Horror'],False,2016-07-21,6.363,3949,81,,2948.3435714285715,standalone
8489,Ali,107000000.0,87812729,['Drama'],False,2001-12-10,6.766,1766,157,,-17.932028971962616,standalone
10393,The Replacements,50000000.0,50054511,['Comedy'],False,2000-08-11,6.663,997,118,,0.10902200000000001,standalone
15775,If Only,532673.0,3000000,"['Fantasy', 'Drama', 'Romance']",False,2004-01-23,6.995,597,92,,463.19730866779435,standalone
222936,Aloha,37000000.0,26250020,"['Drama', 'Comedy', 'Romance']",False,2015-05-29,5.517,2079,105,,-29.054000000000002,standalone
11533,Jason and the Argonauts,3000000.0,2100000,"['Adventure', 'Family', 'Fantasy']",False,1963-06-19,7.164,642,104,,-30.0,standalone
153158,Underdogs,21000000.0,32768940,"['Animation', 'Adventure', 'Romance']",False,2013-07-18,6.9,514,107,,56.04257142857143,standalone
331313,Keeping Up with the Joneses,40000000.0,29900000,"['Action', 'Comedy']",False,2016-10-20,6.096,2061,105,,-25.25,standalone
10991,Pokémon 3: The Movie,16000000.0,68452128,"['Adventure', 'Fantasy', 'Animation', 'Action', 'Family']",True,2000-07-08,6.502,636,74,Pokémon Collection,327.8258,subsequent
1225572,Screamboat,2000000.0,393011,"['Horror', 'Comedy']",False,2025-03-20,4.8,38,102,,-80.34945,standalone
1880,Red Dawn,17000000.0,38400000,"['Action', 'Thriller', 'War', 'Drama', 'Science Fiction']",False,1984-08-10,6.297,835,114,,125.88235294117646,standalone
33196,Tidal Wave,16000000.0,71641901,"['Action', 'Drama', 'Thriller']",False,2009-07-22,6.9,474,120,,347.76188125,standalone
381719,Peter Rabbit,50000000.0,351266433,"['Animation', 'Adventure', 'Family']",True,2018-02-07,6.695,1828,93,Peter Rabbit Collection,602.532866,starter
9986,Charlotte's Web,85000000.0,148964660,"['Comedy', 'Family', 'Fantasy']",False,2006-12-07,6.221,1397,97,,75.25254117647059,standalone
514207,Invasion,8819200.0,32104054,"['Science Fiction', 'Drama', 'Action']",True,2020-02-27,6.865,829,129,Attraction Collection,264.02456005079824,subsequent
11977,Caddyshack,6000000.0,39846344,['Comedy'],True,1980-07-25,6.609,1209,98,Caddyshack Collection,564.1057333333333,starter
376290,Miss Sloane,13000000.0,9101546,"['Drama', 'Crime', 'Thriller']",False,2016-11-25,7.424,1873,133,,-29.988107692307693,standalone
547,The Horse Whisperer,60000000.0,186883563,"['Adventure', 'Drama', 'Romance']",False,1998-02-01,6.894,1133,169,,211.472605,standalone
346685,The Girl on the Train,45000000.0,173200000,"['Crime', 'Drama', 'Mystery', 'Thriller']",False,2016-10-05,6.443,5806,112,,284.88888888888886,standalone
727340,Hunt,17000000.0,25994,"['Action', 'Mystery', 'Drama']",False,2022-08-10,6.7,185,131,,-99.84709411764706,standalone
610253,Halloween Kills,20000000.0,133423964,"['Horror', 'Thriller']",True,2021-10-14,6.441,2764,105,Halloween Collection,567.11982,subsequent
376659,Bad Moms,20000000.0,183936074,['Comedy'],True,2016-07-28,6.5,4146,100,Bad Moms Collection,819.68037,starter
10731,The Client,45000000.0,117615211,"['Drama', 'Thriller', 'Crime', 'Mystery']",False,1994-07-20,6.701,1194,119,,161.36713555555556,standalone
9454,EverAfter,26000000.0,98005666,"['Drama', 'Romance', 'Comedy']",False,1998-07-31,7.434,1494,121,,276.9448692307692,standalone
10559,Frequency,31000000.0,68106245,"['Science Fiction', 'Thriller']",False,2000-04-28,7.256,1855,118,,119.69756451612903,standalone
328111,The Secret Life of Pets,75000000.0,875457937,"['Family', 'Comedy', 'Adventure', 'Animation']",True,2016-06-18,6.301,8227,86,The Secret Life of Pets Collection,1067.2772493333334,starter
9516,Menace II Society,3500000.0,27900000,"['Drama', 'Crime', 'Thriller']",False,1993-05-26,7.508,804,97,,697.1428571428571,standalone
64328,The Muppets,45000000.0,165184237,"['Family', 'Comedy']",True,2011-11-22,6.679,1612,103,The Muppets Collection,267.0760822222222,starter
132363,The Butler,25000000.0,177313795,['Drama'],False,2013-08-16,7.333,2934,132,,609.25518,standalone
75629,Evangelion: 3.0 You Can (Not) Redo,13000000.0,67282623,"['Animation', 'Science Fiction', 'Action', 'Drama']",True,2012-11-17,7.2,857,96,Rebuild of Evangelion Collection,417.55863846153846,subsequent
16577,Astro Boy,10000000.0,19551067,"['Animation', 'Action', 'Family', 'Science Fiction']",False,2009-10-15,6.324,1566,94,,95.51067,standalone
783,Gandhi,22000000.0,77737889,"['Drama', 'History']",False,1982-12-01,7.554,2367,191,,253.3540409090909,standalone
8202,Æon Flux,62000000.0,53321673,"['Science Fiction', 'Action', 'Thriller']",False,2005-11-30,5.633,2302,93,,-13.997301612903227,standalone
22971,Dear John,25000000.0,114977104,"['Drama', 'Romance', 'War']",False,2010-02-04,6.85,4190,108,,359.908416,standalone
11381,Tommy Boy,20000000.0,32648673,['Comedy'],False,1995-03-31,6.795,995,98,,63.243365,standalone
837,Videodrome,5952000.0,2120439,"['Horror', 'Science Fiction', 'Mystery']",False,1983-02-04,7.265,2298,88,,-64.37434475806452,standalone
10987,Halloween: The Curse of Michael Myers,5000000.0,15116634,"['Horror', 'Thriller']",True,1995-09-29,5.164,1158,88,Halloween Collection,202.33268,subsequent
323661,Mune: Guardian of the Moon,17000000.0,15730665,"['Animation', 'Family', 'Adventure', 'Fantasy']",False,2015-02-05,7.27,565,86,,-7.466676470588235,standalone
535,Flashdance,7000000.0,201500000,"['Drama', 'Romance']",False,1983-04-14,6.492,1521,95,,2778.5714285714284,standalone
15789,A Goofy Movie,18000000.0,35348597,"['Adventure', 'Comedy', 'Romance', 'Animation', 'Family']",True,1995-04-07,7.011,1825,78,A Goofy Movie Collection,96.38109444444444,starter
15144,Sixteen Candles,6500000.0,23686027,"['Comedy', 'Romance']",False,1984-05-04,6.8,2117,93,,264.40041538461537,standalone
83389,From Up on Poppy Hill,22000000.0,61037844,"['Animation', 'Drama']",False,2011-07-16,7.5,1827,91,,177.44474545454545,standalone
487558,BlacKkKlansman,15000000.0,93411426,"['Crime', 'Comedy', 'Drama', 'History']",False,2018-08-09,7.494,7720,136,,522.74284,standalone
200,Star Trek: Insurrection,70000000.0,112587658,"['Science Fiction', 'Action', 'Adventure', 'Thriller']",True,1998-12-11,6.434,1266,102,Star Trek: The Next Generation Collection,60.83951142857143,subsequent
11260,Meet Dave,60000000.0,50650079,"['Comedy', 'Science Fiction', 'Adventure', 'Family']",False,2008-07-08,5.279,1467,90,,-15.583201666666666,standalone
12289,Red Cliff,80341000.0,250100000,"['Adventure', 'Drama', 'History', 'Action', 'War']",True,2008-07-10,7.146,834,145,Red Cliff Collection,211.29809188334724,starter
10220,Rounders,12000000.0,22900000,"['Drama', 'Crime']",False,1998-09-11,7.01,1788,121,,90.83333333333333,standalone
449562,The Hustle,21000000.0,97400000,"['Comedy', 'Crime']",False,2019-05-09,6.188,2562,94,,363.8095238095238,standalone
9825,Lake Placid,27000000.0,56870414,"['Horror', 'Comedy', 'Action', 'Science Fiction', 'Thriller']",True,1999-07-15,5.9,1171,82,Lake Placid Collection,110.63116296296296,starter
14635,The Rookie,20000000.0,75597042,"['Drama', 'Family']",False,2002-03-25,6.791,459,127,,277.98521,standalone
585244,I Still Believe,12000000.0,16069730,"['Music', 'Drama', 'Romance']",False,2020-03-12,7.587,1196,115,,33.91441666666667,standalone
9954,The Covenant,20000000.0,37597471,"['Fantasy', 'Horror', 'Adventure', 'Action']",False,2006-09-07,5.611,1039,97,,87.987355,standalone
64686,47 Ronin,175000000.0,151783839,"['Drama', 'Action', 'Fantasy']",True,2013-12-06,6.192,3937,119,47 Ronin Collection,-13.266377714285715,starter
263109,Shaun the Sheep Movie,25000000.0,106209378,"['Family', 'Animation', 'Comedy', 'Adventure']",True,2015-02-05,6.963,1424,85,Shaun the Sheep Collection,324.837512,starter
1907,The Beach,40000000.0,144056873,"['Drama', 'Adventure', 'Romance', 'Thriller']",False,2000-02-03,6.489,4473,119,,260.1421825,standalone
2609,"Planes, Trains and Automobiles",15000000.0,49500000,['Comedy'],False,1987-11-26,7.251,2020,93,,229.99999999999997,standalone
383367,Sairat,600000.0,16500000,"['Drama', 'Romance']",False,2016-04-29,7.508,65,170,,2650.0,standalone
12919,Can't Buy Me Love,1800000.0,31623833,"['Drama', 'Comedy', 'Romance']",False,1987-08-14,6.918,681,94,,1656.8796111111112,standalone
511809,West Side Story,100000000.0,76016171,"['Drama', 'Romance', 'Crime']",False,2021-12-08,6.969,1641,156,,-23.983829,standalone
581387,Ashfall,17700000.0,61321941,"['Action', 'Adventure', 'Thriller']",False,2019-12-19,6.818,595,128,,246.45164406779662,standalone
10017,The Wraith,2700000.0,3500000,"['Action', 'Science Fiction']",False,1986-10-01,6.39,474,93,,29.629629629629626,standalone
335360,My Little Pony: The Movie,6000000.0,61294644,"['Family', 'Animation', 'Adventure', 'Fantasy']",False,2017-10-05,7.245,396,99,,921.5774,standalone
10663,The Waterboy,23000000.0,185991646,['Comedy'],False,1998-11-06,6.049,1893,90,,708.6593304347825,standalone
906221,Magic Mike's Last Dance,45000000.0,52000000,"['Comedy', 'Drama', 'Romance']",True,2023-02-09,6.488,537,112,Magic Mike Collection,15.555555555555555,subsequent
29917,Exam,600000.0,394717,"['Thriller', 'Mystery']",False,2009-06-19,6.704,2133,97,,-34.21383333333333,standalone
581389,Space Sweepers,21000000.0,24571,"['Drama', 'Fantasy', 'Science Fiction']",False,2021-02-05,7.09,1074,136,,-99.88299523809523,standalone
10950,I Am Sam,22000000.0,92542418,['Drama'],False,2001-12-28,7.556,2348,132,,320.64735454545456,standalone
24418,Cirque du Freak: The Vampire's Assistant,40000000.0,28169671,"['Adventure', 'Fantasy', 'Action', 'Thriller']",False,2009-10-23,5.853,1120,109,,-29.575822499999997,standalone
23706,All About Steve,15000000.0,40105542,['Comedy'],False,2009-08-06,4.962,1006,99,,167.37028,standalone
479,Shaft,46000000.0,107626125,"['Action', 'Adventure', 'Crime', 'Thriller']",True,2000-06-15,6.017,1332,99,Shaft (Reboot) Collection,133.96983695652173,starter
540,D.E.B.S.,3500000.0,97446,"['Action', 'Comedy', 'Romance']",False,2004-01-22,6.454,578,91,,-97.21582857142857,standalone
9056,Police Story,500000.0,18724000,"['Action', 'Crime', 'Comedy']",True,1985-12-14,7.6,939,99,Police Story Collection,3644.8,starter
11000,The Birdcage,31000000.0,185300000,['Comedy'],False,1996-03-08,7.0,1218,119,,497.741935483871,standalone
56288,Spy Kids: All the Time in the World,27000000.0,85564310,"['Family', 'Comedy', 'Action', 'Adventure', 'Drama', 'Fantasy', 'Science Fiction']",True,2011-08-18,4.693,1010,89,Spy Kids Collection,216.90485185185184,subsequent
703,Annie Hall,4000000.0,43989445,"['Comedy', 'Drama', 'Romance']",False,1977-04-19,7.739,4016,93,,999.7361250000001,standalone
11653,The Myth,15000000.0,6669097,"['Action', 'Adventure', 'Comedy', 'Drama', 'Fantasy']",True,2005-05-11,6.36,385,118,The Myth Collection,-55.53935333333333,starter
7735,The Wave,7500000.0,32350637,"['Drama', 'Thriller']",False,2008-03-13,7.485,3433,107,,331.34182666666663,standalone
10877,Exit Wounds,33000000.0,79958599,"['Action', 'Crime', 'Thriller']",False,2001-03-16,5.771,511,101,,142.29878484848484,standalone
34480,The Descent: Part 2,6000200.0,7048886,"['Adventure', 'Horror', 'Thriller']",True,2009-10-14,5.913,1207,94,The Descent Collection,17.47751741608613,subsequent
5336,"Salò, or the 120 Days of Sodom",800000.0,1800000,"['Horror', 'Drama', 'War']",False,1976-01-10,6.371,2162,116,,125.0,standalone
460668,I Feel Pretty,32000000.0,94539426,"['Comedy', 'Romance']",False,2018-04-19,6.382,2070,110,,195.43570625,standalone
18162,Land of the Lost,100000000.0,68688831,"['Adventure', 'Science Fiction', 'Comedy']",False,2009-06-05,5.4,1341,102,,-31.311169,standalone
301365,The Neon Demon,7000000.0,3400000,"['Horror', 'Thriller']",False,2016-05-31,6.509,3787,118,,-51.42857142857142,standalone
227719,Project Almanac,12000000.0,33200000,"['Science Fiction', 'Thriller']",False,2015-01-28,6.787,2686,106,,176.66666666666666,standalone
441130,Wolfwalkers,12000000.0,1310720,"['Animation', 'Family', 'Adventure', 'Fantasy']",False,2020-10-26,8.213,1274,102,,-89.07733333333333,standalone
257091,Get Hard,40000000.0,111800000,['Comedy'],False,2015-03-26,6.028,2767,100,,179.5,standalone
1206617,The Best Christmas Pageant Ever,10000000.0,40262167,"['Comedy', 'Drama', 'Family']",False,2024-11-07,6.898,83,99,,302.62167,standalone
11335,Popeye,20000000.0,49823037,"['Action', 'Adventure', 'Comedy', 'Family']",False,1980-12-12,5.498,647,114,,149.115185,standalone
5176,3:10 to Yuma,55000000.0,70000000,['Western'],False,2007-09-06,7.221,3755,122,,27.27272727272727,standalone
1099413,The Rogue's Trial,3000000.0,7200000,"['Comedy', 'Drama']",True,2024-12-25,6.784,104,114,O Auto da Compadecida: Coleção,140.0,starter
8005,Robin Hood: Men in Tights,20000000.0,35739755,['Comedy'],False,1993-07-28,6.6,2138,104,,78.698775,standalone
13523,Sex Drive,19000000.0,18755936,"['Comedy', 'Adventure', 'Romance']",False,2008-10-16,6.399,1400,109,,-1.2845473684210527,standalone
29993,Samson and Delilah,3000000.0,11500000,"['Adventure', 'Romance', 'Drama']",False,1949-12-21,6.511,227,134,,283.33333333333337,standalone
1725,West Side Story,6000000.0,43700000,"['Crime', 'Drama', 'Romance']",False,1961-12-13,7.247,1944,153,,628.3333333333334,standalone
1551,Flatliners,26000000.0,61489265,"['Drama', 'Science Fiction', 'Horror']",False,1990-08-10,6.502,1605,115,,136.49717307692308,standalone
6964,Something's Gotta Give,80000000.0,270000000,"['Drama', 'Comedy', 'Romance']",False,2003-12-12,6.642,1647,128,,237.5,standalone
9647,Scrooged,32000000.0,60300000,"['Fantasy', 'Comedy', 'Drama']",False,1988-11-22,6.79,1586,101,,88.4375,standalone
365222,Ip Man 3,36000000.0,157000000,"['Action', 'Drama', 'History']",True,2015-12-24,7.017,1805,105,Ip Man Collection,336.11111111111114,subsequent
582,The Lives of Others,2000000.0,77672685,"['Drama', 'Thriller']",False,2006-03-23,8.035,3837,137,,3783.63425,standalone
7520,Cocktail,20000000.0,171504781,"['Romance', 'Drama', 'Comedy']",False,1988-07-29,6.117,1519,104,,757.523905,standalone
3525,Working Girl,28000000.0,103173635,"['Comedy', 'Romance', 'Drama']",False,1988-12-20,6.599,996,114,,268.47726785714286,standalone
23169,Remember Me,16000000.0,56000000,"['Drama', 'Romance']",False,2010-03-11,7.114,3583,113,,250.0,standalone
11596,New Nightmare,8000000.0,18090181,"['Horror', 'Mystery', 'Fantasy']",True,1994-10-13,6.451,1471,112,A Nightmare on Elm Street Collection,126.12726249999999,subsequent
2085,Romeo Must Die,25000000.0,91036760,"['Action', 'Crime', 'Thriller']",False,2000-03-22,6.273,1233,115,,264.14704,standalone
8814,Doom,60000000.0,58100000,"['Action', 'Horror', 'Science Fiction']",True,2005-10-20,5.173,2300,105,Doom Collection,-3.166666666666667,starter
168,Star Trek IV: The Voyage Home,21000000.0,133000000,"['Science Fiction', 'Adventure']",True,1986-11-26,7.152,1544,118,Star Trek: The Original Series Collection,533.3333333333333,subsequent
1209574,Sheriff,1200000.0,12613867,"['Action', 'Crime', 'Thriller', 'Drama', 'Mystery']",False,2024-04-18,7.5,17,133,,951.1555833333332,standalone
45132,Super,2500000.0,1185012,"['Comedy', 'Action', 'Drama']",False,2010-11-26,6.535,1631,96,,-52.59952,standalone
7303,Maid in Manhattan,55000000.0,154906693,"['Comedy', 'Drama', 'Romance']",False,2002-12-13,6.1,1948,105,,181.64853272727274,standalone
11527,Excalibur,11000000.0,35000000,"['Adventure', 'Fantasy']",False,1981-04-10,6.959,1051,141,,218.18181818181816,standalone
1705,Battle for the Planet of the Apes,1700000.0,8844595,"['Action', 'Science Fiction']",True,1973-06-15,5.692,986,93,Planet of the Apes (Original) Collection,420.27029411764704,subsequent
2289,Cold Mountain,79000000.0,173013509,"['War', 'History', 'Adventure', 'Romance']",False,2003-12-24,6.935,1841,154,,119.0044417721519,standalone
205022,Chennai Express,18000000.0,62000000,"['Romance', 'Comedy', 'Action']",False,2013-08-08,6.471,344,141,,244.44444444444446,standalone
12180,Star Wars: The Clone Wars,8500000.0,68282844,"['Animation', 'Action', 'Science Fiction', 'Adventure']",False,2008-08-05,6.149,2087,98,,703.3275764705883,standalone
115348,Paranoia,35000000.0,17056265,"['Drama', 'Thriller']",False,2013-08-14,5.737,868,106,,-51.26781428571429,standalone
378,Raising Arizona,6000000.0,29180280,"['Comedy', 'Crime']",False,1987-03-13,7.06,2182,94,,386.33799999999997,standalone
10303,The Jewel of the Nile,25000000.0,96800000,"['Adventure', 'Action', 'Comedy', 'Romance']",True,1985-08-01,6.217,1196,106,Romancing the Stone Collection,287.2,subsequent
10027,Unleashed,45000000.0,50871113,"['Action', 'Crime']",False,2005-02-02,6.939,2054,103,,13.046917777777779,standalone
420821,Chip 'n Dale: Rescue Rangers,70000000.0,623190,"['Animation', 'Family', 'Comedy', 'Adventure', 'Mystery']",False,2022-05-20,7.002,1285,99,,-99.10972857142856,standalone
10413,Nowhere to Run,15000000.0,64000000,"['Action', 'Drama', 'Thriller', 'Romance']",False,1993-01-15,6.368,746,94,,326.6666666666667,standalone
702,A Streetcar Named Desire,1800000.0,8000000,"['Drama', 'Thriller']",False,1951-09-19,7.611,1402,125,,344.44444444444446,standalone
5528,The Chorus,5300000.0,83600000,['Drama'],False,2004-03-17,7.73,2485,97,,1477.3584905660377,standalone
325348,Hardcore Henry,2000000.0,16810562,"['Action', 'Adventure', 'Science Fiction']",False,2015-09-12,6.392,2493,96,,740.5281,standalone
10047,The Messenger: The Story of Joan of Arc,85000000.0,66976317,"['Adventure', 'Drama', 'Action', 'History', 'War']",False,1999-10-27,6.391,1501,158,,-21.20433294117647,standalone
431,Cube,257899.0,8969065,"['Thriller', 'Science Fiction', 'Mystery']",True,1998-07-11,6.805,4910,90,Cube Collection,3377.7432250609736,starter
10756,The Haunted Mansion,90000000.0,182290266,"['Thriller', 'Fantasy', 'Comedy', 'Family', 'Mystery']",False,2003-11-26,5.686,2064,99,,102.54474,standalone
9904,The Wild,80000000.0,102338515,"['Family', 'Animation']",False,2006-04-06,5.5,1081,82,,27.92314375,standalone
13466,October Sky,25000000.0,34698685,"['Drama', 'Family']",False,1999-02-19,7.672,1295,108,,38.79474,standalone
10204,Around the World in 80 Days,110000000.0,72178895,"['Action', 'Adventure', 'Comedy']",False,2004-06-16,5.9,2571,120,,-34.382822727272725,standalone
11329,Runaway Jury,60000000.0,80154140,"['Drama', 'Thriller']",False,2003-01-16,6.926,1404,127,,33.59023333333334,standalone
332,Inspector Gadget,75000000.0,134403112,"['Action', 'Adventure', 'Comedy', 'Family']",True,1999-07-23,4.487,1247,78,Inspector Gadget Collection,79.20414933333333,starter
365942,The Space Between Us,30000000.0,14793385,"['Romance', 'Adventure', 'Science Fiction', 'Drama']",False,2017-01-26,7.064,2488,121,,-50.688716666666664,standalone
10003,The Saint,68000000.0,118100000,"['Thriller', 'Action', 'Romance', 'Science Fiction', 'Adventure']",False,1997-04-03,6.099,1155,116,,73.6764705882353,standalone
353616,Pitch Perfect 3,45000000.0,185400345,"['Comedy', 'Music']",True,2017-12-20,6.521,3354,93,Pitch Perfect Collection,312.00076666666666,subsequent
9615,The Fast and the Furious: Tokyo Drift,85000000.0,158964610,"['Action', 'Crime', 'Drama', 'Thriller']",True,2006-06-03,6.525,7168,104,The Fast and the Furious Collection,87.01718823529411,subsequent
13483,Awake,86000000.0,14373825,"['Thriller', 'Crime', 'Mystery']",False,2007-11-28,6.5,1407,84,,-83.28625,standalone
1360,Frida,12000000.0,56298474,"['Drama', 'Romance']",False,2002-08-29,7.408,2064,123,,369.15395,standalone
392,Chocolat,25000000.0,152500000,"['Comedy', 'Drama', 'Romance']",False,2000-12-22,6.971,3357,121,,509.99999999999994,standalone
1381,The Fountain,35000000.0,15304890,"['Drama', 'Adventure', 'Science Fiction', 'Romance']",False,2006-11-22,6.913,2896,96,,-56.27174285714286,standalone
16353,Ong Bak 2,8500000.0,8936663,"['Adventure', 'Action', 'Thriller']",True,2008-12-04,6.413,652,98,Ong Bak Collection,5.137211764705882,subsequent
123,The Lord of the Rings,4000000.0,30500000,"['Adventure', 'Animation', 'Fantasy']",False,1978-11-15,6.605,975,132,,662.5,standalone
77951,Walking with Dinosaurs,80000000.0,126500000,"['Animation', 'Family', 'Adventure']",False,2013-12-18,6.197,491,87,,58.12500000000001,standalone
3604,Flash Gordon,35000000.0,27100000,"['Science Fiction', 'Adventure', 'Action']",False,1980-09-01,6.24,1012,111,,-22.57142857142857,standalone
2163,Breakdown,36000000.0,50159144,"['Crime', 'Mystery', 'Thriller', 'Action', 'Drama']",False,1997-05-02,6.9,989,93,,39.330955555555555,standalone
10590,We Were Soldiers,75000000.0,114660784,"['Action', 'History', 'War']",False,2002-03-01,7.139,2118,138,,52.88104533333333,standalone
7984,In the Name of the Father,13000000.0,65796862,['Drama'],False,1993-12-12,7.902,1827,133,,406.12970769230765,standalone
11284,Freddy's Dead: The Final Nightmare,10000000.0,34872033,"['Horror', 'Thriller']",True,1991-09-05,5.302,1382,89,A Nightmare on Elm Street Collection,248.72033,subsequent
265195,Wild Tales,4000000.0,31478893,"['Drama', 'Thriller', 'Comedy']",False,2014-08-21,7.866,3518,122,,686.972325,standalone
14139,Timecrimes,2600000.0,553198,"['Science Fiction', 'Thriller']",False,2007-11-01,7.0,1318,92,,-78.72315384615385,standalone
30018,Mother,5000000.0,17112713,"['Crime', 'Drama', 'Mystery']",False,2009-05-28,7.7,1561,129,,242.25426,standalone
13342,Fast Times at Ridgemont High,4500000.0,27100000,['Comedy'],False,1982-08-13,6.801,1289,90,,502.22222222222223,standalone
9913,The Skeleton Key,43000000.0,93983911,"['Drama', 'Horror', 'Mystery', 'Thriller']",False,2005-07-29,6.6,2140,104,,118.56723488372094,standalone
38142,5 Centimeters per Second,5000000.0,548192,"['Animation', 'Romance', 'Drama']",False,2007-03-03,7.293,2021,63,,-89.03616,standalone
151960,Planes,50000000.0,219788712,"['Animation', 'Family', 'Adventure', 'Comedy']",True,2013-08-09,5.919,1738,91,Planes Collection,339.577424,starter
14337,Primer,7000.0,545436,"['Science Fiction', 'Drama', 'Thriller']",False,2004-10-08,6.76,2244,77,,7691.942857142857,standalone
912,The Thomas Crown Affair,4300000.0,14000000,"['Crime', 'Romance']",False,1968-06-26,6.783,529,102,,225.58139534883722,standalone
293768,Kidnap,21000000.0,30718107,"['Action', 'Thriller']",False,2017-08-03,6.227,1299,95,,46.2767,standalone
13122,The People Under the Stairs,6000000.0,31400000,"['Horror', 'Comedy', 'Mystery', 'Thriller']",False,1991-11-01,6.547,686,103,,423.3333333333333,standalone
2039,Moonstruck,15000000.0,122100000,"['Comedy', 'Drama', 'Romance']",False,1987-12-16,6.9,1004,102,,714.0,standalone
10708,Daddy Day Care,60000000.0,164433867,"['Comedy', 'Family']",True,2003-05-09,5.917,2163,92,Daddy Day Camp Collection,174.056445,starter
11665,Get Smart,80000000.0,230685453,"['Action', 'Comedy', 'Thriller']",False,2008-06-19,6.198,3663,110,,188.35681625,standalone
244,King Kong,672000.0,10001781,"['Adventure', 'Fantasy', 'Horror']",True,1933-03-15,7.602,1532,104,King Kong (1933) Collection,1388.3602678571428,starter
9576,Tootsie,21000000.0,177200000,"['Comedy', 'Romance']",False,1982-12-17,7.212,1820,116,,743.8095238095239,standalone
12201,Edge of Darkness,80000000.0,81126522,"['Crime', 'Drama', 'Mystery', 'Thriller']",False,2010-01-28,6.363,1577,117,,1.4081525,standalone
192,The Name of the Rose,18000000.0,77200000,"['Drama', 'Thriller', 'Mystery']",False,1986-09-24,7.495,3130,130,,328.88888888888886,standalone
17431,Moon,5000000.0,9760104,"['Science Fiction', 'Drama']",True,2009-06-12,7.567,5877,97,Moon Collection,95.20208,starter
267193,Grimsby,35000000.0,28000000,"['Action', 'Comedy']",False,2016-02-24,5.958,2355,83,,-20.0,standalone
87516,Oldboy,30000000.0,5200000,"['Drama', 'Thriller', 'Mystery', 'Action']",False,2013-11-14,5.917,2009,104,,-82.66666666666667,standalone
54318,The Water Horse,40000000.0,103967384,"['Family', 'Adventure', 'Fantasy']",False,2007-12-25,6.544,1080,112,,159.91846,standalone
24831,Piranha,660000.0,16000000,"['Horror', 'Science Fiction']",True,1978-08-03,5.958,696,94,Piranha Collection,2324.242424242424,starter
790462,I.S.S.,13800000.0,6605079,"['Science Fiction', 'Thriller']",False,2024-01-19,5.815,313,96,,-52.13710869565218,standalone
503,Poseidon,160000000.0,181700000,"['Adventure', 'Action', 'Drama', 'Thriller']",False,2006-05-03,5.868,2193,98,,13.5625,standalone
914206,The Beast,7500000.0,760979,"['Drama', 'Science Fiction', 'Romance']",False,2024-02-07,6.324,202,146,,-89.85361333333334,standalone
11259,Far and Away,60000000.0,137783840,"['Adventure', 'Drama', 'Romance', 'Western']",False,1992-05-22,6.8,1234,140,,129.63973333333334,standalone
2069,The Whole Nine Yards,41300000.0,106371651,"['Comedy', 'Crime']",True,2000-02-18,6.463,1947,98,The Whole Nine/Ten Yards Collection,157.5584769975787,starter
638,Lost Highway,15000000.0,3836866,"['Drama', 'Thriller', 'Mystery']",False,1997-01-15,7.542,2752,134,,-74.42089333333334,standalone
12233,Oliver & Company,31000000.0,121000000,"['Animation', 'Comedy', 'Family']",False,1988-11-18,6.7,1620,74,,290.3225806451613,standalone
399404,Darkest Hour,30000000.0,150847207,"['Drama', 'History']",False,2017-11-22,7.354,5241,125,,402.82402333333334,standalone
431530,A Bad Moms Christmas,28000000.0,130560428,['Comedy'],True,2017-08-04,6.3,2127,104,Bad Moms Collection,366.28724285714287,subsequent
102362,Dead Man Down,30000000.0,19600000,"['Thriller', 'Action', 'Crime', 'Drama']",False,2013-03-08,6.161,1481,118,,-34.66666666666667,standalone
6877,Failure to Launch,50000000.0,130224158,"['Romance', 'Comedy']",False,2006-03-10,5.831,1693,97,,160.448316,standalone
16866,Planet 51,70000000.0,104945765,"['Animation', 'Family', 'Comedy', 'Science Fiction', 'Adventure']",False,2009-11-19,5.878,2069,91,,49.92252142857143,standalone
458594,Peppermint,25000000.0,53918723,"['Action', 'Thriller']",False,2018-09-06,6.724,2118,102,,115.674892,standalone
45317,The Fighter,25000000.0,129190869,['Drama'],False,2010-12-10,7.381,4465,116,,416.763476,standalone
11199,Wild Hogs,60000000.0,253625427,"['Action', 'Adventure', 'Comedy']",False,2007-03-02,5.972,2341,100,,322.709045,standalone
914,The Great Dictator,2000000.0,11000000,"['Comedy', 'War']",False,1940-10-15,8.296,3488,125,,450.0,standalone
10934,Under the Tuscan Sun,18000000.0,58878723,"['Romance', 'Comedy']",False,2003-09-20,6.889,897,113,,227.1040166666667,standalone
12144,The Land Before Time,12500000.0,84704291,"['Family', 'Animation', 'Adventure']",True,1988-11-18,7.142,2601,69,The Land Before Time Collection,577.634328,starter
10281,Friday the 13th Part VII: The New Blood,2800000.0,19170001,"['Horror', 'Thriller']",True,1988-05-13,5.5,1126,88,Friday the 13th Collection,584.6428928571428,subsequent
667216,Infinity Pool,4500000.0,5078400,"['Horror', 'Science Fiction']",False,2023-01-27,6.073,886,118,,12.853333333333333,standalone
19840,"I Love You, Beth Cooper",18000000.0,15300000,"['Comedy', 'Romance']",False,2009-07-10,5.995,912,102,,-15.0,standalone
11024,Scooby-Doo 2: Monsters Unleashed,80000000.0,181466833,"['Mystery', 'Fantasy', 'Adventure', 'Comedy']",True,2004-03-24,6.085,2792,93,Scooby-Doo Collection,126.83354125,subsequent
270487,"Hail, Caesar!",22000000.0,63647656,"['Comedy', 'Crime', 'Mystery', 'Drama']",False,2016-02-05,5.927,3847,106,,189.30752727272727,standalone
10329,Congo,50000000.0,152022101,"['Action', 'Adventure', 'Science Fiction']",False,1995-06-09,5.559,918,109,,204.04420199999998,standalone
32856,Valentine's Day,52000000.0,216528528,"['Comedy', 'Romance']",False,2010-02-10,5.922,3082,125,,316.4010153846154,standalone
25018,Leatherface: The Texas Chainsaw Massacre III,2000000.0,55800000,['Horror'],True,1990-01-12,5.31,585,81,Texas Chainsaw Massacre Collection,2690.0,subsequent
2320,Executive Decision,55000000.0,121969216,"['Action', 'Adventure', 'Drama', 'Thriller']",False,1996-03-15,6.3,968,132,,121.76221090909092,standalone
59962,This Means War,65000000.0,156974557,"['Action', 'Comedy', 'Romance']",False,2012-02-14,6.185,3452,98,,141.49931846153848,standalone
12665,Powder,9500000.0,30900000,"['Drama', 'Fantasy']",False,1995-10-27,7.007,683,111,,225.26315789473682,standalone
2661,Batman,1377800.0,3900000,"['Action', 'Comedy', 'Crime']",False,1966-07-30,6.416,987,105,,183.05995064595731,standalone
490,The Seventh Seal,150000.0,311212,"['Fantasy', 'Drama']",False,1957-02-16,8.186,3123,96,,107.47466666666668,standalone
15670,Madea Goes to Jail,17500000.0,90508336,"['Comedy', 'Crime', 'Drama']",True,2009-02-20,6.5,198,102,Madea Collection,417.1904914285714,subsequent
8007,Behind Enemy Lines,40000000.0,91753202,"['Action', 'Drama', 'Thriller', 'War']",True,2001-11-30,6.416,1551,106,Behind Enemy Lines Collection,129.383005,starter
9994,The Great Mouse Detective,14000000.0,38600000,"['Animation', 'Family', 'Adventure', 'Mystery']",False,1986-07-02,7.044,1719,74,,175.71428571428572,standalone
10057,The Three Musketeers,30000000.0,111898845,"['Action', 'Adventure', 'Comedy', 'Romance']",False,1993-11-11,6.409,991,105,,272.99615,standalone
41283,Faster,24000000.0,23081726,"['Crime', 'Drama', 'Action', 'Thriller']",False,2010-11-23,6.34,1976,98,,-3.8261416666666666,standalone
7299,Equilibrium,20000000.0,5400000,"['Action', 'Science Fiction', 'Thriller']",False,2002-12-06,7.044,4683,107,,-73.0,standalone
621191,Blue Story,1600000.0,5750000,"['Crime', 'Drama', 'Romance']",False,2019-11-22,7.282,227,91,,259.375,standalone
18487,The Taking of Pelham 1 2 3,100000000.0,150166126,"['Crime', 'Thriller', 'Action']",False,2009-06-10,6.353,3205,106,,50.166126,standalone
109491,Beautiful Creatures,60000000.0,60052138,"['Fantasy', 'Drama', 'Romance']",False,2013-02-13,6.037,2874,124,,0.08689666666666666,standalone
339861,Hollywood,834449.0,4000000,[],False,2002-12-06,7.2,5,0,,379.3582351947213,standalone
8840,DragonHeart,57000000.0,115267375,"['Fantasy', 'Action', 'Adventure', 'Drama']",True,1996-05-31,6.543,2021,103,DragonHeart Collection,102.22346491228069,starter
10437,The Muppet Christmas Carol,12000000.0,27300000,"['Music', 'Comedy', 'Family', 'Fantasy', 'Drama']",False,1992-12-11,7.42,1056,86,,127.49999999999999,standalone
38317,Zookeeper,80000000.0,169900000,"['Comedy', 'Romance', 'Family']",False,2011-07-06,5.421,1699,102,,112.375,standalone
464504,A Madea Family Funeral,20000000.0,74747725,['Comedy'],True,2019-03-01,5.919,486,109,Madea Collection,273.738625,subsequent
11191,Mystic Pizza,6000000.0,12793213,"['Romance', 'Drama', 'Comedy']",False,1988-10-13,6.309,529,104,,113.22021666666666,standalone
1234397,Grand Theft Hamlet,200000.0,211734,"['Animation', 'Drama', 'Documentary']",False,2024-12-06,6.667,39,91,,5.867,standalone
9641,Cheaper by the Dozen 2,60000000.0,129181830,"['Comedy', 'Family', 'Adventure']",True,2005-12-21,6.167,2015,94,Cheaper by the Dozen (2003) Collection,115.30305000000001,subsequent
263341,"Crouching Tiger, Hidden Dragon: Sword of Destiny",20000000.0,38659039,"['Action', 'Adventure', 'Drama']",True,2016-02-18,6.159,673,103,"Crouching Tiger, Hidden Dragon Collection",93.29519499999999,subsequent
14444,The Rugrats Movie,30000000.0,100491683,"['Family', 'Comedy', 'Adventure', 'Animation']",True,1998-11-20,6.222,605,79,Rugrats Collection,234.97227666666666,starter
59961,Safe House,85000000.0,208076205,"['Action', 'Thriller']",False,2012-02-08,6.483,3715,115,,144.79553529411763,standalone
5123,August Rush,25000000.0,66122026,"['Family', 'Drama', 'Music']",False,2007-11-21,7.418,2735,114,,164.488104,standalone
14412,Body Heat,9000000.0,24058838,"['Thriller', 'Crime']",False,1981-08-28,6.963,636,113,,167.32042222222222,standalone
16052,Selena,20000000.0,60000000,"['Drama', 'Music', 'History']",False,1997-03-21,7.7,1254,127,,200.0,standalone
146238,Runner Runner,30000000.0,62600000,"['Crime', 'Thriller', 'Drama']",False,2013-09-24,5.65,1265,88,,108.66666666666667,standalone
567604,Once Upon a Deadpool,110000000.0,51349833,"['Comedy', 'Action', 'Adventure']",False,2018-12-11,7.1,805,118,,-53.31833363636363,standalone
599,Sunset Boulevard,1752000.0,5000000,['Drama'],False,1950-08-10,8.294,2706,110,,185.3881278538813,standalone
10796,The One,49000000.0,72689126,"['Action', 'Science Fiction', 'Thriller']",False,2001-11-02,6.143,1625,87,,48.34515510204081,standalone
39451,Little Fockers,100000000.0,310650585,"['Comedy', 'Romance']",True,2010-12-21,5.658,3306,98,Meet the Parents Collection,210.650585,subsequent
1691,Hostel: Part II,10200000.0,35728183,['Horror'],True,2007-06-07,5.841,2087,93,Hostel Collection,250.2763039215686,subsequent
10535,Spy Hard,18000000.0,27000000,"['Comedy', 'Action']",False,1996-05-24,5.395,693,81,,50.0,standalone
10436,The Age of Innocence,34000000.0,32255440,"['Drama', 'Romance']",False,1993-09-10,6.979,1138,139,,-5.131058823529411,standalone
68,Brazil,15000000.0,9900000,"['Comedy', 'Science Fiction']",False,1985-02-20,7.666,3437,143,,-34.0,standalone
907,Doctor Zhivago,11000000.0,111858363,"['Drama', 'Romance', 'War']",False,1965-12-22,7.548,1194,200,,916.8942090909092,standalone
12208,Casino Royale,12000000.0,41744718,"['Adventure', 'Action', 'Comedy']",False,1967-04-13,5.248,760,131,,247.87265,standalone
513434,One Cut of the Dead,52406.0,27590180,"['Comedy', 'Horror', 'Drama']",True,2017-11-04,7.6,894,96,One Cut of the Dead Collection,52546.98698622295,starter
10890,Stripes,10000000.0,85300000,"['Action', 'Comedy']",False,1981-06-26,6.563,942,106,,753.0,standalone
11355,Never Been Kissed,25000000.0,84565230,"['Romance', 'Comedy', 'Drama']",False,1999-04-09,6.159,1519,107,,238.26092,standalone
1115009,Unsung Hero,6000000.0,21220422,"['Drama', 'Music', 'Family']",False,2024-04-26,6.865,63,113,,253.6737,standalone
409,The English Patient,27000000.0,231976425,"['Drama', 'Romance', 'War']",False,1996-11-14,7.165,2267,162,,759.1719444444444,standalone
38745,Gulliver's Travels,112000000.0,237382724,"['Family', 'Comedy', 'Adventure', 'Fantasy']",False,2010-12-23,5.204,2438,85,,111.94886071428571,standalone
8374,The Boondock Saints,6000000.0,38256,"['Action', 'Thriller', 'Crime']",True,1999-01-22,7.3,2512,108,The Boondock Saints Collection,-99.3624,starter
6589,Underdog,25000000.0,65270477,"['Family', 'Action', 'Adventure', 'Comedy', 'Fantasy', 'Science Fiction']",False,2007-08-03,5.556,728,82,,161.081908,standalone
157547,Oculus,5000000.0,44459951,['Horror'],False,2013-09-08,6.481,3022,104,,789.19902,standalone
255343,Escobar: Paradise Lost,17000000.0,3758328,"['Thriller', 'Romance']",False,2014-10-11,6.278,783,120,,-77.89218823529411,standalone
826,The Bridge on the River Kwai,3000000.0,44908000,"['Drama', 'History', 'War']",False,1957-10-11,7.813,2205,161,,1396.9333333333334,standalone
201,Star Trek: Nemesis,60000000.0,67336470,"['Science Fiction', 'Action', 'Adventure', 'Thriller']",True,2002-12-13,6.296,1481,116,Star Trek: The Next Generation Collection,12.22745,subsequent
9070,Mighty Morphin Power Rangers: The Movie,15000000.0,66433194,"['Action', 'Adventure', 'Science Fiction', 'Fantasy']",True,1995-06-30,5.84,728,96,Power Rangers Collection,342.88796,starter
26022,My Name Is Khan,12000000.0,42345360,"['Drama', 'Romance']",False,2010-02-10,8.0,1357,165,,252.878,standalone
11649,Masters of the Universe,22000000.0,17336370,"['Action', 'Fantasy', 'Science Fiction', 'Adventure', 'Thriller']",False,1987-08-07,5.726,931,106,,-21.19831818181818,standalone
21575,A Prophet,13000000.0,17874044,"['Crime', 'Drama']",False,2009-08-26,7.588,1606,155,,37.49264615384615,standalone
575322,Project Gemini,6000000.0,211674,"['Science Fiction', 'Thriller']",False,2022-01-06,5.749,470,98,,-96.47210000000001,standalone
35056,Date Night,55000000.0,152300000,"['Comedy', 'Action', 'Adventure']",False,2010-04-08,6.103,2916,88,,176.9090909090909,standalone
43539,The Next Three Days,30000000.0,67448651,"['Romance', 'Drama', 'Thriller', 'Crime']",False,2010-11-18,7.085,2931,133,,124.82883666666666,standalone
11838,Ju-on: The Grudge,3500000.0,3657876,['Horror'],True,2002-10-18,6.723,840,92,Ju-on Collection,4.510742857142857,starter
97367,The Place Beyond the Pines,15000000.0,47135966,"['Drama', 'Crime']",False,2013-03-20,6.977,4955,140,,214.23977333333335,standalone
16307,The Wicker Man,810000.0,513000,['Horror'],False,1973-12-06,7.344,1495,93,,-36.666666666666664,standalone
4780,Obsession,1400000.0,4468000,"['Thriller', 'Mystery', 'Drama']",False,1976-08-01,6.637,302,99,,219.14285714285714,standalone
843394,Cat Person,12000000.0,282000,"['Thriller', 'Comedy']",False,2023-10-06,5.732,84,118,,-97.65,standalone
8469,Animal House,2700000.0,141000000,['Comedy'],False,1978-07-28,6.979,1574,109,,5122.222222222222,standalone
809787,Mafia Mamma,41000000.0,3900000,"['Comedy', 'Crime', 'Action']",False,2023-04-13,6.1,276,101,,-90.48780487804878,standalone
2897,Around the World in Eighty Days,6000000.0,42000000,"['Adventure', 'Comedy', 'Family', 'Fantasy', 'Romance']",False,1956-10-17,6.637,533,182,,600.0,standalone
70435,Haywire,23000000.0,33372606,"['Action', 'Thriller', 'Drama']",False,2011-11-01,5.706,1399,93,,45.09828695652174,standalone
18126,Hannah Montana: The Movie,35000000.0,155545279,"['Comedy', 'Drama', 'Family', 'Music', 'Romance']",False,2009-04-10,6.583,2037,102,,344.41508285714286,standalone
1160164,TAYLOR SWIFT | THE ERAS TOUR,15000000.0,261656269,['Music'],False,2023-10-13,8.234,450,169,,1644.3751266666666,standalone
80585,Rock of Ages,75000000.0,59400000,"['Comedy', 'Drama', 'Romance', 'Music']",False,2012-06-13,6.21,1290,123,,-20.8,standalone
635,Angel Heart,17000000.0,17185954,"['Horror', 'Mystery']",False,1987-03-06,7.128,1608,113,,1.0938470588235294,standalone
2742,Naked Lunch,16000000.0,2641357,"['Crime', 'Drama']",False,1991-12-27,7.0,1123,115,,-83.49151875000001,standalone
2309,Inkheart,60000000.0,62803180,"['Adventure', 'Family', 'Fantasy']",False,2008-12-11,6.295,2150,106,,4.671966666666667,standalone
59859,Kick-Ass 2,28000000.0,60795985,"['Action', 'Adventure', 'Crime']",True,2013-07-17,6.402,6298,103,Kick-Ass Collection,117.12851785714287,subsequent
9730,Friday the 13th: The Final Chapter,2200000.0,32981717,"['Horror', 'Thriller']",True,1984-04-13,6.1,1398,91,Friday the 13th Collection,1399.1689545454544,subsequent
306819,The Danish Girl,15000000.0,64200000,['Drama'],False,2015-11-27,7.567,5815,119,,328.0,standalone
19585,G-Force,150000000.0,292817841,"['Family', 'Fantasy', 'Action', 'Adventure', 'Comedy']",False,2009-07-24,5.464,1914,88,,95.211894,standalone
11006,Smokey and the Bandit,4300000.0,126700000,"['Action', 'Adventure', 'Comedy']",True,1977-05-26,6.97,748,96,Smokey and the Bandit Collection,2846.5116279069766,starter
9776,Head of State,35200000.0,37788228,"['Comedy', 'Drama']",False,2003-03-28,5.6,298,95,,7.352920454545455,standalone
241554,Run All Night,50000000.0,71561644,"['Action', 'Crime', 'Thriller']",True,2015-03-11,6.423,2847,114,Run All Night Collection,43.123287999999995,starter
119892,The Monkey King,82000000.0,182206924,"['Action', 'Adventure', 'Family', 'Fantasy']",True,2014-01-09,5.5,217,119,The Monkey King Collection,122.20356585365855,starter
371645,Hunt for the Wilderpeople,2500000.0,23900000,"['Adventure', 'Comedy', 'Drama']",False,2016-03-31,7.7,2151,101,,856.0,standalone
473,Pi,60000.0,3221152,"['Mystery', 'Drama', 'Thriller']",False,1998-07-10,7.112,2318,84,,5268.586666666667,standalone
7553,Waiting...,3000000.0,18637690,"['Comedy', 'Romance']",True,2005-10-07,6.237,904,94,Waiting Collection,521.2563333333334,starter
10673,Wall Street,15000000.0,43900000,"['Crime', 'Drama']",True,1987-12-10,7.167,2119,126,Wall Street Collection,192.66666666666669,starter
8051,Punch-Drunk Love,25000000.0,24665649,"['Romance', 'Drama', 'Comedy']",False,2002-10-11,7.115,2465,96,,-1.337404,standalone
306,Beverly Hills Cop III,50000000.0,119208989,"['Action', 'Comedy', 'Crime']",True,1994-05-24,5.877,1977,105,Beverly Hills Cop Collection,138.417978,subsequent
100241,"I, Frankenstein",65000000.0,76801179,"['Horror', 'Thriller']",False,2014-01-22,5.367,1968,92,,18.15566,standalone
14405,Beverly Hills Chihuahua,20000000.0,149281606,"['Comedy', 'Family', 'Adventure', 'Romance']",True,2008-10-03,5.383,1075,91,Beverly Hills Chihuahua Collection,646.40803,starter
1058694,Radical,10000000.0,21761164,['Drama'],False,2023-10-19,8.366,460,126,,117.61164,standalone
11850,Invasion of the Body Snatchers,3500000.0,24946533,"['Science Fiction', 'Horror']",False,1978-12-20,7.215,1193,116,,612.7580857142857,standalone
77459,A Monster in Paris,25000000.0,26611650,"['Adventure', 'Animation', 'Comedy', 'Family', 'Fantasy']",False,2011-10-12,6.893,1292,90,,6.446599999999999,standalone
9612,Coneheads,33000000.0,21274717,"['Comedy', 'Science Fiction']",False,1993-07-23,5.442,950,87,,-35.53116060606061,standalone
249164,If I Stay,11000000.0,78300000,['Drama'],False,2014-08-21,7.368,4228,106,,611.8181818181819,standalone
1844,Entrapment,66000000.0,212404400,"['Romance', 'Drama', 'Mystery']",False,1999-04-29,6.23,2086,112,,221.8248484848485,standalone
406761,Hotel Artemis,15000000.0,12371132,"['Thriller', 'Science Fiction', 'Action', 'Crime', 'Drama']",False,2018-06-07,6.057,1588,94,,-17.52578666666667,standalone
51162,Winnie the Pooh,30000000.0,14460000,"['Animation', 'Family', 'Comedy', 'Adventure']",False,2011-04-06,6.908,898,63,,-51.800000000000004,standalone
7305,Alive,32000000.0,36700000,"['Adventure', 'Drama', 'History']",False,1993-01-15,6.893,1496,127,,14.6875,standalone
164457,Out of the Furnace,22000000.0,15400000,"['Thriller', 'Drama', 'Crime']",False,2013-11-12,6.569,2003,116,,-30.0,standalone
14194,Dhoom 2,11000000.0,46396427,"['Drama', 'Action', 'Thriller', 'Crime']",True,2006-11-24,6.583,252,151,Dhoom Collection,321.7857,starter
814,An American Werewolf in London,10000000.0,31973249,"['Comedy', 'Horror']",True,1981-08-21,7.407,2520,97,An American Werewolf Collection,219.73248999999998,starter
862965,Emily the Criminal,2000000.0,2157673,"['Crime', 'Drama', 'Thriller']",False,2022-08-12,6.674,892,97,,7.88365,standalone
10956,Joe Dirt,17700000.0,30987695,"['Mystery', 'Adventure', 'Comedy', 'Romance', 'Drama']",True,2001-04-10,5.598,752,91,Joe Dirt Collection,75.07172316384181,starter
10019,Mannequin,6000000.0,42700000,"['Comedy', 'Romance', 'Fantasy']",True,1987-02-13,6.866,778,89,Mannequin Collection,611.6666666666666,starter
259694,How to Be Single,38000000.0,112343513,"['Comedy', 'Romance']",False,2016-02-08,6.268,3249,110,,195.64082368421052,standalone
9909,Dangerous Minds,23000000.0,179519401,['Drama'],False,1995-08-11,6.98,1189,99,,680.5191347826087,standalone
9486,Johnny English,40000000.0,160466000,"['Adventure', 'Action', 'Comedy']",True,2003-03-14,6.28,3569,89,Johnny English Collection,301.165,starter
11357,Halloween 4: The Return of Michael Myers,5000000.0,17768757,"['Horror', 'Thriller']",True,1988-10-21,6.178,1965,88,Halloween Collection,255.37514,subsequent
4517,Elizabeth: The Golden Age,55000000.0,74237563,"['Drama', 'History', 'Romance']",True,2007-09-09,6.705,1252,114,Elizabeth Collection,34.97738727272727,subsequent
763,Braindead,3000000.0,242623,"['Horror', 'Comedy']",False,1992-08-13,7.386,1723,103,,-91.91256666666666,standalone
552178,Dark Waters,20000000.0,13601384,"['Drama', 'Thriller']",False,2019-11-22,7.542,2313,127,,-31.993080000000003,standalone
794,The Omen,2800000.0,60922980,"['Horror', 'Thriller']",True,1976-06-25,7.407,2220,111,The Omen Collection,2075.820714285714,starter
4141,Shoot 'Em Up,39000000.0,26800000,"['Action', 'Thriller', 'Comedy', 'Crime']",False,2007-07-26,6.484,1930,86,,-31.28205128205128,standalone
109443,Anchorman 2: The Legend Continues,50000000.0,173700000,['Comedy'],True,2013-12-18,6.137,2655,119,Anchorman Collection,247.40000000000003,subsequent
429197,Vice,60000000.0,76100000,"['Drama', 'Comedy']",False,2018-12-25,7.017,3432,132,,26.833333333333332,standalone
10152,Dumb and Dumberer: When Harry Met Lloyd,19000000.0,39267515,['Comedy'],True,2003-04-14,4.149,853,85,Dumb and Dumber Collection,106.67113157894737,subsequent
434555,The Possession of Hannah Grace,9500000.0,43000000,"['Horror', 'Drama']",False,2018-11-29,5.598,1401,86,,352.6315789473684,standalone
9610,Conan the Destroyer,18000000.0,31042035,"['Adventure', 'Fantasy', 'Action']",True,1984-06-29,6.1,1539,103,Conan the Barbarian Collection,72.45575,subsequent
4421,G.I. Jane,50000000.0,48169156,"['Action', 'Drama']",False,1997-08-19,6.472,1738,125,,-3.661688,standalone
389015,"I, Tonya",11000000.0,53900000,"['Drama', 'Comedy']",False,2017-12-07,7.483,5933,120,,390.0,standalone
668742,Father There Is Only One 2,4000000.0,14871307,"['Comedy', 'Family']",True,2020-07-29,7.529,553,96,Father There Is Only One Collection,271.782675,subsequent
157386,The Spectacular Now,2500000.0,6854611,"['Comedy', 'Drama', 'Romance']",False,2013-08-02,6.668,2909,95,,174.18444,standalone
505058,Unfriended: Dark Web,1000000.0,16000000,"['Horror', 'Mystery']",True,2018-07-19,6.278,1568,92,Unfriended Collection,1500.0,subsequent
449176,"Love, Simon",17000000.0,66316289,"['Comedy', 'Drama', 'Romance']",False,2018-02-16,7.994,6109,110,,290.0958176470588,standalone
659,The Tin Drum,3000000.0,17000000,"['Drama', 'History', 'War']",False,1979-05-02,6.948,493,162,,466.6666666666667,standalone
28597,Problem Child 2,15000000.0,32704700,"['Comedy', 'Family']",True,1991-07-03,5.875,630,90,Problem Child Collection,118.03133333333334,subsequent
10760,Sydney White,16500000.0,13620075,['Comedy'],False,2007-09-21,6.5,1061,108,,-17.454090909090908,standalone
388399,Patriots Day,45000000.0,50548152,"['Action', 'Crime', 'Drama', 'History', 'Thriller']",False,2016-12-12,7.1,2696,133,,12.329226666666667,standalone
2252,Eastern Promises,51500000.0,56106607,"['Thriller', 'Crime', 'Mystery']",False,2007-09-14,7.4,3473,101,,8.944867961165048,standalone
1574,Chicago,45000000.0,306776732,"['Comedy', 'Crime', 'Drama']",False,2002-12-10,7.12,2716,113,,581.7260711111112,standalone
10098,The Kid,250000.0,2500000,"['Comedy', 'Drama']",False,1921-01-21,8.154,2203,68,,900.0,standalone
118957,Bait,33492566.0,32500000,['Horror'],False,2012-09-05,5.659,765,93,,-2.9635412228492735,standalone
314095,The Lost City of Z,30000000.0,8574339,"['Adventure', 'Drama', 'History']",False,2017-03-15,6.401,2924,141,,-71.41887,standalone
316023,Mike and Dave Need Wedding Dates,33000000.0,77100000,['Comedy'],False,2016-07-07,6.052,2509,98,,133.63636363636365,standalone
402897,The Death of Stalin,13000000.0,24600000,"['Comedy', 'Drama', 'History']",False,2017-10-20,7.005,1971,107,,89.23076923076924,standalone
289720,Outcast,25000000.0,5148503,"['Action', 'Adventure']",False,2014-09-26,5.118,484,98,,-79.40598800000001,standalone
21629,Stir Crazy,10000000.0,101300000,"['Comedy', 'Crime']",False,1980-12-12,6.49,455,111,,913.0000000000001,standalone
532408,The Boogeyman,35000000.0,82344833,['Horror'],False,2023-05-31,6.406,953,99,,135.2709514285714,standalone
9464,Buffalo '66,1500000.0,2375097,"['Drama', 'Romance', 'Comedy']",False,1998-01-20,7.134,975,110,,58.3398,standalone
746,The Last Emperor,23800000.0,44000000,"['Drama', 'History']",False,1987-10-04,7.605,1760,163,,84.87394957983193,standalone
1016346,MR-9: Do or Die,6700000.0,7100000,"['Action', 'Drama', 'Thriller']",False,2023-08-25,6.479,169,107,,5.970149253731343,standalone
864168,Joy Ride,20000000.0,15800000,['Comedy'],False,2023-06-22,6.567,415,94,,-21.0,standalone
57212,War Horse,66000000.0,177584879,"['War', 'History', 'Adventure']",False,2011-12-25,7.298,3486,146,,169.0679984848485,standalone
8831,Timecop,28000000.0,128953581,"['Thriller', 'Science Fiction', 'Action', 'Crime']",True,1994-09-15,6.017,1209,98,Timecop Collection,360.54850357142857,starter
1148713,The Courier,5400000.0,1751343,"['Thriller', 'Crime']",False,2024-01-19,6.456,136,102,,-67.56772222222223,standalone
19,Metropolis,5300000.0,1350322,"['Drama', 'Science Fiction']",False,1927-02-06,8.105,2896,153,,-74.52222641509434,standalone
52451,The Three Musketeers,75000000.0,132274484,"['Adventure', 'Action', 'Thriller']",False,2011-08-31,5.793,2669,110,,76.36597866666666,standalone
5968,The Woman in Red,9000000.0,25300000,"['Comedy', 'Romance']",False,1984-08-15,6.263,523,87,,181.11111111111111,standalone
1497,Teenage Mutant Ninja Turtles II: The Secret of the Ooze,25000000.0,78656813,"['Science Fiction', 'Adventure', 'Action', 'Comedy', 'Family']",True,1991-03-22,6.198,1175,88,Teenage Mutant Ninja Turtles Collection,214.627252,subsequent
20770,But I'm a Cheerleader,1200000.0,2600000,"['Comedy', 'Romance']",False,2000-07-07,7.055,740,85,,116.66666666666667,standalone
37933,Tales from Earthsea,22000000.0,68625104,"['Animation', 'Fantasy', 'Adventure']",False,2006-07-29,6.5,1374,115,,211.9322909090909,standalone
2768,American Gigolo,5000000.0,52700000,"['Crime', 'Drama', 'Mystery']",False,1980-02-01,6.17,683,117,,953.9999999999999,standalone
2291,Jacob's Ladder,25000000.0,26118851,"['Drama', 'Mystery', 'Horror']",False,1990-11-02,7.355,1718,113,,4.475404,standalone
15767,Godzilla: Final Wars,19500000.0,12000000,"['Action', 'Adventure', 'Science Fiction', 'Fantasy', 'Thriller']",True,2004-12-04,7.1,331,125,Godzilla (Millennium) Collection,-38.46153846153847,starter
9942,Major League,11000000.0,75000000,['Comedy'],True,1989-02-16,6.873,817,107,Major League Collection,581.8181818181819,starter
10028,Honey,18000000.0,62646763,"['Music', 'Drama', 'Romance']",True,2003-12-05,6.352,1194,94,Honey Collection,248.0375722222222,starter
13310,Let the Right One In,4000000.0,10785801,"['Horror', 'Drama']",False,2008-10-24,7.537,3038,115,,169.645025,standalone
9281,Witness,12000000.0,116100000,"['Crime', 'Drama', 'Romance', 'Thriller']",False,1985-02-08,7.1,1753,112,,867.5000000000001,standalone
643586,Willy's Wonderland,5000000.0,431020,"['Horror', 'Thriller']",False,2021-02-12,6.009,1049,88,,-91.37960000000001,standalone
949484,Hounds of War,13000000.0,126540,"['Action', 'Thriller']",False,2024-08-29,6.294,153,94,,-99.02661538461538,standalone
8388,¡Three Amigos!,25000000.0,39200000,"['Comedy', 'Western', 'Drama']",False,1986-12-12,6.317,1044,103,,56.8,standalone
60935,The Thing,35000000.0,31505287,"['Horror', 'Science Fiction', 'Mystery']",True,2011-10-12,6.2,3016,103,The Thing Collection,-9.984894285714285,subsequent
48231,A Dangerous Method,15000000.0,27462041,"['Drama', 'Thriller']",False,2011-09-30,6.356,2114,99,,83.08027333333334,standalone
10283,Friday the 13th Part VIII: Jason Takes Manhattan,5300000.0,14343976,"['Horror', 'Thriller']",True,1989-07-28,4.9,1125,100,Friday the 13th Collection,170.64105660377356,subsequent
2334,Taxi 3,14500000.0,64497208,"['Action', 'Comedy']",True,2003-01-29,5.74,1556,87,Taxi Collection,344.80833103448276,subsequent
80,Before Sunset,2700000.0,15992615,"['Drama', 'Romance']",True,2004-06-16,7.808,3516,80,Before... Collection,492.3190740740741,subsequent
9946,End of Days,100000000.0,212000000,"['Action', 'Horror', 'Fantasy']",False,1999-11-24,6.093,1925,122,,112.00000000000001,standalone
459910,Braven,5000000.0,854319,"['Drama', 'Action', 'Thriller']",False,2018-02-01,6.194,1052,94,,-82.91362,standalone
72197,The Pirates! In an Adventure with Scientists!,60000000.0,123054041,"['Animation', 'Adventure', 'Family', 'Comedy']",False,2012-03-12,6.509,1138,88,,105.09006833333333,standalone
5,Four Rooms,4000000.0,4257354,['Comedy'],False,1995-12-09,5.865,2705,98,,6.4338500000000005,standalone
9346,Risky Business,6200000.0,63541777,"['Romance', 'Comedy', 'Drama']",False,1983-08-05,6.619,1362,98,,924.8673709677419,standalone
4147,Road to Perdition,80000000.0,181001478,"['Crime', 'Drama', 'Thriller']",False,2002-07-12,7.355,3761,117,,126.2518475,standalone
397415,Vengeance: A Love Story,28000000.0,14940116,"['Action', 'Drama', 'Thriller']",False,2017-03-16,5.542,323,99,,-46.64244285714286,standalone
192141,No Escape,5000000.0,54400000,"['Thriller', 'Action']",False,2015-08-26,6.943,2589,103,,988.0000000000001,standalone
16995,State of Play,60000000.0,87800000,"['Thriller', 'Crime', 'Mystery']",False,2009-04-17,6.808,2009,127,,46.33333333333333,standalone
13595,Airheads,15000000.0,5751882,"['Comedy', 'Crime', 'Music']",False,1994-08-05,6.153,767,92,,-61.65412,standalone
1164,Babel,25000000.0,135330835,['Drama'],False,2006-10-26,7.2,3857,143,,441.32334000000003,standalone
81796,Lockout,20000000.0,32948113,"['Action', 'Thriller', 'Science Fiction']",False,2012-04-12,5.937,1879,95,,64.740565,standalone
75674,Act of Valor,12000000.0,82499399,"['Action', 'Thriller', 'War']",False,2012-02-24,6.524,1174,110,,587.4949916666667,standalone
553,Dogville,10000000.0,16690617,"['Crime', 'Drama', 'Thriller']",True,2003-05-21,7.771,2519,178,USA: Land of Opportunities Collection,66.90617,starter
9036,Eight Below,40000000.0,120453565,"['Adventure', 'Drama', 'Family']",False,2006-02-17,7.018,1735,120,,201.1339125,standalone
9604,Red Heat,29000000.0,34994648,"['Action', 'Crime']",False,1988-06-17,6.2,1508,104,,20.6712,standalone
284276,Cake,7000000.0,2360281,['Drama'],False,2014-09-07,6.29,909,102,,-66.2817,standalone
11814,Weird Science,7500000.0,38934048,"['Comedy', 'Fantasy', 'Science Fiction']",False,1985-08-01,6.556,1446,93,,419.12064000000004,standalone
8676,Fool's Gold,70000000.0,111231041,"['Adventure', 'Romance', 'Comedy']",False,2008-02-07,5.781,1510,112,,58.90148714285714,standalone
239563,St. Vincent,13000000.0,54837234,['Comedy'],False,2014-10-09,7.116,1948,102,,321.82487692307694,standalone
429450,Pandora,13938145.0,30169000,"['Thriller', 'Drama', 'Action']",False,2016-12-07,7.55,488,136,,116.44917598432217,standalone
924482,The Ledge,2500000.0,685303,"['Thriller', 'Adventure']",False,2022-02-18,6.577,371,86,,-72.58788,standalone
69,Walk the Line,28000000.0,186800000,"['Drama', 'Music', 'Romance']",False,2005-09-13,7.504,2968,136,,567.1428571428572,standalone
521,Dial M for Murder,1400000.0,3000000,"['Thriller', 'Crime']",False,1954-05-29,8.018,2697,105,,114.28571428571428,standalone
11228,Daylight,80000000.0,159212469,"['Action', 'Adventure', 'Thriller']",False,1996-12-06,6.11,1582,115,,99.01558625,standalone
86838,Seven Psychopaths,15000000.0,33035736,"['Comedy', 'Crime']",False,2012-10-12,6.821,4037,110,,120.23824,standalone
9618,Tango & Cash,55000000.0,63408614,"['Action', 'Thriller', 'Comedy', 'Drama', 'Crime']",False,1989-12-22,6.474,1999,104,,15.28838909090909,standalone
12093,Lilya 4-ever,2700000.0,1007747,"['Crime', 'Drama']",False,2002-08-23,7.6,596,109,,-62.676037037037034,standalone
2157,Lost in Space,80000000.0,136159423,"['Science Fiction', 'Adventure']",False,1998-04-03,5.424,1241,130,,70.19927875,standalone
10586,The Ghost and the Darkness,50000000.0,38619405,"['Adventure', 'Thriller', 'History']",False,1996-10-11,6.824,1080,109,,-22.76119,standalone
13767,The Santa Clause 3: The Escape Clause,12000000.0,84500122,"['Comedy', 'Family', 'Adventure']",True,2006-11-02,5.552,1110,97,The Santa Clause Collection,604.1676833333333,subsequent
1817,Phone Booth,13000000.0,97837138,"['Thriller', 'Crime']",False,2003-04-04,6.853,3880,81,,652.5933692307692,standalone
3034,Young Frankenstein,2800000.0,86273333,['Comedy'],False,1974-12-15,7.871,3218,106,,2981.1904642857144,standalone
10136,The Golden Child,25000000.0,79817939,"['Action', 'Adventure', 'Comedy']",False,1986-12-12,5.913,1108,94,,219.271756,standalone
375262,The Favourite,15000000.0,95918706,"['History', 'Comedy', 'Drama']",False,2018-11-23,7.5,5629,120,,539.45804,standalone
470878,I Can Only Imagine,7000000.0,86086881,"['Music', 'Drama']",True,2018-02-14,7.5,482,110,I Can Only Imagine Collection,1129.8125857142857,starter
949229,Leo,42219285.0,71772785,"['Action', 'Crime', 'Thriller']",False,2023-10-18,6.887,102,163,,70.00000118429291,standalone
268920,Hot Pursuit,35000000.0,51680201,"['Action', 'Comedy']",False,2015-05-08,5.746,1645,87,,47.657717142857145,standalone
873,The Color Purple,15000000.0,146300000,"['Drama', 'History']",False,1985-12-18,7.753,1852,154,,875.3333333333334,standalone
49494,The Eagle,25000000.0,27122040,"['Adventure', 'Drama']",False,2011-02-08,6.247,1341,114,,8.48816,standalone
10860,Steel Magnolias,15000000.0,95904091,"['Comedy', 'Drama', 'Romance']",False,1989-11-15,7.2,679,117,,539.3606066666667,standalone
1499,Teenage Mutant Ninja Turtles III,21000000.0,42273609,"['Action', 'Adventure', 'Comedy', 'Family', 'Fantasy', 'Science Fiction']",True,1993-03-17,5.495,856,95,Teenage Mutant Ninja Turtles Collection,101.3029,subsequent
4808,Charade,4000000.0,13475000,"['Comedy', 'Mystery', 'Romance']",False,1963-12-01,7.7,1438,113,,236.875,standalone
10996,Stuart Little 2,120000000.0,169956806,"['Family', 'Adventure', 'Comedy']",True,2002-07-19,5.768,2455,78,Stuart Little Collection,41.63067166666667,subsequent
11287,A League of Their Own,40000000.0,132440069,"['Comedy', 'Drama']",False,1992-07-01,7.216,1445,128,,231.1001725,standalone
11704,The Secret of NIMH,7000000.0,14665733,"['Family', 'Animation', 'Fantasy', 'Adventure', 'Drama', 'Mystery', 'Science Fiction']",True,1982-06-17,7.449,867,83,The Secret of NIMH Collection,109.51047142857142,starter
9293,John Tucker Must Die,18000000.0,68844775,"['Comedy', 'Romance']",False,2006-07-27,6.12,1403,87,,282.47097222222226,standalone
12819,Alpha and Omega,20000000.0,50507267,"['Animation', 'Family', 'Comedy', 'Adventure', 'Romance']",True,2010-09-16,5.934,519,88,Alpha and Omega Collection,152.53633499999998,starter
921452,Jeanne du Barry,22400000.0,13000000,"['Drama', 'History', 'Romance']",False,2023-05-16,6.934,598,117,,-41.964285714285715,standalone
198277,Begin Again,8000000.0,63500000,"['Comedy', 'Music', 'Romance', 'Drama']",False,2014-07-03,7.232,3845,104,,693.75,standalone
42684,Skyline,10500000.0,66984887,"['Science Fiction', 'Action', 'Thriller']",True,2010-11-11,5.011,1664,92,Skyline Collection,537.9513047619048,starter
626735,Dog,20000000.0,84774243,"['Drama', 'Comedy']",False,2022-02-17,7.3,1624,101,,323.871215,standalone
1186350,Marco,3467000.0,11559000,"['Action', 'Crime', 'Thriller']",True,2024-12-20,6.2,36,145,Marco Collection,233.40063455436976,starter
3784,Frankie and Johnny,29000000.0,22773535,"['Drama', 'Romance', 'Comedy']",False,1991-10-11,6.778,598,118,,-21.47056896551724,standalone
21407,The Collector,3400000.0,114000000,"['Horror', 'Thriller']",True,2009-07-09,6.616,1538,90,The Collector Collection,3252.9411764705883,starter
335796,Ouija: Origin of Evil,9000000.0,81831866,['Horror'],True,2016-10-20,6.141,2513,99,Ouija Collection,809.2429555555557,subsequent
4689,Sympathy for Mr. Vengeance,4000000.0,1954937,"['Action', 'Drama', 'Thriller']",True,2002-03-29,7.467,1512,129,The Vengeance Trilogy,-51.126574999999995,starter
49009,The Way Back,30000000.0,24200000,"['Drama', 'Adventure', 'History']",False,2010-11-22,6.995,1651,133,,-19.333333333333332,standalone
9294,Phenomenon,32000000.0,152000000,"['Drama', 'Romance', 'Science Fiction', 'Fantasy']",False,1996-07-05,6.5,1222,123,,375.0,standalone
10134,Cyborg,500000.0,10166459,"['Science Fiction', 'Action', 'Thriller', 'Adventure']",True,1989-04-07,5.668,766,86,Cyborg Collection,1933.2918,starter
3594,The Number 23,30000000.0,77677553,"['Thriller', 'Mystery', 'Crime']",False,2007-02-23,6.417,3313,98,,158.92517666666666,standalone
3595,Ransom,80000000.0,309492681,"['Action', 'Thriller']",False,1996-11-08,6.679,1931,121,,286.86585125,standalone
1946,eXistenZ,15000000.0,2856712,"['Action', 'Thriller', 'Science Fiction']",False,1999-04-14,6.798,2015,97,,-80.95525333333333,standalone
624,Easy Rider,400000.0,60000000,"['Adventure', 'Drama']",True,1969-06-26,7.062,2034,95,Easy Rider Collection,14900.0,starter
23172,The Spy Next Door,28000000.0,66166000,"['Action', 'Comedy', 'Family']",False,2010-01-15,5.876,1336,94,,136.30714285714285,standalone
11979,Queen of the Damned,35000000.0,45479110,"['Fantasy', 'Horror', 'Romance']",True,2002-02-10,6.1,1094,101,The Vampire Chronicles Collection,29.940314285714287,subsequent
1004348,Boléro,12900000.0,3337320,"['Music', 'History', 'Drama']",False,2024-03-06,6.491,53,120,,-74.12930232558139,standalone
404733,Overdrive,28210303.0,11247280,"['Thriller', 'Action', 'Mystery']",False,2017-06-16,6.101,965,93,,-60.130594839764754,standalone
9703,The Last Legion,67000000.0,25303038,"['Action', 'Adventure', 'Fantasy', 'War']",False,2007-04-19,5.6,812,102,,-62.234271641791054,standalone
11400,The New World,30000000.0,30500000,"['Drama', 'History', 'Romance']",False,2005-12-25,6.5,1196,151,,1.6666666666666667,standalone
420814,Christopher Robin,75000000.0,99138899,"['Adventure', 'Comedy', 'Family', 'Fantasy']",False,2018-08-01,7.296,2793,104,,32.185198666666665,standalone
9944,The Pelican Brief,45000000.0,195268056,['Thriller'],False,1993-09-17,6.593,1661,141,,333.92901333333333,standalone
43959,Soul Surfer,18000000.0,47088990,"['Family', 'Drama']",False,2011-04-08,7.013,1195,112,,161.6055,standalone
65086,The Woman in Black,32000000.0,129000000,"['Drama', 'Horror', 'Thriller']",True,2012-02-03,6.141,3520,95,The Woman in Black Collection,303.125,starter
12219,12 Angry Men,1750000.0,2000000,"['Drama', 'TV Movie']",False,1997-08-17,7.66,399,117,,14.285714285714285,standalone
12610,Osmosis Jones,75000000.0,13596911,"['Adventure', 'Animation', 'Action', 'Comedy', 'Family']",False,2001-08-10,6.498,1041,95,,-81.87078533333333,standalone
11811,Leprechaun,1000000.0,8600000,"['Horror', 'Comedy']",True,1993-01-08,5.57,806,91,Leprechaun Collection,760.0,starter
36362,King of Kings,7775000.0,13400000,"['Drama', 'History']",False,1961-10-11,7.123,216,171,,72.34726688102894,standalone
2100,The Last Castle,72000000.0,27642707,"['Action', 'Drama', 'Thriller']",False,2001-10-19,7.16,1310,131,,-61.60735138888889,standalone
4816,Ghost Dog: The Way of the Samurai,2000000.0,9392768,"['Crime', 'Drama']",False,1999-10-06,7.331,1280,116,,369.6384,standalone
11371,The Score,68000000.0,113579918,"['Action', 'Crime', 'Thriller', 'Mystery', 'Drama']",False,2001-07-13,6.702,1728,124,,67.02929117647058,standalone
400157,Wonder Park,100000000.0,119559110,"['Comedy', 'Animation', 'Adventure', 'Family', 'Fantasy']",False,2019-03-13,6.55,717,86,,19.55911,standalone
9457,Deep Rising,45000000.0,11203026,"['Adventure', 'Action', 'Horror', 'Science Fiction']",False,1998-01-30,6.173,738,106,,-75.10438666666667,standalone
396461,Under the Silver Lake,8500000.0,2053469,"['Crime', 'Drama', 'Mystery']",False,2018-08-08,6.367,1470,139,,-75.84154117647059,standalone
921,Cinderella Man,88000000.0,108539911,"['Romance', 'Drama', 'History']",False,2005-06-02,7.56,2270,144,,23.340807954545454,standalone
10376,The Legend of 1900,9000000.0,21057208,"['Drama', 'Music']",False,1998-10-28,8.254,2327,170,,133.96897777777778,standalone
869626,Marcel the Shell with Shoes On,6000000.0,6909209,"['Animation', 'Comedy', 'Drama', 'Family']",False,2022-06-24,7.669,622,90,,15.153483333333334,standalone
13335,Harold & Kumar Escape from Guantanamo Bay,12000000.0,43493123,"['Comedy', 'Adventure']",True,2008-04-25,6.296,1523,101,Harold & Kumar Collection,262.4426916666667,subsequent
6519,The Dukes of Hazzard,50000000.0,110803676,"['Comedy', 'Adventure', 'Action']",True,2005-08-05,5.573,1216,104,The Dukes of Hazzard (Reboot) Collection,121.60735199999999,starter
266294,Sisters,30000000.0,105000000,['Comedy'],False,2015-12-18,5.968,1404,118,,250.0,standalone
34803,Death at a Funeral,21000000.0,49050886,['Comedy'],False,2010-04-15,5.877,1005,92,,133.5756476190476,standalone
1727,Bird on a Wire,20000000.0,138697012,"['Action', 'Adventure', 'Comedy', 'Romance']",False,1990-05-18,6.223,967,110,,593.48506,standalone
347375,Mile 22,35000000.0,66308758,"['Action', 'Thriller']",False,2018-08-16,6.233,2281,94,,89.45359428571429,standalone
16136,Juice,5000000.0,20146880,"['Crime', 'Drama', 'Thriller', 'Action']",False,1992-01-17,7.187,419,96,,302.93760000000003,standalone
10521,Bride Wars,30000000.0,115375850,"['Comedy', 'Romance']",False,2009-01-09,6.243,3077,89,,284.58616666666666,standalone
571384,Come Play,9000000.0,13182254,"['Horror', 'Mystery']",False,2020-10-28,6.401,700,96,,46.46948888888889,standalone
1205229,Night of the Zoopocalypse,12000000.0,3880292,"['Animation', 'Comedy', 'Adventure', 'Science Fiction', 'Horror']",False,2025-01-23,6.0,24,92,,-67.66423333333333,standalone
10173,Marked for Death,12000000.0,46044400,"['Action', 'Crime', 'Drama', 'Thriller']",False,1990-10-05,6.098,549,93,,283.7033333333333,standalone
437586,mid90s,1700000.0,9303022,"['Drama', 'Comedy']",False,2018-10-19,7.5,1668,86,,447.2365882352941,standalone
1494,Curse of the Golden Flower,45000000.0,78568977,"['Action', 'Drama', 'Fantasy']",False,2006-12-14,6.854,757,114,,74.59772666666666,standalone
321741,Concussion,35000000.0,50400000,['Drama'],False,2015-11-12,7.087,2608,123,,44.0,standalone
9053,DOA: Dead or Alive,21000000.0,7600000,"['Adventure', 'Action', 'Thriller']",False,2006-09-07,5.261,858,87,,-63.8095238095238,standalone
229,Bride of Frankenstein,393750.0,2000000,"['Horror', 'Science Fiction']",True,1935-04-20,7.514,1027,75,Frankenstein (Universal) Collection,407.9365079365079,subsequent
10611,Barbershop,12000000.0,77063924,"['Comedy', 'Drama']",True,2002-04-01,6.385,497,102,Barbershop Collection,542.1993666666666,starter
2140,Kiss of the Dragon,25000000.0,64437847,"['Action', 'Crime', 'Thriller']",False,2001-07-06,6.889,1247,98,,157.751388,standalone
10730,King Kong,23000000.0,90614445,"['Adventure', 'Fantasy']",True,1976-09-08,6.268,871,134,King Kong (1976) Collection,293.9758478260869,starter
9587,Little Women,18000000.0,50083616,"['Drama', 'Romance']",False,1994-12-21,7.282,1266,119,,178.24231111111112,standalone
972119,Making Of,4000000.0,1261221,"['Comedy', 'Drama']",False,2024-01-10,5.67,135,119,,-68.469475,standalone
9574,Flubber,80000000.0,178000000,"['Comedy', 'Family', 'Science Fiction']",False,1997-11-26,5.654,2422,93,,122.50000000000001,standalone
77805,Lovelace,10000000.0,1585582,['Drama'],False,2013-08-08,6.028,707,92,,-84.14418,standalone
11416,The Mission,24500000.0,17200000,"['Adventure', 'Drama', 'Action', 'History']",False,1986-09-06,7.401,1449,126,,-29.795918367346943,standalone
181283,Child 44,50000000.0,12951093,"['Crime', 'Thriller']",False,2015-03-15,6.286,1703,137,,-74.097814,standalone
592508,Sooryavanshi,13000000.0,35000000,"['Action', 'Crime', 'Thriller']",True,2021-11-05,5.771,164,145,Cop Universe Collection,169.23076923076923,starter
19898,Pandorum,33000000.0,20648328,"['Action', 'Horror', 'Mystery', 'Science Fiction', 'Thriller']",False,2009-09-08,6.567,2465,108,,-37.42930909090909,standalone
9607,Super Mario Bros.,48000000.0,20915465,"['Adventure', 'Fantasy', 'Comedy', 'Family']",False,1993-05-28,4.463,1360,104,,-56.42611458333333,standalone
9315,Flightplan,55000000.0,223387299,"['Thriller', 'Drama', 'Mystery']",False,2005-09-22,6.461,2703,98,,306.15872545454545,standalone
6723,The Rookie,10000000.0,21600000,"['Action', 'Crime', 'Drama', 'Thriller']",False,1990-12-07,5.871,571,121,,115.99999999999999,standalone
64586,Sleeping Beauty,10000000.0,408680,"['Drama', 'Romance']",False,2011-06-10,5.348,635,102,,-95.9132,standalone
83899,You're Next,1000000.0,14347000,"['Horror', 'Thriller', 'Mystery']",False,2013-08-22,6.6,2543,94,,1334.7,standalone
11971,Much Ado About Nothing,11000000.0,22600000,"['Drama', 'Comedy', 'Romance']",False,1993-05-07,6.928,754,111,,105.45454545454544,standalone
579583,The King of Staten Island,35000000.0,2200000,"['Comedy', 'Drama']",False,2020-07-22,7.019,1052,137,,-93.71428571428572,standalone
9759,Cellular,25000000.0,57678321,"['Action', 'Thriller', 'Drama', 'Crime']",False,2004-09-06,6.392,1967,94,,130.713284,standalone
3536,U-571,62000000.0,127700000,"['War', 'Action', 'Adventure']",False,2000-04-20,6.507,1275,116,,105.96774193548386,standalone
790,The Fog,1000000.0,21448830,['Horror'],False,1980-02-07,6.725,1623,90,,2044.883,standalone
2312,In the Name of the King: A Dungeon Siege Tale,60000000.0,13097915,"['Adventure', 'Fantasy', 'Action', 'Drama']",True,2007-11-29,4.763,862,127,In the Name of the King Collection,-78.17014166666667,starter
578189,Black and Blue,12000000.0,22741061,"['Action', 'Crime', 'Drama', 'Thriller']",False,2019-10-25,6.787,905,109,,89.50884166666667,standalone
12154,3 Men and a Baby,11000000.0,242780960,['Comedy'],True,1987-11-27,6.199,1027,102,3 Men Collection,2107.0996363636364,starter
49517,Tinker Tailor Soldier Spy,30000000.0,80600000,"['Drama', 'Thriller', 'Mystery']",False,2011-09-16,6.62,2730,127,,168.66666666666669,standalone
437109,The Villainess,125000.0,8737458,"['Action', 'Crime', 'Drama', 'Thriller']",False,2017-06-08,6.9,717,129,,6889.9664,standalone
5680,Elvira: Mistress of the Dark,7500000.0,5596267,"['Comedy', 'Fantasy', 'Horror']",True,1988-09-30,6.6,555,96,Elvira Collection,-25.383106666666666,starter
963,The Maltese Falcon,375000.0,1772000,"['Mystery', 'Crime', 'Thriller']",False,1941-10-18,7.71,1758,100,,372.53333333333336,standalone
11134,Police Story 3: Super Cop,900000.0,34391494,"['Action', 'Crime', 'Thriller']",True,1992-07-04,6.87,525,95,Police Story Collection,3721.277111111111,subsequent
371608,The Strangers: Prey at Night,12500000.0,31039126,"['Horror', 'Thriller']",True,2018-03-07,5.688,1412,86,The Strangers Collection,148.313008,subsequent
850028,"Alice, Darling",4000000.0,121067,"['Thriller', 'Drama', 'Romance']",False,2022-12-30,5.662,250,90,,-96.973325,standalone
980026,The Promised Land,8500000.0,2246680,"['Action', 'Drama', 'History']",False,2023-10-05,7.726,436,127,,-73.56847058823529,standalone
1544,Imagine Me & You,1000000.0,2500000,"['Drama', 'Comedy', 'Romance']",False,2006-01-27,7.576,1054,93,,150.0,standalone
11236,The Secret Garden,18000000.0,40000000,"['Drama', 'Family', 'Fantasy']",False,1993-08-13,7.424,931,102,,122.22222222222223,standalone
264656,The Homesman,16000000.0,3442853,"['Western', 'Drama']",False,2014-05-18,6.546,821,122,,-78.48216875,standalone
302401,Snowden,40000000.0,37357216,"['Drama', 'History', 'Crime', 'Thriller']",False,2016-09-15,7.107,4430,134,,-6.606960000000001,standalone
8427,I Spy,70000000.0,51386477,"['Action', 'Adventure', 'Comedy', 'Thriller']",False,2002-10-31,5.393,967,97,,-26.59074714285714,standalone
9040,Serpico,3000000.0,29800000,"['Crime', 'Drama']",False,1973-12-18,7.53,2035,130,,893.3333333333334,standalone
203,Mean Streets,500000.0,3000000,"['Drama', 'Crime']",False,1973-10-14,7.08,2167,111,,500.0,standalone
16643,Life or Something Like It,40000000.0,16872671,"['Comedy', 'Drama', 'Romance']",False,2002-04-24,5.686,554,103,,-57.818322499999994,standalone
350312,Bāhubali 2: The Conclusion,31000000.0,280700000,"['Action', 'Adventure', 'Fantasy']",True,2017-04-27,7.462,780,166,Bāhubali Collection,805.483870967742,subsequent
1429,25th Hour,5000000.0,23932055,"['Crime', 'Drama']",False,2002-12-19,7.325,2424,135,,378.6411,standalone
622792,Kanguva,37647000.0,11882000,"['Action', 'Thriller', 'Fantasy']",False,2024-11-14,3.8,21,154,,-68.43838818498153,standalone
720557,Tiger 3,38000000.0,47000000,"['Action', 'Adventure', 'Thriller']",True,2023-11-12,5.8,51,155,YRF Spy Universe,23.684210526315788,subsequent
2323,Field of Dreams,15000000.0,84431625,"['Drama', 'Fantasy']",False,1989-04-21,7.109,1558,107,,462.8775,standalone
807356,Watcher,5000000.0,2543216,"['Horror', 'Mystery', 'Thriller']",False,2022-06-03,6.473,1027,96,,-49.13568,standalone
10610,The Medallion,38000000.0,34300000,"['Thriller', 'Fantasy', 'Action', 'Comedy']",False,2003-08-15,5.613,1121,88,,-9.736842105263158,standalone
399360,Alpha,51000000.0,99630675,"['Adventure', 'Drama']",False,2018-08-17,6.525,2614,97,,95.35426470588236,standalone
1115623,The Last Kumite,1303000.0,65000000,"['Action', 'Thriller']",False,2024-05-09,6.865,111,105,,4888.48810437452,standalone
462883,Woody Woodpecker,10000000.0,15316635,"['Comedy', 'Family', 'Animation']",True,2017-10-05,6.567,742,91,Woody Woodpecker Collection,53.166349999999994,starter
7978,The Wolfman,150000000.0,140700000,['Horror'],False,2010-02-10,5.877,2055,103,,-6.2,standalone
9264,Poison Ivy,3000000.0,1829804,"['Thriller', 'Drama']",True,1992-05-08,5.441,376,92,Poison Ivy Collection,-39.00653333333333,starter
288,High Noon,730000.0,8000000,"['Western', 'Drama']",False,1952-06-09,7.672,1492,85,,995.890410958904,standalone
555974,Brahms: The Boy II,10000000.0,20311536,"['Horror', 'Mystery', 'Thriller']",True,2020-02-20,5.894,1254,86,The Boy Collection,103.11536,subsequent
597890,Voyagers,20000000.0,4298184,"['Science Fiction', 'Thriller']",False,2021-04-08,5.967,907,108,,-78.50908,standalone
428045,Iron Mask,49000000.0,8685794,"['Action', 'Adventure', 'Family', 'Fantasy']",True,2019-08-16,6.125,503,121,Viy Collection,-82.27388979591836,subsequent
10851,Revolver,27000000.0,7164778,"['Drama', 'Thriller', 'Crime', 'Mystery']",False,2005-09-11,6.35,1429,111,,-73.46378518518519,standalone
217993,Justice League: War,3500000.0,5155325,"['Animation', 'Action']",True,2014-01-21,7.421,1104,79,Justice League (Animated) Collection,47.295,starter
975,Paths of Glory,935000.0,1200000,"['War', 'Drama', 'History']",False,1957-10-25,8.258,3059,88,,28.342245989304814,standalone
400650,Mary Poppins Returns,130000000.0,348807090,"['Fantasy', 'Family', 'Comedy']",True,2018-12-13,6.511,3363,131,Mary Poppins Collection,168.31314615384616,subsequent
11520,Grumpy Old Men,35100000.0,70200000,"['Comedy', 'Romance']",True,1993-12-25,6.653,698,103,Grumpy Old Men Collection,100.0,starter
820446,Downton Abbey: A New Era,40000000.0,92651384,"['Drama', 'Romance']",True,2022-04-27,7.2,522,124,Downton Abbey Collection,131.62846,subsequent
10159,The Rundown,85000000.0,80900000,"['Adventure', 'Action', 'Comedy', 'Thriller']",False,2003-09-26,6.454,2042,104,,-4.823529411764706,standalone
467660,Unsane,1500000.0,14293601,"['Horror', 'Thriller']",False,2018-03-22,6.26,1569,98,,852.9067333333334,standalone
11637,Are We There Yet?,32000000.0,97918663,"['Family', 'Adventure', 'Comedy', 'Romance']",True,2005-01-20,5.667,1003,95,The Are We Collection,205.995821875,starter
10357,Volcano,90000000.0,122823468,"['Science Fiction', 'Action', 'Drama', 'Thriller']",False,1997-04-25,5.939,1571,104,,36.47052,standalone
38408,Life As We Know It,38000000.0,105734416,"['Comedy', 'Romance', 'Drama']",False,2010-10-02,6.907,3184,114,,178.24846315789472,standalone
2103,Solaris,47000000.0,30002758,"['Drama', 'Science Fiction', 'Mystery']",False,2002-11-27,5.918,1349,99,,-36.164344680851066,standalone
109410,42,40000000.0,95020213,['Drama'],False,2013-04-12,7.195,1855,128,,137.5505325,standalone
535292,21 Bridges,33000000.0,49900000,"['Crime', 'Action', 'Drama']",False,2019-10-24,6.769,2025,99,,51.21212121212121,standalone
12207,The Legend of Drunken Master,10000000.0,34300528,"['Action', 'Comedy']",True,1994-02-03,7.429,1005,102,Drunken Master Collection,243.00528,starter
6878,Homeward Bound: The Incredible Journey,24000000.0,57333324,"['Adventure', 'Comedy', 'Family']",True,1993-02-03,7.0,1060,84,Homeward Bound Collection,138.88885,starter
11072,Blazing Saddles,2600000.0,119500000,"['Western', 'Comedy']",False,1974-02-07,7.25,1950,93,,4496.153846153846,standalone
379,Miller's Crossing,14000000.0,5080409,"['Drama', 'Thriller', 'Crime']",False,1990-09-21,7.459,1720,115,,-63.71136428571429,standalone
464502,Acrimony,20000000.0,34800000,"['Drama', 'Thriller']",False,2018-03-30,6.744,386,120,,74.0,standalone
6283,MouseHunt,38000000.0,122417389,"['Comedy', 'Family']",False,1997-12-19,6.544,1279,98,,222.15102368421054,standalone
1266,Street Kings,20000000.0,66476363,"['Action', 'Crime', 'Drama', 'Thriller']",True,2008-04-10,6.636,1562,109,Street Kings Collection,232.38181500000002,starter
11893,Runaway Train,9000000.0,7936012,"['Action', 'Thriller', 'Drama', 'Adventure']",False,1985-11-15,6.965,605,111,,-11.822088888888889,standalone
548,Rashomon,250000.0,117668,"['Crime', 'Drama', 'Mystery']",False,1950-08-26,8.059,2341,88,,-52.9328,standalone
24803,Julie & Julia,40000000.0,129500000,"['Romance', 'Drama']",False,2009-08-06,6.709,2130,123,,223.74999999999997,standalone
1643,Last Tango in Paris,1250000.0,36182181,"['Drama', 'Romance']",False,1972-12-15,6.938,1267,129,,2794.57448,standalone
429300,Adrift,35000000.0,59945012,"['Thriller', 'Romance', 'Adventure']",False,2018-05-31,6.839,2623,96,,71.27146285714285,standalone
13499,"Yours, Mine & Ours",45000000.0,72028752,"['Comedy', 'Family', 'Romance']",False,2005-11-23,6.174,847,90,,60.063893333333326,standalone
8874,My Best Friend's Wedding,38000000.0,299288605,"['Comedy', 'Romance']",False,1997-06-19,6.59,2738,105,,687.6015921052631,standalone
5919,The Towering Inferno,14000000.0,116000000,"['Action', 'Drama', 'Thriller']",False,1974-12-14,7.012,966,165,,728.5714285714286,standalone
647245,Reagan,25000000.0,30107173,"['History', 'Drama']",False,2024-08-29,6.227,88,141,,20.428692,standalone
12090,Just Married,18000000.0,101564935,"['Romance', 'Comedy']",False,2003-01-08,5.781,1392,95,,464.24963888888885,standalone
18329,Happy Together,125000.0,5000000,"['Drama', 'Romance']",False,1997-05-30,7.567,727,96,,3900.0,standalone
9696,Ichi the Killer,1400010.0,80631,"['Action', 'Crime', 'Horror']",True,2001-12-22,7.012,1020,129,Ichi Collection,-94.24068399511431,starter
11075,Audition,250000.0,359853,"['Horror', 'Drama']",False,2000-03-03,7.131,1622,115,,43.9412,standalone
960876,Dunki,239000000.0,501000000,"['Adventure', 'Comedy', 'Drama']",False,2023-12-21,6.208,84,159,,109.62343096234311,standalone
157544,The Vatican Tapes,13000000.0,1784763,"['Thriller', 'Horror']",False,2015-07-23,5.361,782,91,,-86.27105384615385,standalone
80035,The Watch,68000000.0,68267862,"['Comedy', 'Action', 'Science Fiction']",False,2012-07-26,5.595,2359,102,,0.3939147058823529,standalone
236,Muriel's Wedding,3000000.0,15119639,"['Comedy', 'Drama', 'Romance']",False,1994-09-29,6.839,465,106,,403.9879666666667,standalone
171274,Inherent Vice,20000000.0,14710975,"['Drama', 'Mystery', 'Comedy']",False,2014-12-12,6.54,2552,149,,-26.445125000000004,standalone
17610,Year One,60000000.0,62357900,"['Comedy', 'Adventure']",False,2009-06-18,4.978,1913,97,,3.9298333333333333,standalone
535544,Downton Abbey,20000000.0,194694725,"['Drama', 'Romance', 'History']",True,2019-09-12,7.147,1175,122,Downton Abbey Collection,873.473625,starter
13051,Max Payne,35000000.0,85416905,"['Crime', 'Action', 'Drama', 'Thriller', 'Mystery']",False,2008-10-15,5.381,2130,100,,144.04829999999998,standalone
500916,Primal,9000000.0,146863,"['Action', 'Adventure', 'Thriller']",False,2019-12-27,5.567,393,97,,-98.36818888888888,standalone
9708,The Wicker Man,40000000.0,38805380,"['Horror', 'Mystery', 'Thriller']",False,2006-08-31,4.316,1347,102,,-2.98655,standalone
993784,Lisa Frankenstein,13400000.0,9927714,"['Horror', 'Comedy', 'Romance']",False,2024-02-07,6.34,454,102,,-25.912582089552238,standalone
242310,Rage,15000000.0,2424381,"['Action', 'Crime', 'Thriller']",False,2014-05-09,5.287,767,98,,-83.83746,standalone
11470,Jason X,11000000.0,16951798,"['Horror', 'Science Fiction']",True,2001-11-09,4.865,1421,91,Friday the 13th Collection,54.107254545454545,subsequent
329833,Zoolander 2,50000000.0,56722693,"['Comedy', 'Adventure', 'Action']",True,2016-02-06,4.929,2278,100,Zoolander Collection,13.445386000000001,subsequent
1688,Conquest of the Planet of the Apes,1700000.0,9700000,"['Action', 'Science Fiction']",True,1972-06-29,6.162,1013,88,Planet of the Apes (Original) Collection,470.5882352941177,subsequent
20457,The Matchmaker,7000000.0,6000000,"['Comedy', 'Romance']",False,1997-10-03,6.2,47,97,,-14.285714285714285,standalone
6537,The Orphanage,3400000.0,78638987,"['Horror', 'Drama', 'Thriller']",False,2007-05-20,7.231,2951,105,,2212.911382352941,standalone
9542,The Hitcher,6000000.0,5844868,"['Horror', 'Action', 'Thriller']",True,1986-01-17,6.961,978,98,The Hitcher Collection,-2.5855333333333332,starter
146198,Triple 9,20000000.0,12600000,"['Action', 'Crime', 'Adventure', 'Thriller']",False,2016-02-19,5.978,2179,115,,-37.0,standalone
457335,Guns Akimbo,15000000.0,835102,"['Action', 'Comedy', 'Crime', 'Thriller']",False,2020-02-27,6.443,2399,98,,-94.43265333333333,standalone
18032,The Secret of Moonacre,32000000.0,7162618,"['Adventure', 'Fantasy', 'Romance']",False,2009-02-06,6.544,466,103,,-77.61681875000001,standalone
134411,Snitch,35000000.0,42930462,"['Thriller', 'Drama', 'Action']",False,2013-02-21,6.113,2390,112,,22.658462857142858,standalone
508763,A Dog's Way Home,18000000.0,17643857,"['Drama', 'Adventure', 'Family']",False,2019-01-10,7.372,1140,96,,-1.9785722222222222,standalone
256961,Paul Blart: Mall Cop 2,38000000.0,107597242,"['Action', 'Comedy', 'Family']",True,2015-04-16,5.162,1602,94,Mall Cop Collection,183.15063684210526,subsequent
572164,EXIT,10892000.0,69501772,"['Action', 'Comedy']",False,2019-07-31,7.65,263,103,,538.099265515975,standalone
9038,The Heartbreak Kid,60000000.0,128453183,"['Comedy', 'Romance']",False,2007-10-05,5.7,1664,116,,114.08863833333334,standalone
180863,T2 Trainspotting,18000000.0,41681746,"['Drama', 'Comedy', 'Crime']",True,2017-01-27,6.946,3203,117,Trainspotting Collection,131.56525555555555,subsequent
10761,Made of Honor,40000000.0,106407672,"['Comedy', 'Romance']",False,2008-04-30,6.454,1702,101,,166.01918,standalone
22907,Takers,32000000.0,80205382,"['Action', 'Crime', 'Drama', 'Thriller']",False,2010-08-26,6.228,1304,107,,150.64181875,standalone
11683,Land of the Dead,15000000.0,47074133,"['Horror', 'Science Fiction', 'Thriller']",True,2005-06-18,6.2,1643,93,Living Dead Collection,213.82755333333333,subsequent
1245,The Remains of the Day,11500000.0,23240144,"['Drama', 'Romance']",False,1993-11-05,7.365,1376,134,,102.08820869565218,standalone
351694,Monkey King: Hero Is Back,10000000.0,153000000,"['Fantasy', 'Animation', 'Comedy']",False,2015-07-10,6.915,276,89,,1430.0,standalone
37821,Killers,75000000.0,98159963,"['Action', 'Comedy', 'Thriller', 'Romance']",False,2010-06-04,5.957,2231,100,,30.879950666666666,standalone
293646,The 33,25000000.0,24900000,"['Drama', 'History']",False,2015-08-06,6.405,945,120,,-0.4,standalone
14756,Ip Man,11700000.0,22100000,"['Drama', 'Action', 'History']",True,2008-12-12,7.758,3883,106,Ip Man Collection,88.88888888888889,starter
2023,Hidalgo,100000000.0,108103450,"['Western', 'Adventure']",False,2004-02-04,6.891,1259,136,,8.103449999999999,standalone
9331,Clear and Present Danger,62000000.0,215887717,"['Action', 'Drama', 'Thriller']",True,1994-08-03,6.658,1567,141,The Jack Ryan Collection,248.2059951612903,subsequent
283587,Beasts of No Nation,6000000.0,9077700,"['Drama', 'War']",False,2015-09-11,7.594,1776,137,,51.295,standalone
387592,Early Man,50000000.0,53431158,"['Family', 'Comedy', 'Animation', 'Adventure']",False,2018-01-26,6.143,823,89,,6.862316,standalone
11780,Rob Roy,28000000.0,31600000,"['Adventure', 'History', 'Drama', 'Action', 'War']",False,1995-04-13,6.7,669,139,,12.857142857142856,standalone
24420,The Time Traveler's Wife,39000000.0,101344412,"['Drama', 'Romance', 'Fantasy']",False,2009-08-14,6.93,2551,108,,159.85746666666668,standalone
14553,Stealing Beauty,10000000.0,4800000,"['Drama', 'Romance']",False,1996-03-29,6.695,576,116,,-52.0,standalone
10012,Cursed,35000000.0,19300000,"['Horror', 'Comedy']",False,2005-02-25,5.426,725,99,,-44.857142857142854,standalone
416144,Hotel Mumbai,25000000.0,16900000,"['Thriller', 'History', 'Drama', 'Action']",False,2019-03-14,7.54,1623,123,,-32.4,standalone
424781,Sorry to Bother You,3200000.0,18200000,"['Fantasy', 'Science Fiction', 'Comedy']",False,2018-07-06,6.804,1619,112,,468.75,standalone
446807,The Girl in the Spider's Web,43000000.0,35164920,"['Action', 'Crime', 'Thriller']",True,2018-10-25,6.147,1417,115,The Girl - Millennium Collection,-18.22111627906977,subsequent
1241592,Khel Khel Mein,11760000.0,6680000,"['Comedy', 'Drama']",False,2024-08-15,5.75,18,135,,-43.197278911564624,standalone
17917,Oliver!,10000000.0,37400000,"['Drama', 'Family']",False,1968-09-26,7.022,446,153,,274.0,standalone
28510,Universal Soldier: Regeneration,14000000.0,844447,"['Adventure', 'Action', 'Science Fiction', 'Thriller']",True,2009-10-01,5.627,479,97,Universal Soldier Collection,-93.96823571428573,subsequent
6038,Shanghai Knights,50000000.0,88323487,"['Action', 'Adventure', 'Comedy', 'Western']",True,2003-02-06,6.137,2317,115,Shanghai Noon Collection,76.646974,subsequent
32740,Krrish,5000000.0,16000000,"['Action', 'Science Fiction']",True,2006-06-23,6.412,250,174,Krrish Collection,220.00000000000003,starter
318917,Look Who's Back,3196621.0,25513752,['Comedy'],False,2015-10-08,6.782,1839,116,,698.1475439221603,standalone
8974,The War of the Worlds,2000000.0,2000000,"['Science Fiction', 'Action']",False,1953-08-13,6.812,653,85,,0.0,standalone
82,Miami Vice,135000000.0,163800000,"['Action', 'Crime', 'Thriller']",False,2006-07-27,6.012,1842,132,,21.333333333333336,standalone
468,My Own Private Idaho,2500000.0,6400000,['Drama'],False,1991-02-01,7.063,1160,104,,156.0,standalone
525661,Bombshell,32000000.0,61404394,['Drama'],False,2019-12-13,6.8,3053,109,,91.88873125,standalone
8452,The 6th Day,82000000.0,96085477,"['Science Fiction', 'Action', 'Mystery', 'Drama', 'Thriller']",False,2000-11-17,5.992,2105,123,,17.177410975609757,standalone
10468,28 Days,43000000.0,62198945,"['Comedy', 'Drama']",False,2000-04-06,6.152,1025,103,,44.64870930232558,standalone
397422,Rough Night,20000000.0,45056771,"['Drama', 'Comedy']",False,2017-06-15,5.672,2028,101,,125.28385500000002,standalone
6620,Sabrina,2239000.0,10000000,"['Comedy', 'Romance', 'Drama']",False,1954-09-10,7.509,1279,113,,346.6279589102278,standalone
2619,Splash,8000000.0,69800000,"['Comedy', 'Romance', 'Fantasy']",True,1984-03-09,6.254,1396,111,Splash Collection,772.5,starter
3179,Beavis and Butt-Head Do America,12000000.0,63118386,"['Animation', 'Comedy', 'Adventure', 'Crime', 'Music']",True,1996-12-20,6.64,725,81,Beavis and Butt-Head Collection,425.98655,starter
5516,The Ladykillers,35000000.0,76700000,"['Comedy', 'Crime', 'Thriller']",False,2004-03-25,6.13,1645,104,,119.14285714285715,standalone
4538,The Darjeeling Limited,16000000.0,24377151,"['Adventure', 'Drama', 'Comedy']",True,2007-09-07,7.2,3690,92,The Darjeeling Limited Collection,52.35719375,starter
1125,Dreamgirls,70000000.0,154937680,"['Drama', 'Music']",False,2006-12-25,6.734,1032,130,,121.33954285714286,standalone
555285,"Are You There God? It's Me, Margaret.",30000000.0,21800000,"['Comedy', 'Drama']",False,2023-03-29,7.245,426,107,,-27.333333333333332,standalone
336004,Heist,8900000.0,4100000,"['Action', 'Crime', 'Thriller']",False,2015-11-13,6.121,950,93,,-53.93258426966292,standalone
298382,The Dressmaker,11930000.0,25003426,"['Drama', 'Comedy', 'Western']",False,2015-10-29,7.004,1690,118,,109.58445934618608,standalone
9731,Friday the 13th: A New Beginning,2200000.0,21930418,"['Horror', 'Thriller']",True,1985-03-22,5.3,1210,92,Friday the 13th Collection,896.8371818181819,subsequent
635731,Pig,3000000.0,4638959,"['Drama', 'Mystery', 'Thriller']",False,2021-07-16,6.659,1551,92,,54.63196666666666,standalone
10336,Spawn,40000000.0,87840042,"['Action', 'Adventure', 'Fantasy', 'Horror', 'Science Fiction', 'Thriller']",False,1997-07-31,5.421,1388,96,,119.600105,standalone
14372,Leviathan,25000000.0,15704614,"['Adventure', 'Horror', 'Thriller', 'Science Fiction']",False,1989-03-17,5.968,516,98,,-37.181544,standalone
11708,Chitty Chitty Bang Bang,10000000.0,7500445,"['Family', 'Music', 'Adventure', 'Fantasy', 'Comedy']",False,1968-12-17,6.804,692,144,,-24.99555,standalone
625568,Unhinged,33000000.0,39238300,"['Action', 'Thriller', 'Horror']",False,2020-07-16,6.44,2363,90,,18.903939393939396,standalone
13944,Passengers,25000000.0,2000000,"['Drama', 'Mystery', 'Thriller', 'Romance']",False,2008-09-26,6.113,937,93,,-92.0,standalone
5955,The Pledge,35000000.0,29419291,"['Crime', 'Drama', 'Mystery', 'Thriller']",False,2001-01-19,6.571,1111,123,,-15.944882857142856,standalone
486131,Shaft,30000000.0,21360215,"['Action', 'Crime', 'Comedy', 'Mystery']",True,2019-06-14,6.541,1766,111,Shaft (Reboot) Collection,-28.79928333333333,subsequent
9955,Blades of Glory,53000000.0,118200000,['Comedy'],False,2007-03-30,6.114,1798,93,,123.0188679245283,standalone
9430,Go,6500000.0,28451622,"['Crime', 'Comedy', 'Thriller']",False,1999-04-09,6.984,760,98,,337.71726153846157,standalone
1152014,A Little Something Extra,6400000.0,84058132,['Comedy'],False,2024-04-18,7.127,753,89,,1213.4083125,standalone
949716,Vidaamuyarchi,21700000.0,15900000,"['Action', 'Drama', 'Mystery', 'Thriller', 'Crime']",False,2025-02-06,6.1,19,151,,-26.72811059907834,standalone
2977,Becoming Jane,16500000.0,37311672,"['Romance', 'Drama']",False,2007-03-02,7.304,1195,120,,126.13134545454545,standalone
15159,The Pink Panther 2,70000000.0,75871032,"['Comedy', 'Mystery']",True,2009-02-06,5.745,1159,92,The Pink Panther (Steve Martin) Collection,8.387188571428572,subsequent
2043,Along Came a Spider,60000000.0,105200000,"['Crime', 'Mystery', 'Thriller', 'Action']",True,2001-04-06,6.329,1905,104,Alex Cross Collection,75.33333333333333,subsequent
418078,It Comes at Night,5000000.0,19280931,"['Drama', 'Horror', 'Mystery']",False,2017-06-09,5.863,2485,91,,285.61861999999996,standalone
1807,Elephant,3000000.0,10000000,"['Crime', 'Drama']",False,2003-09-20,7.061,1973,81,,233.33333333333334,standalone
956964,Consent,3700000.0,4710394,"['History', 'Drama']",False,2023-10-11,6.854,209,119,,27.307945945945946,standalone
417384,Scary Stories to Tell in the Dark,25000000.0,104545505,"['Horror', 'Adventure', 'Mystery']",True,2019-08-08,6.5,2720,108,Scary Stories to Tell in the Dark Collection,318.18202,starter
9676,The Black Dahlia,50000000.0,49111202,"['Crime', 'Thriller', 'Drama']",False,2006-09-15,5.637,1140,121,,-1.777596,standalone
738652,Copshop,43500000.0,6807158,"['Thriller', 'Crime', 'Action']",False,2021-09-09,6.283,816,108,,-84.35136091954023,standalone
10715,Looney Tunes: Back in Action,80000000.0,68500000,"['Animation', 'Comedy', 'Family']",False,2003-11-14,6.3,1539,91,,-14.374999999999998,standalone
58857,13 Assassins,6000000.0,17555141,"['Adventure', 'Drama', 'Action']",False,2010-09-25,7.3,1176,141,,192.58568333333332,standalone
542224,Gretel & Hansel,5000000.0,22304357,"['Horror', 'Fantasy']",False,2020-01-30,5.992,1472,87,,346.08714,standalone
33909,Wall Street: Money Never Sleeps,70000000.0,134748021,"['Drama', 'Crime']",True,2010-09-20,6.083,1575,133,Wall Street Collection,92.49717285714286,subsequent
12589,Jimmy Neutron: Boy Genius,25000000.0,80936232,"['Family', 'Comedy', 'Adventure', 'Animation', 'Science Fiction']",False,2001-12-14,6.034,942,82,,223.744928,standalone
13809,RocknRolla,18000000.0,25740863,"['Action', 'Crime', 'Thriller']",False,2008-09-04,6.953,3061,114,,43.00479444444444,standalone
1029827,Drishyam 2,7200000.0,41000000,"['Crime', 'Thriller', 'Drama', 'Mystery']",True,2022-11-18,7.946,83,140,Drishyam Collection,469.44444444444446,starter
11081,Taking Lives,45000000.0,65470529,['Thriller'],False,2004-03-19,6.379,1645,103,,45.49006444444444,standalone
551804,Freaky,5000000.0,15100000,"['Horror', 'Comedy']",False,2020-11-12,6.563,1699,102,,202.0,standalone
844417,Marlowe,20000000.0,6262663,['Crime'],False,2023-02-15,5.762,397,109,,-68.686685,standalone
9064,Hellbound: Hellraiser II,3000000.0,12090735,"['Horror', 'Thriller', 'Fantasy']",True,1988-12-23,6.417,1155,97,Hellraiser Collection,303.0245,subsequent
5967,The Umbrellas of Cherbourg,200000.0,7600000,"['Drama', 'Romance']",False,1964-02-19,7.393,828,92,,3700.0,standalone
271969,Ben-Hur,100000000.0,94061311,"['Action', 'History', 'Adventure', 'Drama']",False,2016-08-17,5.751,1705,125,,-5.938689,standalone
16296,Killer Klowns from Outer Space,1800000.0,43625095,"['Comedy', 'Horror', 'Science Fiction']",False,1988-05-27,6.603,1071,86,,2323.616388888889,standalone
41515,Yogi Bear,80000000.0,203509374,"['Comedy', 'Family', 'Animation', 'Adventure']",False,2010-12-17,5.568,903,80,,154.3867175,standalone
439015,Slender Man,10000000.0,51738549,"['Horror', 'Mystery', 'Thriller']",False,2018-05-17,4.294,2062,93,,417.38549,standalone
10052,Dragonfly,60000000.0,52322400,"['Thriller', 'Fantasy', 'Mystery', 'Horror', 'Romance', 'Drama']",False,2002-02-22,6.541,882,104,,-12.796,standalone
68727,Trance,20000000.0,24300000,"['Thriller', 'Crime', 'Drama', 'Mystery']",False,2013-03-27,6.622,2231,101,,21.5,standalone
666,Central Station,2900000.0,5596708,['Drama'],False,1998-04-03,8.1,970,110,,92.98993103448275,standalone
381890,The Mermaid,60720000.0,553810228,"['Comedy', 'Fantasy', 'Romance']",False,2016-02-08,6.535,447,93,,812.0721805006588,standalone
10837,DuckTales: The Movie - Treasure of the Lost Lamp,20000000.0,18115724,"['Adventure', 'Animation', 'Family', 'Comedy', 'Fantasy']",False,1990-08-03,6.726,897,74,,-9.42138,standalone
244506,Camp X-Ray,1000000.0,59744,['Drama'],False,2014-10-17,6.733,1047,117,,-94.0256,standalone
12573,A Serious Man,7000000.0,31400000,"['Comedy', 'Drama']",False,2009-10-02,6.717,2188,106,,348.57142857142856,standalone
330483,The Choice,10000000.0,23730891,"['Drama', 'Romance']",False,2016-02-04,7.204,1920,111,,137.30891,standalone
958006,The Kill Room,50000000.0,476375,"['Comedy', 'Crime']",False,2023-09-14,6.0,257,98,,-99.04724999999999,standalone
43933,Monsters,500000.0,5639730,"['Drama', 'Thriller', 'Science Fiction']",True,2010-06-18,6.222,1647,94,Monsters Collection,1027.946,starter
13920,Radio,35000000.0,53293628,['Drama'],False,2003-10-24,7.309,771,109,,52.267508571428564,standalone
11974,The 'Burbs,18000000.0,49100000,"['Comedy', 'Horror', 'Thriller']",False,1989-02-17,6.766,1274,102,,172.77777777777777,standalone
2604,Born on the Fourth of July,14000000.0,161001698,"['Drama', 'War']",False,1989-12-20,7.015,1777,145,,1050.0121285714285,standalone
1208735,Thandel,6400000.0,20000000,"['Romance', 'Action', 'Drama', 'Thriller']",False,2025-02-07,6.7,12,152,,212.5,standalone
77866,Contraband,25000000.0,96262212,"['Thriller', 'Action', 'Drama', 'Crime']",False,2012-01-12,6.332,2101,109,,285.048848,standalone
9549,The Right Stuff,27000000.0,21500000,"['Drama', 'History', 'Adventure']",False,1983-10-20,7.436,906,193,,-20.37037037037037,standalone
12780,Iron Monkey,11000000.0,14694904,"['Action', 'Crime', 'Drama']",True,1993-09-03,7.427,307,90,Iron Monkey Collection,33.590036363636365,starter
1712,Giant,5400000.0,32855818,"['Drama', 'Western']",False,1956-11-08,7.608,715,201,,508.4410740740741,standalone
60599,Arbitrage,12000000.0,35500000,"['Drama', 'Thriller']",False,2012-09-14,6.315,879,100,,195.83333333333331,standalone
457136,Mary Queen of Scots,25000000.0,46712809,"['Drama', 'History']",False,2018-12-07,6.6,1834,124,,86.851236,standalone
11132,Confessions of a Teenage Drama Queen,15000000.0,29331068,['Comedy'],False,2004-02-17,5.698,916,89,,95.54045333333333,standalone
34647,Enter the Void,13000000.0,754249,"['Fantasy', 'Drama']",False,2010-05-05,7.303,1867,161,,-94.19808461538462,standalone
430040,The Hurricane Heist,35000000.0,32517248,"['Action', 'Adventure', 'Crime', 'Thriller']",False,2018-02-28,5.684,1036,103,,-7.093577142857142,standalone
465136,Every Day,4900000.0,10400000,"['Romance', 'Fantasy']",False,2018-02-22,7.248,2253,97,,112.24489795918366,standalone
145220,Muppets Most Wanted,50000000.0,80400000,"['Comedy', 'Adventure', 'Crime', 'Family']",True,2014-03-20,6.298,856,107,The Muppets Collection,60.8,subsequent
2028,Say Anything...,16000000.0,20036737,"['Romance', 'Comedy', 'Drama']",False,1989-04-14,7.042,1036,100,,25.229606249999996,standalone
71668,Piranha 3DD,5000000.0,8493728,"['Horror', 'Thriller', 'Comedy']",True,2012-05-11,4.317,1093,83,Piranha 3D Collection,69.87456,subsequent
23202,Trick 'r Treat,12000000.0,27909,"['Horror', 'Comedy']",True,2007-12-09,6.994,1940,82,Trick 'r Treat Collection,-99.767425,starter
10141,Dirty Rotten Scoundrels,6500000.0,42000000,"['Crime', 'Comedy']",False,1988-12-14,7.097,921,110,,546.1538461538462,standalone
1648,Bill & Ted's Excellent Adventure,10000000.0,40510984,"['Adventure', 'Comedy', 'Science Fiction']",True,1989-02-17,6.859,1937,90,Bill & Ted Collection,305.10983999999996,starter
734002,The Peasants,7475000.0,10064347,"['Animation', 'History', 'Drama']",False,2023-10-13,7.6,134,115,,34.640093645484946,standalone
11597,Toys,50000000.0,23278931,"['Family', 'Fantasy', 'Comedy', 'Science Fiction']",False,1992-12-18,5.291,562,122,,-53.44213799999999,standalone
9327,The Nutty Professor,54000000.0,128769345,"['Fantasy', 'Comedy', 'Romance', 'Science Fiction']",True,1996-06-28,5.642,2971,95,The Nutty Professor Collection,138.46175,starter
1931,Stomp the Yard,13000000.0,75511123,"['Drama', 'Music']",True,2007-05-16,7.08,477,114,Stomp the Yard Collection,480.8547923076923,starter
168530,Ride Along,25000000.0,153997819,"['Action', 'Comedy']",True,2014-01-07,6.266,2308,99,Ride Along Collection,515.991276,starter
10160,A Nightmare on Elm Street: The Dream Child,8000000.0,22168359,"['Horror', 'Thriller']",True,1989-08-11,5.408,1329,90,A Nightmare on Elm Street Collection,177.1044875,subsequent
284293,Still Alice,5000000.0,44779195,['Drama'],False,2014-12-05,7.479,3144,100,,795.5839,standalone
13497,Drumline,20000000.0,57600000,"['Drama', 'Romance', 'Comedy', 'Music']",True,2002-12-13,6.856,526,118,Drumline Collection,188.0,starter
27579,The American,20000000.0,67900000,"['Crime', 'Drama', 'Thriller']",False,2010-08-31,5.972,1399,104,,239.5,standalone
10073,Date Movie,20000000.0,85749034,"['Comedy', 'Romance']",False,2006-02-17,4.257,1007,83,,328.74517000000003,standalone
801,"Good Morning, Vietnam",13000000.0,123922370,"['Comedy', 'Drama', 'War']",False,1987-12-23,7.308,2832,121,,853.2489999999999,standalone
370964,I Am Dragon,18000000.0,10495305,"['Fantasy', 'Romance']",False,2015-12-03,7.2,387,110,,-41.692750000000004,standalone
10633,In the Heat of the Night,2000000.0,27379978,"['Crime', 'Drama', 'Mystery', 'Thriller']",True,1967-08-02,7.65,1151,109,Virgil Tibbs Trilogy,1268.9989,starter
9359,Maverick,75000000.0,183031272,"['Action', 'Adventure', 'Comedy', 'Drama', 'Western']",False,1994-05-20,6.889,1652,127,,144.041696,standalone
9569,Hard to Kill,10000000.0,47410000,"['Action', 'Drama', 'Crime', 'Thriller']",False,1990-02-09,5.99,627,95,,374.1,standalone
262391,Serial (Bad) Weddings,13000000.0,176404493,['Comedy'],True,2014-04-16,6.664,3440,94,Serial (Bad) Weddings Collection,1256.9576384615384,starter
167073,Brooklyn,11000000.0,62076141,"['Romance', 'Drama', 'History']",False,2015-10-20,7.316,3145,111,,464.3285545454545,standalone
616651,Stillwater,20000000.0,19754272,"['Drama', 'Crime', 'Thriller']",False,2021-07-29,6.625,1301,139,,-1.22864,standalone
302156,Criminal,31500000.0,14708696,"['Action', 'Crime', 'Science Fiction']",False,2016-04-07,6.206,1780,113,,-53.30572698412699,standalone
980078,Winnie the Pooh: Blood and Honey,100000.0,7717044,"['Horror', 'Thriller']",True,2023-01-26,5.031,1470,84,Winnie-the-Pooh (Horror) Collection,7617.044,starter
401469,Widows,42000000.0,73900000,"['Crime', 'Thriller', 'Drama']",False,2018-11-06,6.49,2349,129,,75.95238095238095,standalone
300681,Replicas,30000000.0,8100000,"['Science Fiction', 'Thriller', 'Drama']",False,2018-10-25,6.038,1404,107,,-73.0,standalone
11639,The Dark Crystal,15000000.0,40600000,"['Adventure', 'Family', 'Fantasy']",False,1982-12-17,7.1,1175,93,,170.66666666666669,standalone
6069,The Witches of Eastwick,22000000.0,63766510,"['Comedy', 'Fantasy', 'Horror']",False,1987-06-12,6.547,1448,118,,189.84777272727274,standalone
14370,Real Genius,8000000.0,12952019,"['Comedy', 'Romance', 'Science Fiction']",False,1985-08-07,6.7,459,106,,61.9002375,standalone
77930,Magic Mike,7000000.0,167200000,"['Drama', 'Comedy']",True,2012-06-28,6.168,2985,110,Magic Mike Collection,2288.5714285714284,starter
5820,The Sentinel,60000000.0,78810595,"['Action', 'Thriller', 'Crime']",False,2006-04-19,6.061,837,108,,31.350991666666665,standalone
999582,Babes,3700000.0,3663309,['Comedy'],False,2024-05-17,6.052,67,104,,-0.9916486486486487,standalone
986070,The Wrath of Becky,199507.0,207118,"['Action', 'Horror', 'Thriller']",True,2023-05-26,6.3,388,83,Becky Collection,3.814903737713464,subsequent
243,High Fidelity,30000000.0,47100000,"['Drama', 'Comedy', 'Romance', 'Music']",False,2000-03-17,7.119,2068,113,,56.99999999999999,standalone
14164,Dragonball Evolution,30000000.0,58228460,"['Action', 'Adventure', 'Fantasy', 'Science Fiction', 'Thriller']",False,2009-03-12,2.906,2100,85,,94.09486666666666,standalone
1016848,The Front Room,3500000.0,3165361,['Horror'],False,2024-09-05,5.356,94,95,,-9.561114285714286,standalone
2525,The Bible: In the Beginning...,16500000.0,34900000,"['Adventure', 'History', 'Drama']",False,1966-09-28,7.3,261,175,,111.51515151515153,standalone
210860,Mortdecai,60000000.0,47318560,"['Comedy', 'Adventure']",False,2015-01-21,5.515,2679,107,,-21.135733333333334,standalone
401513,Attraction,5027266.0,19454845,"['Drama', 'Romance', 'Science Fiction', 'Adventure']",True,2017-01-26,6.673,848,117,Attraction Collection,286.98658475600854,starter
1480,Touch of Evil,829000.0,2247500,"['Crime', 'Thriller']",False,1958-03-30,7.761,1494,111,,171.10977080820265,standalone
371638,The Disaster Artist,10000000.0,29820616,"['Comedy', 'Drama']",False,2017-03-12,7.108,3600,104,,198.20616,standalone
42297,Burlesque,55000000.0,89500000,"['Drama', 'Romance']",False,2010-11-23,7.209,2285,119,,62.727272727272734,standalone
14564,Rings,25000000.0,83080890,['Horror'],True,2017-02-01,4.997,2529,102,The Ring Collection,232.32356,subsequent
85621,Men in Hope,1130710.0,6638849,"['Comedy', 'Romance']",False,2011-08-25,7.4,168,115,,487.13985018262866,standalone
9816,Save the Last Dance,13000000.0,131706809,"['Drama', 'Family', 'Romance', 'Music']",True,2001-01-12,6.529,1293,113,Save the Last Dance Collection,913.1293,starter
821,Judgment at Nuremberg,3000000.0,10000000,"['Drama', 'History']",False,1961-12-18,8.032,850,191,,233.33333333333334,standalone
524348,The Report,8000000.0,275000,['Drama'],False,2019-09-12,7.038,1072,119,,-96.5625,standalone
14811,Fiddler on the Roof,9000000.0,83304330,"['Drama', 'Romance']",False,1971-11-03,7.711,596,181,,825.6036666666666,standalone
11524,Thief,5500000.0,11494812,"['Crime', 'Thriller', 'Drama']",False,1981-03-27,7.2,748,123,,108.99658181818181,standalone
2114,Final Fantasy: The Spirits Within,137000000.0,85131830,"['Adventure', 'Action', 'Fantasy', 'Science Fiction', 'Thriller', 'Romance', 'Animation']",False,2001-07-02,6.197,1510,106,,-37.85997810218978,standalone
5236,Kiss Kiss Bang Bang,15000000.0,15785148,"['Comedy', 'Crime', 'Mystery', 'Thriller']",False,2005-09-14,7.168,2799,103,,5.23432,standalone
9957,The Benchwarmers,33000000.0,65000000,['Comedy'],True,2006-04-07,5.856,898,85,The Benchwarmers Collection,96.96969696969697,starter
8066,Stay,50000000.0,8342132,"['Mystery', 'Thriller', 'Drama']",False,2005-09-24,6.595,1393,99,,-83.315736,standalone
16314,3 Ninjas,6500000.0,29000301,"['Family', 'Action', 'Adventure', 'Comedy']",True,1992-08-07,5.676,448,96,3 Ninja Kids Collection,346.15847692307693,starter
347031,Swiss Army Man,3000000.0,5800000,"['Comedy', 'Drama', 'Romance', 'Fantasy', 'Adventure']",False,2016-06-24,6.93,3599,97,,93.33333333333333,standalone
2671,Ring,1200000.0,19400000,"['Horror', 'Thriller']",True,1998-01-31,7.1,1503,96,Ring Collection,1516.6666666666665,starter
22073,Hoodlum,30000000.0,23461013,"['Crime', 'Drama']",False,1997-08-27,6.394,207,130,,-21.796623333333333,standalone
926,Galaxy Quest,45000000.0,90683916,"['Comedy', 'Science Fiction', 'Adventure']",False,1999-12-25,7.069,2349,101,,101.51981333333333,standalone
2665,Airplane II: The Sequel,15000000.0,27150534,['Comedy'],True,1982-12-10,6.103,1163,85,Airplane Collection,81.00356,subsequent
10587,Police Academy 4: Citizens on Patrol,17000000.0,76800000,"['Comedy', 'Crime']",True,1987-04-02,5.518,1196,88,Police Academy Collection,351.7647058823529,subsequent
980599,Bhool Bhulaiyaa 3,17600000.0,45700000,"['Horror', 'Comedy']",True,2024-11-01,5.72,25,158,Bhool Bhulaiyaa Collection,159.6590909090909,starter
366672,Paws of Fury: The Legend of Hank,45000000.0,42500000,"['Animation', 'Adventure', 'Comedy', 'Family']",False,2022-07-14,6.6,313,94,,-5.555555555555555,standalone
1000866,The Marching Band,6100000.0,14870849,"['Comedy', 'Drama', 'Music']",False,2024-11-27,7.407,291,103,,143.78440983606558,standalone
36819,Time Bandits,5000000.0,42365581,"['Family', 'Fantasy', 'Science Fiction', 'Adventure', 'Comedy']",False,1981-07-13,6.595,1061,116,,747.31162,standalone
11543,Kingpin,27000000.0,25023434,['Comedy'],False,1996-07-04,6.503,901,114,,-7.320614814814815,standalone
10285,Jason Goes to Hell: The Final Friday,3000000.0,15935068,"['Horror', 'Thriller']",True,1993-08-13,4.6,1039,88,Friday the 13th Collection,431.16893333333337,subsequent
9208,Broken Arrow,50000000.0,150300000,"['Action', 'Thriller']",False,1996-02-09,6.056,1573,108,,200.59999999999997,standalone
818110,The Magic Flute,6500000.0,492000,"['Adventure', 'Fantasy', 'Music', 'Family']",False,2022-09-30,6.4,116,125,,-92.43076923076923,standalone
758336,Love Again,9000000.0,10000000,"['Romance', 'Drama', 'Comedy']",False,2023-05-04,6.754,427,104,,11.11111111111111,standalone
13001,Stargate: The Ark of Truth,7000000.0,8900000,"['Action', 'Adventure', 'Science Fiction']",True,2008-03-11,7.134,528,101,Stargate SG-1 Collection,27.142857142857142,starter
10025,Just My Luck,28000000.0,38159905,"['Comedy', 'Drama', 'Family', 'Fantasy', 'Romance']",False,2006-05-12,6.165,1935,103,,36.285374999999995,standalone
2800,Rumor Has It...,70000000.0,88900000,"['Comedy', 'Romance']",False,2005-12-22,5.666,1187,97,,27.0,standalone
9890,The Stepford Wives,90000000.0,102000000,"['Comedy', 'Science Fiction', 'Horror']",False,2004-06-10,5.686,1351,93,,13.333333333333334,standalone
7461,Vantage Point,40000000.0,152039882,"['Drama', 'Action', 'Thriller', 'Crime']",False,2008-02-01,6.397,2059,90,,280.099705,standalone
2616,Uncle Buck,15000000.0,79300000,"['Comedy', 'Drama', 'Family']",False,1989-08-16,6.78,1237,100,,428.6666666666667,standalone
380124,Boo! A Madea Halloween,20000000.0,74827344,['Comedy'],True,2016-10-21,5.8,421,103,Madea Collection,274.13672,subsequent
23742,Cop Out,30000000.0,55600000,"['Action', 'Comedy', 'Crime']",False,2010-02-26,5.557,1541,107,,85.33333333333334,standalone
287590,Saint Seiya: Legend of Sanctuary,8000000.0,17150803,"['Action', 'Animation', 'Fantasy']",True,2014-06-21,6.64,702,93,Saint Seiya Collection,114.3850375,starter
12107,Nutty Professor II: The Klumps,84000000.0,123307945,"['Fantasy', 'Comedy', 'Romance', 'Science Fiction']",True,2000-07-27,5.007,1337,107,The Nutty Professor Collection,46.79517261904762,subsequent
335777,The Nut Job 2: Nutty by Nature,40000000.0,68743485,"['Animation', 'Family', 'Adventure', 'Comedy']",True,2017-08-11,6.121,445,91,The Nut Job Collection,71.8587125,subsequent
149871,The Tale of The Princess Kaguya,49300000.0,24366656,"['Animation', 'Drama', 'Fantasy']",False,2013-11-23,8.081,1863,137,,-50.574734279918864,standalone
916,Bullitt,5500000.0,42300000,"['Action', 'Crime', 'Thriller', 'Romance', 'Drama']",False,1968-10-17,7.15,1198,113,,669.090909090909,standalone
2135,The Time Machine,80000000.0,123700000,"['Science Fiction', 'Adventure', 'Action']",False,2002-03-04,6.28,2354,96,,54.625,standalone
75638,Red Lights,14000000.0,13551174,['Thriller'],False,2012-03-02,6.19,1302,114,,-3.2058999999999997,standalone
46420,The Loved Ones,4000000.0,358399,['Horror'],False,2010-08-04,6.662,773,84,,-91.040025,standalone
9037,Grease 2,13200000.0,15172313,"['Comedy', 'Music', 'Romance']",True,1982-06-11,5.175,695,115,Grease Collection,14.941765151515153,subsequent
1832,Dogma,10000000.0,33535478,"['Fantasy', 'Comedy', 'Adventure']",False,1999-10-04,6.93,2619,130,,235.35477999999998,standalone
942922,80 for Brady,28000000.0,29637811,"['Comedy', 'Drama']",False,2023-02-03,6.292,178,98,,5.849324999999999,standalone
1251621,Waves,3500000.0,8405432,"['Thriller', 'Drama', 'History']",False,2024-08-01,7.57,44,131,,140.15519999999998,standalone
393519,Raw,3500000.0,4100000,"['Horror', 'Drama']",False,2016-11-11,7.047,3265,99,,17.142857142857142,standalone
11281,Halloween II,2500000.0,25533818,"['Horror', 'Thriller']",True,1981-10-30,6.578,2119,92,Halloween Collection,921.35272,subsequent
664341,Eileen,16000000.0,1560142,['Thriller'],False,2023-12-01,5.964,295,98,,-90.2491125,standalone
16,Dancer in the Dark,12500000.0,40061153,"['Drama', 'Crime']",False,2000-09-01,7.9,1876,140,,220.489224,standalone
9564,Asterix & Obelix Take on Caesar,48500000.0,101644060,"['Family', 'Adventure', 'Comedy', 'Fantasy']",True,1999-02-03,6.006,1945,109,Asterix & Obelix Live-action Collection,109.57538144329897,starter
1198208,Veera Dheera Sooran: Part 2,6441957.0,7261843,"['Action', 'Crime', 'Drama', 'Thriller']",False,2025-03-27,7.25,16,162,,12.727281476731372,standalone
4518,Elizabeth,30000000.0,82150642,"['Drama', 'History']",True,1998-09-13,7.168,1420,124,Elizabeth Collection,173.83547333333334,starter
711,Finding Forrester,43000000.0,80100000,"['Drama', 'History']",False,2000-12-21,7.1,1128,136,,86.27906976744187,standalone
4960,"Synecdoche, New York",20000000.0,4383538,['Drama'],False,2008-10-24,7.6,1472,124,,-78.08230999999999,standalone
22843,Evangelion: 2.0 You Can (Not) Advance,10000000.0,44339362,"['Animation', 'Science Fiction', 'Action', 'Drama']",True,2009-06-26,7.801,915,112,Rebuild of Evangelion Collection,343.39362,subsequent
4929,Hang 'em High,1800000.0,6800000,"['Western', 'Drama']",False,1968-04-12,6.857,790,114,,277.77777777777777,standalone
551271,Medieval,23000000.0,4311284,"['Action', 'Drama', 'History']",False,2022-09-08,6.931,496,126,,-81.25528695652174,standalone
4442,The Brothers Grimm,88000000.0,105300000,"['Adventure', 'Fantasy', 'Action', 'Comedy', 'Thriller']",False,2005-08-26,5.842,2805,118,,19.65909090909091,standalone
1523,The Last King of Scotland,6000000.0,48600000,['Drama'],False,2006-01-12,7.421,2212,123,,710.0,standalone
356305,Why Him?,38000000.0,118102725,['Comedy'],False,2016-12-22,6.389,4244,111,,210.79664473684213,standalone
44040,Devil,10000000.0,33583175,"['Horror', 'Mystery', 'Thriller']",False,2010-09-16,6.091,2946,80,,235.83175,standalone
273895,Selma,20000000.0,66787908,"['History', 'Drama']",False,2014-12-25,7.392,2238,127,,233.93954,standalone
9529,Candyman,6000000.0,25792310,"['Drama', 'Horror', 'Thriller']",True,1992-10-16,6.626,1674,100,Candyman Collection,329.87183333333337,starter
4771,Gone Baby Gone,19000000.0,34600000,"['Crime', 'Drama', 'Mystery']",False,2007-09-18,7.307,3907,113,,82.10526315789474,standalone
1639,Speed 2: Cruise Control,160000000.0,164508066,"['Action', 'Adventure', 'Thriller', 'Romance', 'Drama']",True,1997-06-13,4.614,1689,125,Speed Collection,2.81754125,subsequent
129139,The To Do List,1500000.0,3566225,"['Comedy', 'Romance']",False,2013-07-24,5.782,1036,104,,137.74833333333333,standalone
962,The Gold Rush,923000.0,4000000,"['Adventure', 'Comedy', 'Drama']",False,1925-07-13,7.983,1680,95,,333.3694474539545,standalone
811945,HIT: The 2nd Case,1800000.0,5000000,"['Crime', 'Thriller', 'Action']",True,2022-12-01,6.97,33,124,HIT Verse,177.77777777777777,starter
384682,Office Christmas Party,45000000.0,114500000,['Comedy'],False,2016-11-25,5.693,2110,105,,154.44444444444446,standalone
185008,Yeh Jawaani Hai Deewani,7700000.0,46000000,"['Romance', 'Comedy']",False,2013-05-31,7.262,273,160,,497.4025974025974,standalone
589754,The Last Warrior: Root of Evil,8400000.0,27658331,"['Fantasy', 'Adventure', 'Comedy']",True,2020-12-24,6.749,191,120,The Last Warrior (Collection),229.26584523809527,subsequent
175574,Free Birds,55000000.0,110000000,"['Animation', 'Comedy', 'Family']",False,2013-10-30,5.895,808,91,,100.0,standalone
88042,Parental Guidance,25000000.0,119772232,['Comedy'],False,2012-12-25,5.971,465,104,,379.088928,standalone
15739,Annie,35000000.0,57063861,"['Comedy', 'Drama', 'Family']",True,1982-05-21,6.548,726,127,Annie Collection,63.03960285714286,starter
218836,Planes: Fire & Rescue,50000000.0,151165787,"['Animation', 'Comedy', 'Adventure', 'Family']",True,2014-07-17,6.198,873,83,Planes Collection,202.33157400000002,subsequent
341012,Popstar: Never Stop Never Stopping,20000000.0,9500000,"['Comedy', 'Music']",False,2016-06-03,6.615,1279,86,,-52.5,standalone
321697,Steve Jobs,30000000.0,34400000,"['Drama', 'History']",False,2015-10-09,6.8,4204,122,,14.666666666666666,standalone
70578,Trespass,36000000.0,9612469,['Thriller'],False,2011-10-13,5.504,1158,91,,-73.29869722222222,standalone
38117,Beastly,17000000.0,43200000,"['Romance', 'Fantasy', 'Drama']",False,2011-01-21,6.3,2798,86,,154.11764705882354,standalone
9900,Grandma's Boy,5000000.0,6538177,['Comedy'],False,2006-01-06,6.538,689,95,,30.76354,standalone
37725,It's a Boy Girl Thing,15500000.0,7385434,"['Comedy', 'Fantasy', 'Romance']",False,2006-07-15,6.524,1054,95,,-52.352038709677416,standalone
426426,Roma,15000000.0,1140769,['Drama'],False,2018-11-21,7.636,3968,135,,-92.39487333333334,standalone
302349,Iron Sky: The Coming Race,17500000.0,392166,"['Action', 'Comedy', 'Fantasy', 'Science Fiction']",True,2019-01-25,5.128,422,93,Iron Sky Collection,-97.75905142857142,subsequent
104,Run Lola Run,1530000.0,7660911,"['Action', 'Drama', 'Thriller']",False,1998-08-20,7.294,2374,81,,400.71313725490194,standalone
977262,Ezra,5000000.0,3046741,"['Comedy', 'Drama']",False,2024-05-30,7.005,93,100,,-39.06518,standalone
1175161,Agak Laen,60000.0,19601819,"['Comedy', 'Horror']",True,2024-02-01,7.35,20,119,Agak Laen Collection,32569.698333333334,starter
615904,Marry Me,23000000.0,44000000,"['Romance', 'Comedy', 'Music']",False,2022-02-09,6.636,1042,112,,91.30434782608695,standalone
1586,Secret Window,40000000.0,92900000,"['Mystery', 'Thriller']",False,2004-03-12,6.565,3740,96,,132.25,standalone
9384,Starsky & Hutch,60000000.0,170300000,"['Comedy', 'Crime']",False,2004-03-05,5.821,2395,101,,183.83333333333334,standalone
10466,The Money Pit,10000000.0,54999651,"['Comedy', 'Romance']",False,1986-03-26,6.513,1171,91,,449.99651,standalone
512196,Happy Death Day 2U,9000000.0,64600152,"['Comedy', 'Horror', 'Science Fiction']",True,2019-02-13,6.327,3485,100,Happy Death Day Collection,617.7794666666666,subsequent
68722,The Master,32000000.0,28258060,['Drama'],False,2012-09-14,7.112,3063,137,,-11.6935625,standalone
204922,Before I Go to Sleep,22000000.0,17669776,"['Thriller', 'Mystery']",False,2014-09-03,6.482,2048,92,,-19.682836363636362,standalone
2110,Wasabi,15300000.0,10366360,"['Drama', 'Action', 'Comedy']",False,2001-10-31,6.646,1336,94,,-32.246013071895426,standalone
12779,Swept Away,10000000.0,598645,"['Comedy', 'Romance']",False,2002-10-11,4.762,288,89,,-94.01355,standalone
41210,The Switch,19000000.0,49830607,"['Comedy', 'Romance', 'Drama']",False,2010-05-11,6.232,1933,101,,162.26635263157897,standalone
64689,Killing Them Softly,15000000.0,37930465,"['Crime', 'Thriller']",False,2012-07-30,6.021,2264,97,,152.86976666666666,standalone
55931,The Animatrix,5000000.0,68000000,"['Animation', 'Science Fiction']",False,2003-05-09,7.198,1643,102,,1260.0,standalone
11034,The Great Gatsby,6500000.0,26533200,"['Drama', 'Romance']",False,1974-03-27,6.302,487,144,,308.20307692307694,standalone
381,To Catch a Thief,2500000.0,8750000,"['Mystery', 'Romance', 'Thriller']",False,1955-08-03,7.282,1575,106,,250.0,standalone
9490,Half Baked,8000000.0,17460020,"['Comedy', 'Crime']",True,1998-01-16,6.324,589,82,Half Baked Collection,118.25025,starter
1985,The Constant Gardener,25000000.0,82468097,"['Drama', 'Mystery', 'Thriller']",False,2005-08-31,7.0,1566,129,,229.87238799999997,standalone
1149791,Premalu,380000.0,9000000,"['Romance', 'Comedy']",True,2024-02-09,7.689,45,155,Premalu Collection,2268.421052631579,starter
12118,Police Academy 3: Back in Training,12000000.0,107600000,"['Comedy', 'Crime']",True,1986-03-20,5.813,1275,84,Police Academy Collection,796.6666666666666,subsequent
446894,Smallfoot,80000000.0,214115531,"['Family', 'Animation', 'Adventure', 'Fantasy', 'Comedy']",False,2018-09-20,6.8,1559,96,,167.64441375,standalone
24150,Halloween II,10000000.0,39421467,['Horror'],True,2009-08-28,5.33,1455,105,Halloween (Rob Zombie Series) Collection,294.21467,subsequent
50456,Hanna,30000000.0,63782078,"['Action', 'Thriller', 'Adventure']",False,2011-04-07,6.592,3462,111,,112.60692666666668,standalone
615643,Minari,2000000.0,12900000,['Drama'],False,2021-02-12,7.339,1697,115,,545.0,standalone
12113,Body of Lies,70000000.0,113280098,"['Action', 'Drama', 'Thriller']",False,2008-10-09,6.633,3123,128,,61.828711428571424,standalone
303,Notorious,2000000.0,24500000,"['Thriller', 'Romance', 'Mystery']",False,1946-08-21,7.747,1650,103,,1125.0,standalone
9550,House of Flying Daggers,15000000.0,92863945,"['Adventure', 'Drama', 'Action']",False,2004-08-03,7.271,1678,119,,519.0929666666666,standalone
24249,Bad Influence,7000000.0,12626043,['Thriller'],False,1990-03-09,5.949,168,99,,80.37204285714286,standalone
2179,Tenacious D in The Pick of Destiny,22000000.0,13405595,"['Comedy', 'Music', 'Fantasy', 'Adventure']",False,2006-11-22,6.783,1666,93,,-39.06547727272727,standalone
10065,The Amityville Horror,19000000.0,107516369,['Horror'],True,2005-04-14,6.14,2229,90,The Amityville Collection,465.8756263157895,subsequent
7516,Smokin' Aces,17000000.0,57103895,"['Action', 'Comedy', 'Crime', 'Thriller']",True,2006-12-09,6.488,1713,109,Smokin' Aces Collection,235.90526470588236,starter
3989,Team America: World Police,32000000.0,50826898,"['Adventure', 'Action', 'Comedy']",False,2004-10-10,6.718,1917,98,,58.83405625,standalone
2018,The Wedding Planner,35000000.0,94700000,"['Comedy', 'Romance']",False,2001-01-26,5.93,1737,103,,170.57142857142858,standalone
8291,Poetic Justice,14000000.0,27515786,"['Drama', 'Romance']",False,1993-07-23,6.865,260,109,,96.54132857142858,standalone
143,All Quiet on the Western Front,1448864.0,3270000,"['Drama', 'War']",True,1930-04-29,7.754,850,133,All Quiet On The Western Front Collection,125.69406100227489,starter
8197,Midnight in the Garden of Good and Evil,35000000.0,25100000,"['Mystery', 'Crime', 'Drama']",False,1997-11-21,6.355,591,155,,-28.285714285714285,standalone
504827,The Bob's Burgers Movie,38000000.0,34148750,"['Animation', 'Adventure', 'Comedy']",False,2022-05-26,6.992,327,101,,-10.134868421052632,standalone
13691,Piglet's Big Movie,46000000.0,62870546,"['Animation', 'Family']",False,2003-03-16,6.714,378,79,,36.6751,standalone
21334,Children of Heaven,180000.0,925402,"['Drama', 'Family']",False,1997-08-01,7.916,660,88,,414.1122222222222,standalone
10145,The Forgotten,42000000.0,117592831,"['Thriller', 'Mystery', 'Science Fiction', 'Drama']",False,2004-09-24,5.935,1161,91,,179.98293095238097,standalone
11412,The Long Kiss Goodnight,65000000.0,89456761,"['Crime', 'Action', 'Mystery', 'Thriller']",False,1996-10-11,6.601,1236,121,,37.62578615384615,standalone
100,"Lock, Stock and Two Smoking Barrels",1350000.0,28356188,"['Comedy', 'Crime']",False,1998-08-28,8.114,6799,105,,2000.4583703703706,standalone
144,Wings of Desire,2500000.0,3210139,"['Drama', 'Fantasy', 'Romance']",True,1987-09-23,7.779,1390,128,Damiel and Cassiel Collection,28.40556,starter
11358,Walking Tall,46000000.0,57223888,"['Adventure', 'Drama', 'Action', 'Thriller']",True,2004-04-02,6.327,1547,86,Walking Tall (Reboot) Collection,24.39975652173913,starter
1136418,Raayan,11900000.0,15000000,"['Action', 'Drama', 'Thriller']",False,2024-07-26,6.3,23,143,,26.05042016806723,standalone
146203,The Last Exorcism Part II,5000000.0,15200000,"['Horror', 'Thriller']",True,2013-02-28,4.646,565,88,The Last Exorcism Collection,204.0,subsequent
22586,The Swan Princess,20000000.0,9771658,"['Family', 'Animation', 'Fantasy', 'Adventure', 'Comedy']",True,1994-11-18,6.6,968,89,The Swan Princess Collection,-51.141709999999996,starter
11975,The Rainmaker,40000000.0,45916769,"['Drama', 'Crime', 'Thriller']",False,1997-11-18,7.027,1362,135,,14.791922499999998,standalone
16281,Creepshow,8000000.0,21028755,"['Horror', 'Comedy']",True,1982-11-10,6.9,1079,120,Creepshow Collection,162.8594375,starter
188207,The Legend of Hercules,70000000.0,61279452,"['Action', 'Adventure']",False,2014-01-10,4.79,1349,99,,-12.457925714285714,standalone
10866,Joy Ride,23000000.0,36642838,"['Mystery', 'Thriller', 'Drama']",True,2001-10-05,6.5,1248,97,Joy Ride Collection,59.316686956521735,starter
495278,Limonov: The Ballad,10500000.0,377523000,"['History', 'Drama']",False,2024-09-05,6.4,67,133,,3495.4571428571426,standalone
50321,Mars Needs Moms,150000000.0,39000000,"['Adventure', 'Animation', 'Family']",False,2011-03-09,5.946,721,88,,-74.0,standalone
4477,The Devil's Own,90000000.0,140807547,"['Crime', 'Thriller', 'Drama']",False,1997-03-13,6.2,1259,107,,56.45283,standalone
12335,Bedknobs and Broomsticks,20000000.0,17900000,"['Adventure', 'Fantasy', 'Comedy', 'Family', 'Music', 'Animation']",False,1971-10-07,7.029,983,117,,-10.5,standalone
2926,The Three Musketeers,4500000.0,22018000,"['Action', 'Adventure', 'Romance', 'Family']",True,1973-12-11,6.778,316,106,The Musketeers Collection,389.2888888888889,starter
9433,The Edge,30000000.0,43300000,"['Action', 'Adventure', 'Drama']",False,1997-09-06,6.835,1220,117,,44.333333333333336,standalone
5550,RoboCop 3,22000000.0,10696210,"['Action', 'Adventure', 'Crime', 'Science Fiction', 'Thriller']",True,1993-01-21,4.9,1348,104,RoboCop Collection,-51.380863636363635,subsequent
417644,CHiPS,25000000.0,26800152,"['Action', 'Comedy', 'Crime']",False,2017-03-23,6.131,1330,100,,7.200608,standalone
14873,The Jungle Book 2,20000000.0,135700000,"['Family', 'Animation', 'Adventure']",True,2003-02-07,5.897,1156,72,The Jungle Book Collection,578.5,subsequent
179826,Odd Thomas,27000000.0,1149267,"['Mystery', 'Thriller']",False,2013-01-29,6.9,1373,100,,-95.74345555555556,standalone
2428,The Greatest Story Ever Told,20000000.0,15500000,"['Drama', 'History']",False,1965-04-09,6.4,202,199,,-22.5,standalone
421,The Life Aquatic with Steve Zissou,50000000.0,34808403,"['Adventure', 'Comedy', 'Drama']",False,2004-12-10,7.1,2984,119,,-30.383194000000003,standalone
82525,Savages,45000000.0,82966152,"['Crime', 'Drama', 'Thriller']",False,2012-07-06,6.349,2182,131,,84.36922666666666,standalone
8879,Pale Rider,6900000.0,41400000,"['Western', 'Drama']",False,1985-06-28,7.174,1122,115,,500.0,standalone
5289,Chaos,30000000.0,7000000,"['Drama', 'Action', 'Crime']",False,2005-01-17,6.323,1083,106,,-76.66666666666667,standalone
8346,My Big Fat Greek Wedding,5000000.0,368744044,"['Comedy', 'Drama', 'Romance']",True,2002-04-19,6.5,2182,95,My Big Fat Greek Wedding Collection,7274.880880000001,starter
975056,Cabrini,50000000.0,20592796,"['History', 'Drama']",False,2024-03-07,7.883,132,142,,-58.81440799999999,standalone
406429,League of Gods,38000000.0,43300000,"['Action', 'Fantasy']",True,2016-07-28,5.593,162,130,League of Gods,13.94736842105263,starter
10131,A Nightmare on Elm Street 4: The Dream Master,6500000.0,49369899,"['Horror', 'Thriller']",True,1988-08-19,5.9,1495,93,A Nightmare on Elm Street Collection,659.5369076923076,subsequent
10628,Kangaroo Jack,60000000.0,88900000,"['Action', 'Adventure', 'Comedy', 'Family', 'Crime']",True,2003-01-17,5.294,944,89,Kangaroo Jack Collection,48.16666666666667,starter
806,The Omen,25000000.0,119975084,"['Horror', 'Mystery', 'Thriller']",False,2006-06-06,5.639,1112,110,,379.900336,standalone
11368,Blood Simple,1500000.0,4229114,"['Crime', 'Drama', 'Thriller']",False,1984-03-26,7.236,1492,97,,181.94093333333333,standalone
877,Scarface,800000.0,600000,"['Crime', 'Drama']",False,1932-04-09,7.447,627,93,,-25.0,standalone
830,Forbidden Planet,1900000.0,3250000,"['Science Fiction', 'Adventure']",False,1956-03-23,7.248,974,98,,71.05263157894737,standalone
434355,Taxi 5,24625000.0,64497208,"['Action', 'Comedy']",True,2018-04-07,5.392,1030,102,Taxi Collection,161.9175959390863,subsequent
14424,Sex and Death 101,5.0,1,"['Comedy', 'Romance', 'Drama']",False,2007-06-15,6.17,286,117,,-80.0,standalone
4437,2010,28000000.0,40400000,"['Thriller', 'Science Fiction']",True,1984-12-06,6.642,980,116,The Space Odyssey Series,44.285714285714285,subsequent
586353,The Master and Margarita,15000000.0,28013812,"['Drama', 'Fantasy']",False,2024-01-25,7.0,89,157,,86.75874666666667,standalone
5551,Space Cowboys,65000000.0,128900000,"['Action', 'Adventure', 'Thriller']",False,2000-08-04,6.402,1422,130,,98.3076923076923,standalone
984101,Bad Newz,9600000.0,8500000,"['Comedy', 'Romance', 'Drama']",False,2024-07-19,4.875,20,140,,-11.458333333333332,standalone
11286,The Cannonball Run,18000000.0,72179579,"['Action', 'Comedy', 'Family']",True,1981-06-19,6.138,656,95,Cannonball Run Collection,300.9976611111111,starter
13939,Death Wish,3000000.0,76600000,"['Crime', 'Drama', 'Action']",True,1974-07-24,6.891,890,93,Death Wish Collection,2453.3333333333335,starter
376812,Sultan,10400000.0,102000000,"['Drama', 'Action', 'Romance']",False,2016-07-06,6.867,236,170,,880.7692307692308,standalone
9972,Lock Up,24000000.0,22099847,"['Action', 'Crime', 'Drama', 'Thriller']",False,1989-08-04,6.814,1240,115,,-7.917304166666667,standalone
866,Finding Neverland,25000000.0,116766556,"['Drama', 'Fantasy']",False,2004-10-17,7.322,3611,106,,367.066224,standalone
2142,Cop Land,15000000.0,44862187,"['Crime', 'Drama', 'Thriller']",False,1997-08-15,6.792,1670,104,,199.08124666666666,standalone
12556,Ghosts of Girlfriends Past,37500000.0,102366815,"['Fantasy', 'Comedy', 'Romance']",False,2009-05-01,5.956,2343,115,,172.97817333333333,standalone
72710,The Host,44000000.0,63300000,"['Action', 'Adventure', 'Science Fiction']",False,2013-03-22,6.286,3957,125,,43.86363636363637,standalone
254201,The Absent One,5800000.0,11500000,['Thriller'],True,2014-10-02,7.046,650,116,Department Q Collection,98.27586206896551,subsequent
109091,The Counselor,25000000.0,71009334,"['Thriller', 'Crime', 'Drama']",False,2013-10-25,5.284,1895,117,,184.037336,standalone
2362,Westworld,1200000.0,10000000,"['Adventure', 'Science Fiction', 'Western']",True,1973-08-15,6.8,1341,89,Westworld Collection,733.3333333333333,starter
5156,Bicycle Thieves,133000.0,450159,['Drama'],False,1948-07-21,8.176,2500,89,,238.46541353383458,standalone
10990,Mulholland Falls,29000000.0,11500000,"['Drama', 'Mystery', 'Thriller', 'Crime']",False,1996-04-26,6.012,301,107,,-60.3448275862069,standalone
9304,Multiplicity,45000000.0,21075014,"['Comedy', 'Fantasy', 'Science Fiction', 'Romance']",False,1996-07-19,5.786,557,117,,-53.16663555555555,standalone
9969,Deck the Halls,51000000.0,47231070,"['Comedy', 'Family']",False,2006-11-22,5.613,738,93,,-7.3900588235294125,standalone
9322,La Femme Nikita,8538703.0,5000000,"['Action', 'Thriller']",False,1990-02-21,7.1,2014,117,,-41.44309738844412,standalone
96724,Anna Karenina,40600000.0,68929150,"['Drama', 'Romance', 'History']",False,2012-09-06,6.711,2320,130,,69.77623152709359,standalone
503616,Second Act,16000000.0,72282227,"['Romance', 'Comedy']",False,2018-11-22,6.331,1211,103,,351.76391875,standalone
1642,The Net,22000000.0,110627965,"['Crime', 'Drama', 'Mystery', 'Thriller', 'Action']",True,1995-07-28,6.024,1412,114,The Net Collection,402.8543863636363,starter
77953,The Campaign,95000000.0,104907746,['Comedy'],False,2012-08-09,5.833,1772,85,,10.429206315789475,standalone
12120,My Stepmother Is an Alien,20000000.0,13854000,"['Comedy', 'Science Fiction']",False,1988-12-09,5.7,536,108,,-30.73,standalone
9012,Jackass: The Movie,5000000.0,64282312,"['Comedy', 'Documentary', 'Action']",True,2002-10-25,6.3,1628,85,Jackass Collection,1185.64624,starter
11517,Money Train,68000000.0,77224232,"['Action', 'Comedy', 'Crime']",False,1995-11-21,5.849,800,110,,13.565047058823529,standalone
66,Absolute Power,50000000.0,50100000,"['Crime', 'Drama', 'Action']",False,1997-02-14,6.6,1140,121,,0.2,standalone
14506,The Adventures of Baron Munchausen,46630000.0,8083123,"['Fantasy', 'Adventure', 'Comedy']",False,1988-12-07,6.96,932,126,,-82.6654021016513,standalone
336882,The Wave,5904067.0,12975143,"['Action', 'Thriller', 'Drama']",True,2015-08-28,6.686,1318,104,Wave / Quake Collection,119.76618829020742,starter
11546,Police Academy: Mission to Moscow,10000000.0,126247,"['Comedy', 'Crime']",True,1994-06-09,4.632,908,83,Police Academy Collection,-98.73752999999999,subsequent
500852,Miss Bala,15000000.0,15200000,['Action'],False,2019-01-25,6.366,560,104,,1.3333333333333335,standalone
88794,J. Edgar,35000000.0,84606030,"['Drama', 'Crime', 'History']",False,2011-11-09,6.228,2472,137,,141.7315142857143,standalone
788929,Lamb,5000000.0,3200000,"['Drama', 'Fantasy', 'Horror']",False,2021-08-12,6.443,934,106,,-36.0,standalone
10438,Beethoven's 2nd,15000000.0,118243066,"['Family', 'Comedy']",True,1993-12-14,5.542,1006,89,Beethoven Collection,688.2871066666667,starter
2614,Innerspace,27000000.0,25900000,"['Action', 'Comedy', 'Science Fiction']",False,1987-07-01,6.82,1289,120,,-4.074074074074074,standalone
2056,The Station Agent,500000.0,8701337,"['Drama', 'Comedy']",False,2003-12-05,7.358,709,88,,1640.2674000000002,standalone
452507,1922,5000000.0,2943477,"['Horror', 'Crime', 'Drama']",False,2017-10-20,5.932,2787,102,,-41.13046,standalone
11937,The Gods Must Be Crazy II,7500000.0,9600000,"['Action', 'Comedy']",True,1989-07-01,7.077,507,98,The Gods Must Be Crazy Collection,28.000000000000004,subsequent
173,"20,000 Leagues Under the Sea",5000000.0,28200000,"['Adventure', 'Science Fiction', 'Family']",False,1954-12-23,7.039,920,127,,463.99999999999994,standalone
11638,Guess Who,35000000.0,103100000,"['Comedy', 'Romance']",False,2005-03-25,6.003,931,105,,194.57142857142858,standalone
399173,The Assignment,5000000.0,388789,"['Action', 'Crime', 'Thriller']",False,2016-06-08,5.5,528,95,,-92.22422,standalone
26842,The Message,10000000.0,15000000,"['Adventure', 'Drama', 'Action', 'History']",False,1976-03-09,7.207,367,178,,50.0,standalone
9893,Sleepover,10000000.0,10143022,"['Family', 'Comedy']",False,2004-07-09,6.0,490,89,,1.4302199999999998,standalone
245842,The King's Daughter,40500000.0,2200000,"['Fantasy', 'Adventure', 'Family']",False,2022-01-21,7.052,687,94,,-94.5679012345679,standalone
9620,Paycheck,60000000.0,117248958,"['Action', 'Adventure', 'Mystery', 'Science Fiction', 'Thriller']",False,2003-12-25,6.212,1887,119,,95.41493,standalone
2196,Death at a Funeral,9000000.0,46789413,"['Comedy', 'Drama']",False,2007-08-17,6.9,1794,91,,419.88236666666666,standalone
574060,Gunpowder Milkshake,30000000.0,1015760,"['Action', 'Crime', 'Thriller']",True,2021-07-14,6.299,1061,114,Gunpowder Milkshake Collection,-96.61413333333333,starter
301351,We Are Your Friends,6000000.0,11100000,"['Drama', 'Music', 'Romance', 'Comedy']",False,2015-08-26,6.781,2366,96,,85.0,standalone
58224,Mr. Popper's Penguins,55000000.0,187361754,"['Comedy', 'Family']",False,2011-06-17,5.969,3028,94,,240.65773454545453,standalone
154,Star Trek II: The Wrath of Khan,12000000.0,96594943,"['Action', 'Adventure', 'Science Fiction', 'Thriller']",True,1982-06-04,7.454,1989,112,Star Trek: The Original Series Collection,704.9578583333333,subsequent
227783,The Nut Job,42000000.0,120885527,"['Animation', 'Comedy', 'Family', 'Adventure']",True,2014-01-17,5.85,998,85,The Nut Job Collection,187.82268333333334,starter
44945,Trust,9500000.0,120000,"['Crime', 'Drama', 'Thriller']",False,2010-09-10,6.557,987,104,,-98.73684210526315,standalone
2026,Hostage,52000000.0,77944725,"['Action', 'Thriller', 'Crime']",False,2005-03-10,6.337,1653,113,,49.893701923076925,standalone
590,The Hours,25000000.0,108846217,['Drama'],False,2002-12-27,7.272,1782,110,,335.384868,standalone
24740,The Entity,9000000.0,13277558,"['Horror', 'Mystery', 'Thriller']",False,1982-09-30,6.7,510,125,,47.52842222222222,standalone
460885,Mandy,6000000.0,1653784,"['Fantasy', 'Action', 'Horror']",False,2018-09-13,6.192,1991,122,,-72.43693333333333,standalone
157354,Fruitvale Station,900000.0,17600000,['Drama'],False,2013-07-26,7.362,1333,82,,1855.5555555555557,standalone
13252,Cleaner,25000000.0,5796630,"['Crime', 'Thriller', 'Mystery']",False,2007-09-11,6.077,859,88,,-76.81348,standalone
41436,Paranormal Activity 2,3000000.0,177512032,"['Horror', 'Mystery']",True,2010-10-20,5.771,2501,91,Paranormal Activity Collection,5817.067733333333,subsequent
1265827,Retro,7600000.0,11420300,"['Romance', 'Action', 'Drama', 'Crime']",False,2025-04-30,6.8,20,162,,50.267105263157895,standalone
348892,Bajrangi Bhaijaan,13000000.0,150000000,"['Comedy', 'Drama', 'Action']",False,2015-07-17,7.789,502,159,,1053.8461538461538,standalone
623135,Sinkhole,11400000.0,17970000,"['Comedy', 'Drama']",False,2021-08-11,6.9,145,113,,57.631578947368425,standalone
522212,Just Mercy,25000000.0,50401502,"['Drama', 'Crime', 'History']",False,2019-12-25,7.858,2344,137,,101.60600799999999,standalone
10497,Bitter Moon,5000000.0,1862805,"['Thriller', 'Drama', 'Romance']",False,1992-09-02,7.114,791,139,,-62.7439,standalone
6961,The Wedding Date,15000000.0,47175038,"['Romance', 'Comedy']",False,2005-02-04,6.812,1210,88,,214.50025333333335,standalone
10316,The Ides of March,12500000.0,76338111,['Drama'],False,2011-10-07,6.673,2557,101,,510.704888,standalone
1957,Enough,38000000.0,51800000,"['Drama', 'Thriller']",False,2002-05-21,6.659,1182,114,,36.31578947368421,standalone
11092,Presumed Innocent,22000000.0,221303188,"['Mystery', 'Crime', 'Thriller']",False,1990-07-27,6.803,738,127,,905.9235818181819,standalone
556984,The Trial of the Chicago 7,35000000.0,107423,"['Drama', 'History']",False,2020-09-25,7.684,3146,130,,-99.69307714285715,standalone
192136,Mandela: Long Walk to Freedom,35000000.0,27985788,"['Drama', 'History']",False,2013-11-28,6.879,543,141,,-20.040605714285714,standalone
10481,102 Dalmatians,85000000.0,183611771,"['Family', 'Comedy']",True,2000-10-07,5.503,1396,100,101 Dalmatians (Live-Action) Collection,116.01384823529412,subsequent
758866,Drive My Car,1300000.0,15356046,['Drama'],False,2021-08-18,7.437,1350,179,,1081.2343076923075,standalone
15371,Lupin the Third: The Castle of Cagliostro,7202188.0,8194857,"['Animation', 'Adventure', 'Comedy', 'Crime']",True,1979-07-06,7.517,1064,102,Lupin The Third Collection,13.782880980057726,starter
8457,Drillbit Taylor,40000000.0,32900000,['Comedy'],False,2008-02-04,5.833,1051,110,,-17.75,standalone
138,Dracula,355000.0,700000,['Horror'],True,1931-02-12,7.159,1273,74,Dracula (Universal) Collection,97.1830985915493,starter
11509,Silverado,23000000.0,32192570,"['Western', 'Action']",False,1985-07-10,6.979,748,133,,39.967695652173916,standalone
14817,Good Burger,8500000.0,23712993,"['Family', 'Comedy']",True,1997-07-25,6.108,541,95,Good Burger Collection,178.9763882352941,starter
245698,Pawn Sacrifice,19000000.0,5600000,"['Thriller', 'Drama']",False,2015-09-16,6.747,989,115,,-70.52631578947368,standalone
258230,A Monster Calls,43000000.0,47309313,"['Fantasy', 'Adventure', 'Family']",False,2016-10-07,7.3,3416,108,,10.021658139534884,standalone
10843,After Hours,4500000.0,10609321,"['Comedy', 'Thriller', 'Drama']",False,1985-09-13,7.503,1571,97,,135.7626888888889,standalone
760926,Gold,6500000.0,176048,"['Action', 'Adventure', 'Thriller']",False,2022-01-13,6.174,613,97,,-97.29156923076923,standalone
309886,Blood Father,13000000.0,6903033,"['Action', 'Thriller', 'Drama']",False,2016-08-11,6.2,1575,88,,-46.89974615384615,standalone
420622,Professor Marston and the Wonder Women,7000000.0,1600000,"['Drama', 'Romance']",False,2017-10-13,7.188,891,108,,-77.14285714285715,standalone
308084,Tangerine,100000.0,925000,"['Comedy', 'Drama']",False,2015-07-10,6.896,733,87,,825.0,standalone
500475,SuperFly,16000000.0,20545116,"['Action', 'Crime']",False,2018-06-13,6.727,386,107,,28.406975000000003,standalone
325133,Neighbors 2: Sorority Rising,35000000.0,108007109,['Comedy'],True,2016-05-04,5.818,4463,92,Neighbors Collection,208.59174000000002,subsequent
12160,Wyatt Earp,63000000.0,25100000,"['Western', 'Drama', 'Action', 'Adventure']",False,1994-06-24,6.771,874,191,,-60.15873015873016,standalone
2067,Mission to Mars,90000000.0,110983407,"['Science Fiction', 'Adventure', 'Thriller']",False,2000-03-10,5.99,1478,114,,23.31489666666667,standalone
2925,The First Wives Club,26000000.0,116400000,['Comedy'],False,1996-09-20,6.704,773,102,,347.6923076923077,standalone
565310,The Farewell,250300.0,23076657,"['Comedy', 'Drama']",False,2019-07-12,7.422,1458,100,,9119.599280862963,standalone
2046,The Gift,10000000.0,12008642,"['Horror', 'Drama', 'Thriller', 'Mystery']",False,2000-03-16,6.464,1271,112,,20.08642,standalone
527729,Asterix: The Secret of the Magic Potion,36000000.0,74488686,"['Family', 'Animation', 'Comedy', 'Adventure']",True,2018-05-12,6.846,1264,85,Asterix and Obelix (Animation) Collection,106.91301666666666,subsequent
59387,The Powerpuff Girls Movie,11000000.0,16426471,"['Animation', 'Action', 'Family']",True,2002-07-03,6.79,324,74,The Powerpuff Girls Collection,49.33155454545455,starter
2134,The Time Machine,750000.0,5902,"['Thriller', 'Adventure', 'Fantasy', 'Science Fiction', 'Romance']",False,1960-05-25,7.339,852,103,,-99.21306666666668,standalone
1090,The Thirteenth Floor,16000000.0,18564088,"['Thriller', 'Science Fiction', 'Mystery']",False,1999-04-16,7.065,1385,101,,16.02555,standalone
40807,50/50,8000000.0,39187783,"['Comedy', 'Drama']",False,2011-09-30,7.174,3866,100,,389.8472875,standalone
524369,The Many Saints of Newark,50000000.0,13037403,"['Crime', 'Drama']",False,2021-09-22,6.3,693,120,,-73.925194,standalone
220495,Bullett Raja,7.0,12,"['Action', 'Crime', 'Drama']",False,2013-11-29,5.8,30,138,,71.42857142857143,standalone
10537,The Doors,38000000.0,34416893,"['Music', 'Drama', 'History']",False,1991-03-01,7.126,1495,140,,-9.42922894736842,standalone
8869,Eight Legged Freaks,30000000.0,45900000,"['Action', 'Comedy', 'Horror', 'Thriller']",False,2002-07-17,5.8,1280,99,,53.0,standalone
480042,Escape Plan: The Extractors,3600000.0,1766092,"['Action', 'Thriller', 'Crime']",True,2019-06-20,5.4,879,97,Escape Plan Collection,-50.94188888888888,subsequent
303858,Money Monster,27000000.0,93282604,"['Thriller', 'Drama']",False,2016-05-12,6.433,3034,98,,245.49112592592596,standalone
216282,Into the Storm,50000000.0,160600000,"['Action', 'Thriller']",False,2014-08-06,6.062,2074,89,,221.20000000000002,standalone
9557,Boat Trip,20000000.0,8586376,['Comedy'],False,2002-10-01,5.3,655,94,,-57.06812,standalone
11820,Mona Lisa Smile,72300000.0,141337989,"['Drama', 'History', 'Romance']",False,2003-12-19,6.934,1793,117,,95.48822821576763,standalone
1242526,Sound of Hope: The Story of Possum Trot,8500000.0,11721425,['Drama'],False,2024-07-04,6.728,47,130,,37.89911764705882,standalone
34636,The NeverEnding Story II: The Next Chapter,32000000.0,16283667,"['Family', 'Fantasy', 'Adventure', 'Drama']",True,1990-10-25,5.778,827,89,The NeverEnding Story Collection,-49.113540625,subsequent
16617,Mindhunters,27000000.0,21100000,"['Mystery', 'Thriller', 'Crime']",False,2004-05-07,6.5,1228,106,,-21.85185185185185,standalone
14462,The Manchurian Candidate,80000000.0,96105964,"['Drama', 'Thriller', 'Mystery']",False,2004-07-30,6.477,1619,129,,20.132455,standalone
5137,Sky Captain and the World of Tomorrow,70000000.0,57958696,"['Mystery', 'Action', 'Thriller', 'Science Fiction', 'Adventure']",False,2004-09-17,5.9,1290,107,,-17.201862857142856,standalone
9675,Sideways,16000000.0,109502303,"['Comedy', 'Drama', 'Romance']",False,2004-10-22,7.103,1733,127,,584.38939375,standalone
11587,The Exorcist III,9300000.0,39024251,['Horror'],True,1990-08-17,6.251,804,110,The Exorcist Collection,319.61560215053765,subsequent
11620,Quo Vadis,7623000.0,21037000,"['Drama', 'History', 'Romance']",False,1951-11-08,7.098,423,171,,175.96746687655778,standalone
10677,Dirty Dancing: Havana Nights,25000000.0,27685016,"['Romance', 'Drama']",True,2004-02-27,6.419,676,86,Dirty Dancing Collection,10.740064,subsequent
9494,Look Who's Talking,7500000.0,296999813,"['Comedy', 'Romance']",True,1989-10-12,6.28,2341,93,Look Who's Talking Collection,3859.9975066666666,starter
74643,The Artist,15000000.0,133432856,"['Drama', 'Comedy', 'Romance']",False,2011-10-12,7.451,3341,100,,789.5523733333333,standalone
1908,Inherit the Wind,2000000.0,2000000,['Drama'],False,1960-07-07,7.7,432,128,,0.0,standalone
2617,The Great Outdoors,24000000.0,43455230,['Comedy'],False,1988-06-17,6.45,556,91,,81.06345833333334,standalone
15301,Twilight Zone: The Movie,10000000.0,29450920,"['Horror', 'Fantasy', 'Science Fiction']",False,1983-06-24,6.5,751,102,,194.5092,standalone
1312157,Madly,8988900.0,16724320,"['Comedy', 'Romance']",False,2025-02-20,7.261,412,97,,86.05524591440555,standalone
20637,Panic,1000000.0,779137,"['Crime', 'Drama']",False,2000-12-01,6.2,118,88,,-22.0863,standalone
539892,Freaks,2000.0,368410,['Science Fiction'],False,2019-09-12,6.752,1190,105,,18320.5,standalone
13056,Punisher: War Zone,20500000.0,10089373,"['Action', 'Crime']",True,2008-12-05,5.8,1197,102,The Punisher Collection,-50.78354634146341,subsequent
11678,Vertical Limit,75000000.0,215663859,"['Adventure', 'Action', 'Thriller']",False,2000-12-08,6.013,1060,124,,187.55181199999998,standalone
9042,The Cave,30000000.0,33296457,"['Action', 'Adventure', 'Horror', 'Thriller']",False,2005-08-26,5.422,967,97,,10.988190000000001,standalone
137093,Last Vegas,28000000.0,134400000,['Comedy'],False,2013-10-31,6.409,2174,105,,380.0,standalone
9869,Patriot Games,45000000.0,178051587,"['Drama', 'Action', 'Thriller', 'Crime']",True,1992-06-04,6.684,1694,117,The Jack Ryan Collection,295.6701933333334,subsequent
203833,The Book Thief,19000000.0,76586316,['Drama'],False,2013-11-08,7.495,4393,131,,303.0858736842105,standalone
11560,High Crimes,42000000.0,63781810,"['Drama', 'Mystery', 'Thriller', 'Crime']",False,2002-04-05,6.353,817,115,,51.86145238095238,standalone
1389,Out of Sight,48000000.0,77745966,"['Romance', 'Comedy', 'Crime']",False,1998-06-26,6.67,1322,123,,61.9707625,standalone
4961,Mimic,30000000.0,25480490,"['Horror', 'Science Fiction']",True,1997-08-22,6.1,1153,105,Mimic Collection,-15.065033333333332,starter
8327,The Holy Mountain,750000.0,96262,['Drama'],False,1973-11-29,7.544,946,113,,-87.16506666666668,standalone
2539,Spanglish,80000000.0,55470154,['Comedy'],False,2004-12-17,6.016,1321,130,,-30.6623075,standalone
10479,Rules of Engagement,60000000.0,71000000,"['War', 'Drama']",False,2000-04-07,6.247,734,128,,18.333333333333332,standalone
241239,A Most Violent Year,20000000.0,12007070,"['Crime', 'Drama', 'Thriller']",False,2014-12-31,6.608,1448,124,,-39.96465,standalone
1857,The Transformers: The Movie,6000000.0,5860601,"['Animation', 'Science Fiction', 'Action', 'Adventure', 'Family']",False,1986-08-08,7.1,547,84,,-2.3233166666666665,standalone
816904,Mummies,12000000.0,53400000,"['Animation', 'Adventure', 'Fantasy', 'Family']",False,2023-01-05,7.0,477,88,,345.0,standalone
9008,The Insider,90000000.0,60300000,"['Drama', 'Thriller']",False,1999-10-28,7.457,1894,158,,-33.0,standalone
1187058,Munjya,3500000.0,16000000,"['Comedy', 'Horror']",True,2024-06-07,5.92,25,121,Maddock Horror Comedy Universe,357.14285714285717,subsequent
228194,The Hundred-Foot Journey,22000000.0,89500000,"['Drama', 'Comedy']",False,2014-08-06,7.3,1469,122,,306.8181818181818,standalone
62838,New Year's Eve,56000000.0,142044638,"['Comedy', 'Romance']",False,2011-12-08,5.889,2162,118,,153.65113928571427,standalone
12104,Pink Floyd: The Wall,12000000.0,22244207,"['Music', 'Drama']",False,1982-07-14,7.948,1540,95,,85.36839166666667,standalone
10061,Escape from L.A.,50000000.0,42277365,"['Action', 'Adventure', 'Science Fiction', 'Thriller']",True,1996-08-09,5.867,1496,101,Escape From ... Collection,-15.44527,subsequent
170687,The Boxtrolls,60000000.0,108255770,"['Animation', 'Comedy', 'Family', 'Fantasy']",False,2014-09-10,6.695,1721,97,,80.42628333333333,standalone
132344,Before Midnight,3000000.0,11176469,"['Romance', 'Drama']",True,2013-04-05,7.509,2496,109,Before... Collection,272.5489666666667,subsequent
449924,Ip Man 4: The Finale,52000000.0,239000000,"['Action', 'History', 'Drama']",True,2019-12-19,7.271,2010,107,Ip Man Collection,359.61538461538464,subsequent
9103,The Quest,30000000.0,57400547,"['Action', 'Adventure', 'Drama']",False,1996-04-19,6.156,745,95,,91.33515666666666,standalone
10110,Empire of the Sun,35000000.0,66700000,"['Drama', 'History', 'War']",False,1987-12-09,7.5,1997,153,,90.57142857142857,standalone
10589,After the Sunset,60000000.0,61300000,"['Action', 'Comedy', 'Crime', 'Drama']",False,2004-11-12,6.156,786,97,,2.166666666666667,standalone
9787,Lords of Dogtown,25000000.0,13411957,['Drama'],False,2005-06-03,7.102,767,107,,-46.352172,standalone
13022,Rogue,20000000.0,4600000,"['Action', 'Horror', 'Thriller']",False,2007-11-08,6.3,712,99,,-77.0,standalone
196024,The Keeper of Lost Causes,5650000.0,13700000,"['Thriller', 'Mystery', 'Crime']",True,2013-10-03,7.1,770,93,Department Q Collection,142.47787610619469,starter
10906,Pet Sematary II,8000000.0,17092453,['Horror'],True,1992-08-28,5.453,560,100,Pet Sematary Collection,113.6556625,subsequent
4566,Michael Clayton,25000000.0,92991835,"['Drama', 'Thriller', 'Crime']",False,2007-09-28,6.783,1814,119,,271.96734,standalone
4978,An American Tail,9000000.0,84542002,"['Animation', 'Comedy', 'Adventure', 'Drama', 'Family']",True,1986-11-21,6.73,1381,80,An American Tail Collection,839.3555777777777,starter
10139,Milk,20000000.0,54600000,"['History', 'Drama']",False,2008-11-05,7.241,2268,128,,173.0,standalone
14365,Killing Me Softly,25000000.0,7775138,['Thriller'],False,2002-05-10,5.545,336,100,,-68.89944799999999,standalone
846,The X-Files,66000000.0,189198313,"['Mystery', 'Science Fiction', 'Thriller']",True,1998-06-19,6.891,1672,121,The X Files Collection,186.6641106060606,starter
9846,To Live and Die in L.A.,6000000.0,17307019,"['Crime', 'Thriller', 'Action']",False,1985-11-01,7.1,700,116,,188.45031666666668,standalone
152760,The Monuments Men,70000000.0,154984035,"['War', 'Drama', 'History', 'Action']",False,2014-01-24,6.064,3663,118,,121.40576428571428,standalone
659959,Summer of 85,6900000.0,3600000,"['Romance', 'Drama']",False,2020-07-14,7.417,861,101,,-47.82608695652174,standalone
16555,Daddy's Little Girls,10000000.0,31600000,"['Comedy', 'Drama', 'Romance']",False,2007-02-14,6.9,132,100,,216.0,standalone
41402,Let Me In,20000000.0,24145613,"['Drama', 'Horror', 'Mystery']",False,2010-10-01,6.8,2087,116,,20.728065,standalone
4688,Across the Universe,45000000.0,29625761,"['Drama', 'Romance', 'Fantasy']",False,2007-09-14,7.1,1366,133,,-34.16497555555556,standalone
19494,Nine to Five,10000000.0,103300000,['Comedy'],False,1980-12-18,6.925,518,110,,933.0,standalone
1051,The French Connection,1800000.0,41200000,"['Action', 'Crime', 'Thriller']",True,1971-10-09,7.495,1974,104,French Connection Collection,2188.888888888889,starter
204436,Jack and the Cuckoo-Clock Heart,33746302.0,3484370,"['Animation', 'Romance', 'Adventure', 'Drama', 'Fantasy']",False,2014-02-05,7.222,733,94,,-89.67480940578318,standalone
596161,Let Him Go,21000000.0,7997460,"['Thriller', 'Crime', 'Western']",False,2020-11-05,6.8,718,114,,-61.91685714285714,standalone
59861,Larry Crowne,30000000.0,75055070,"['Comedy', 'Romance', 'Drama']",False,2011-06-30,5.996,1349,98,,150.18356666666665,standalone
1535,Spy Game,115000000.0,143049560,"['Action', 'Crime', 'Thriller']",False,2001-11-18,6.908,2179,126,,24.390921739130437,standalone
430231,The Endless,1000000.0,956425,"['Science Fiction', 'Horror', 'Thriller']",False,2017-11-05,6.328,1166,112,,-4.3575,standalone
550231,The Secret: Dare to Dream,21000000.0,3215636,"['Drama', 'Romance']",False,2020-04-16,7.28,630,107,,-84.68744761904762,standalone
1084153,Sneaks,30000000.0,876150,"['Family', 'Comedy', 'Adventure', 'Animation']",False,2025-04-17,5.412,17,93,,-97.0795,standalone
15384,Red Cliff II,80000000.0,121059225,"['Action', 'Adventure', 'Drama', 'History', 'War']",True,2009-01-07,7.3,457,141,Red Cliff Collection,51.324031250000004,subsequent
9541,Jersey Girl,35000000.0,35492921,"['Comedy', 'Romance', 'Drama']",False,2004-03-25,6.187,1083,102,,1.4083457142857143,standalone
1365,Monster's Ball,4000000.0,44900000,"['Drama', 'Romance']",False,2001-06-07,6.767,1018,113,,1022.5,standalone
10665,The Strangers,9000000.0,82391145,"['Horror', 'Mystery', 'Thriller']",True,2008-05-29,6.122,2494,86,The Strangers Collection,815.4571666666667,starter
535581,The Dead Don't Die,11000000.0,15800000,"['Horror', 'Comedy', 'Fantasy']",False,2019-05-15,5.4,2683,104,,43.63636363636363,standalone
64639,Straw Dogs,25000000.0,10324441,"['Drama', 'Thriller']",False,2011-09-16,5.916,586,110,,-58.702236,standalone
10632,The Hunted,55000000.0,34234008,"['Drama', 'Action', 'Thriller', 'Crime']",False,2003-03-11,6.156,845,94,,-37.75634909090909,standalone
10564,Where the Heart Is,15000000.0,33800000,"['Comedy', 'Drama', 'Romance']",False,2000-04-27,7.125,705,120,,125.33333333333334,standalone
228970,Wild,15000000.0,52501541,['Drama'],False,2014-12-05,7.005,2545,115,,250.01027333333332,standalone
4349,The Kingdom,70000000.0,86658558,"['Thriller', 'Action', 'Drama']",False,2007-08-22,6.714,1709,110,,23.79794,standalone
13805,Disaster Movie,25000000.0,34816824,"['Comedy', 'Science Fiction']",False,2008-08-29,3.187,1075,87,,39.267296,standalone
1056360,American Fiction,16000000.0,22483370,"['Comedy', 'Drama']",False,2023-11-10,7.319,1142,117,,40.5210625,standalone
1016683,Semmelweis,5500000.0,1645196,"['History', 'Drama']",False,2023-11-30,8.065,31,127,,-70.08734545454546,standalone
9691,Assassins,50000000.0,30303072,"['Action', 'Adventure', 'Crime', 'Thriller']",False,1995-10-06,6.487,1606,132,,-39.393856,standalone
512895,Lady and the Tramp,60000000.0,51000000,"['Family', 'Romance', 'Comedy']",False,2019-11-12,7.192,1592,101,,-15.0,standalone
12403,A Perfect Getaway,14000000.0,22852638,"['Thriller', 'Mystery', 'Adventure']",False,2009-06-08,6.354,1308,98,,63.23312857142858,standalone
844,2046,12000000.0,20205757,"['Drama', 'Science Fiction', 'Romance']",False,2004-10-29,7.223,956,128,,68.38130833333334,standalone
44865,The Grandmaster,38600000.0,64076736,"['Action', 'Drama', 'History']",False,2013-01-10,6.622,906,130,,66.00190673575129,standalone
11860,Sabrina,58000000.0,53672080,"['Romance', 'Drama', 'Comedy']",False,1995-12-15,6.211,646,127,,-7.461931034482759,standalone
290512,The Mountain Between Us,35000000.0,62832209,"['Drama', 'Adventure', 'Romance']",False,2017-10-05,6.654,2444,109,,79.52059714285714,standalone
852247,Problemista,12000000.0,2503154,['Comedy'],False,2024-03-01,6.86,111,104,,-79.14038333333333,standalone
9975,Curious George,50000000.0,69834815,"['Adventure', 'Animation', 'Comedy', 'Family']",True,2006-02-10,6.475,523,87,Curious George Collection,39.66963,starter
15373,Role Models,28000000.0,92380927,['Comedy'],False,2008-11-07,6.478,1967,99,,229.93188214285715,standalone
169881,The Physician,36000000.0,57300000,"['Adventure', 'Drama', 'History']",True,2013-12-25,7.347,1112,155,Der Medicus Filmreihe,59.166666666666664,starter
660360,Noryang: Deadly Sea,40000000.0,34210966,"['War', 'Action', 'History', 'Drama']",True,2023-12-20,6.369,149,153,Admiral Yi Trilogy,-14.472584999999999,starter
218043,Left Behind,16000000.0,19682924,"['Thriller', 'Action', 'Science Fiction']",True,2014-10-03,4.262,1328,110,Left Behind (Reboot) Collection,23.018275,starter
11953,Kagemusha,6000000.0,4000000,"['Action', 'Drama', 'History', 'War']",False,1980-04-26,7.821,681,180,,-33.33333333333333,standalone
14239,Cool World,30000000.0,14100000,"['Animation', 'Comedy', 'Fantasy']",False,1992-07-10,5.641,753,102,,-53.0,standalone
10207,Message in a Bottle,80000000.0,118880016,"['Romance', 'Drama']",False,1999-02-22,6.265,787,131,,48.60002,standalone
1492,1492: Conquest of Paradise,47000000.0,7191399,"['Action', 'Adventure', 'Drama', 'History']",False,1992-10-09,6.3,862,154,,-84.69915106382979,standalone
891,All the President's Men,8500000.0,70600000,"['Drama', 'Mystery', 'Thriller']",False,1976-04-09,7.651,1902,138,,730.5882352941177,standalone
430155,Coma,2250000.0,9500000,"['Science Fiction', 'Adventure', 'Action']",False,2020-01-01,6.42,576,110,,322.22222222222223,standalone
12246,Mongol: The Rise of Genghis Khan,18000000.0,26527510,"['History', 'Adventure', 'War', 'Action']",False,2007-09-20,6.8,714,125,,47.375055555555555,standalone
310593,Youth,13360000.0,2000000,"['Comedy', 'Drama', 'Romance']",False,2015-05-20,6.899,2105,125,,-85.02994011976048,standalone
1020896,Handling the Undead,5141025.0,105046,"['Horror', 'Drama', 'Mystery']",False,2024-02-09,5.9,148,98,,-97.95671096717095,standalone
435800,Journey to the West: The Demons Strike Back,63900000.0,248805149,"['Adventure', 'Fantasy', 'Action']",True,2017-01-28,5.714,112,109,Journey to the West Collection,289.3664303599374,starter
6538,Charlie Wilson's War,75000000.0,119483446,"['Comedy', 'Drama', 'History']",False,2007-12-19,6.541,1546,102,,59.311261333333334,standalone
2605,Short Circuit,10000000.0,40697761,"['Science Fiction', 'Comedy', 'Family']",True,1986-05-09,6.636,1527,98,Short Circuit Collection,306.97760999999997,starter
152747,All Is Lost,9000000.0,6108720,"['Action', 'Adventure', 'Drama']",False,2013-08-23,6.644,1646,106,,-32.12533333333333,standalone
1247,The Good Shepherd,85000000.0,100266865,"['Drama', 'Thriller', 'History']",False,2006-12-11,6.347,1195,167,,17.961017647058824,standalone
15919,Marty,343000.0,3000000,"['Drama', 'Romance']",False,1955-04-11,7.448,413,90,,774.6355685131196,standalone
16081,Doctor Dolittle,18000000.0,9000000,"['Music', 'Family', 'Comedy', 'Fantasy']",False,1967-12-05,6.201,189,151,,-50.0,standalone
10488,Nim's Island,37000000.0,100104565,"['Adventure', 'Comedy', 'Family', 'Fantasy']",True,2008-04-03,5.927,1149,96,Nim's Island Collection,170.55287837837838,starter
925,Do the Right Thing,6500000.0,37300000,['Drama'],False,1989-06-14,7.8,1855,120,,473.84615384615387,standalone
218778,"Alexander and the Terrible, Horrible, No Good, Very Bad Day",28000000.0,100654149,"['Family', 'Comedy']",False,2014-10-08,6.208,1368,81,,259.47910357142854,standalone
82990,Paranormal Activity 4,5000000.0,142802657,['Horror'],True,2012-10-17,5.404,1932,87,Paranormal Activity Collection,2756.05314,subsequent
531499,The Tax Collector,30000000.0,942666,"['Action', 'Crime', 'Drama']",False,2020-08-07,5.63,496,95,,-96.85778,standalone
11601,Stir of Echoes,12000000.0,21142914,"['Horror', 'Mystery', 'Thriller']",True,1999-09-10,6.676,1267,99,Stir of Echoes Collection,76.19095,starter
593395,Diabolik,11000000.0,3189418,"['Crime', 'Action', 'Mystery', 'Thriller']",True,2021-12-16,6.071,602,133,Diabolik Collection,-71.00529090909092,starter
11090,The Animal,22000000.0,84772742,"['Comedy', 'Science Fiction']",False,2001-06-01,5.122,1286,83,,285.33064545454545,standalone
780382,The Wolf and the Lion,11900000.0,15300000,"['Family', 'Adventure', 'Drama']",False,2021-10-13,7.521,476,99,,28.57142857142857,standalone
14460,Battle Beyond the Stars,2000000.0,11000000,"['Science Fiction', 'Action', 'Adventure']",False,1980-09-08,5.4,207,104,,450.0,standalone
8012,Get Shorty,30250000.0,115101622,"['Comedy', 'Thriller', 'Crime']",True,1995-10-20,6.508,1105,105,Chili Palmer Collection,280.5012297520661,starter
10779,The Frighteners,30000000.0,29359216,"['Horror', 'Comedy']",False,1996-07-18,6.9,1586,110,,-2.135946666666667,standalone
11675,Halloween H20: 20 Years Later,17000000.0,75041738,"['Horror', 'Thriller']",True,1998-08-05,6.048,1698,86,Halloween Collection,341.4219882352941,subsequent
554241,Playing with Fire,29900000.0,69412425,"['Family', 'Comedy']",False,2019-11-08,6.587,727,96,,132.14857859531773,standalone
713,The Piano,7000000.0,40200000,"['Drama', 'Romance']",False,1993-05-18,7.4,1555,120,,474.2857142857143,standalone
988,The China Syndrome,5900000.0,51718367,"['Drama', 'Thriller']",False,1979-03-16,7.161,485,122,,776.5824915254237,standalone
982,The Manchurian Candidate,2200000.0,7700000,"['Thriller', 'Drama']",False,1962-10-24,7.526,745,126,,250.0,standalone
2637,The Mothman Prophecies,32000000.0,55305279,"['Drama', 'Horror', 'Mystery']",False,2002-01-25,6.203,1160,119,,72.828996875,standalone
523607,Maestro,80000000.0,300000,"['Drama', 'Romance', 'Music']",False,2023-11-22,6.307,762,129,,-99.625,standalone
2652,Hard Candy,950000.0,7000000,"['Drama', 'Thriller']",False,2005-01-14,6.818,2644,104,,636.8421052631579,standalone
644124,Dampyr,15000000.0,362113,"['Horror', 'Fantasy', 'Action']",False,2022-10-28,6.2,165,109,,-97.58591333333332,standalone
828,The Day the Earth Stood Still,995000.0,1850000,"['Science Fiction', 'Thriller', 'Drama']",False,1951-09-28,7.445,1158,92,,85.92964824120602,standalone
12123,Chain Reaction,50000000.0,60209334,"['Thriller', 'Action', 'Science Fiction']",False,1996-08-02,5.8,1121,107,,20.418668,standalone
1380415,The Last Supper,8000000.0,6254291,"['Drama', 'History']",False,2025-03-14,7.172,29,114,,-21.8213625,standalone
145135,Dark Skies,3500000.0,25174316,"['Science Fiction', 'Thriller', 'Horror']",False,2013-02-21,6.321,1830,97,,619.2661714285714,standalone
539537,Fantasy Island,7000000.0,49500000,"['Adventure', 'Fantasy', 'Horror', 'Mystery']",False,2020-02-12,5.8,2531,109,,607.1428571428571,standalone
651,M*A*S*H,3500000.0,81600000,"['Comedy', 'Drama', 'War']",False,1970-02-18,6.977,1079,116,,2231.428571428571,standalone
72571,Paranormal Activity 3,5000000.0,207039844,"['Horror', 'Mystery']",True,2011-10-19,5.895,2257,83,Paranormal Activity Collection,4040.79688,subsequent
15035,Fire and Ice,1200000.0,760883,"['Animation', 'Fantasy', 'Science Fiction']",False,1983-03-25,6.678,315,81,,-36.59308333333333,standalone
351819,Fifty Shades of Black,20000000.0,21164799,"['Romance', 'Comedy']",False,2016-01-28,4.892,1362,92,,5.823995,standalone
72213,Courageous,1000000.0,35690739,['Drama'],False,2011-09-30,7.6,378,129,,3469.0739,standalone
517412,Tesla,5000000.0,459051,"['History', 'Drama']",False,2020-08-14,5.848,342,102,,-90.81898000000001,standalone
115782,Jobs,12000000.0,42100000,"['Drama', 'History']",False,2013-08-15,6.129,2498,129,,250.83333333333334,standalone
127493,Stolen,35000000.0,2106557,"['Action', 'Crime', 'Thriller']",False,2012-09-06,5.471,1050,96,,-93.98126571428571,standalone
17335,Obsessed,20000000.0,73830340,"['Drama', 'Thriller']",False,2009-02-26,5.8,660,108,,269.1517,standalone
33511,Nowhere Boy,1500000.0,6577779,['Drama'],False,2009-12-25,7.173,827,98,,338.5186,standalone
467012,Satan's Slaves,120000.0,9033726,"['Drama', 'Horror', 'Mystery']",True,2017-09-28,6.654,276,107,Satan's Slaves Collection,7428.105,starter
10353,The Visitors II: The Corridors of Time,23030000.0,66000000,"['Comedy', 'Fantasy']",True,1998-02-11,6.01,1017,118,The Visitors Collection,186.58271819366044,subsequent
9559,A Perfect World,30000000.0,135100000,"['Drama', 'Crime']",False,1993-11-24,7.478,1726,138,,350.3333333333333,standalone
592279,Kalashnikov AK-47,3500000.0,1593464,"['War', 'History', 'Drama']",False,2020-02-20,7.437,325,105,,-54.472457142857145,standalone
581526,Deliver Us from Evil,12000000.0,34662454,"['Crime', 'Action', 'Drama']",False,2020-08-05,6.9,207,108,,188.85378333333333,standalone
743563,Vikram,15354648.0,54172014,"['Action', 'Crime', 'Thriller']",False,2022-06-02,7.669,133,174,,252.80531341389266,standalone
103731,Mud,10000000.0,32613173,['Drama'],False,2013-04-26,7.059,2892,130,,226.13173,standalone
18892,Jawbreaker,3000000.0,3100000,"['Comedy', 'Crime', 'Thriller']",False,1999-01-30,6.4,547,87,,3.3333333333333335,standalone
575769,4x4,3000000.0,1292773,['Thriller'],False,2019-04-04,6.254,140,87,,-56.90756666666667,standalone
10808,Dr. Dolittle 2,70000000.0,176100000,"['Comedy', 'Family', 'Romance', 'Fantasy']",True,2001-06-22,5.311,1696,87,Dr. Dolittle Collection,151.57142857142858,subsequent
1921,Sweet November,40000000.0,65754228,"['Drama', 'Romance']",False,2001-02-16,6.873,1352,119,,64.38557,standalone
294272,Pete's Dragon,65000000.0,143695338,"['Adventure', 'Family', 'Fantasy']",False,2016-08-10,6.369,2234,103,,121.06975076923077,standalone
9872,Explorers,25000000.0,9900000,"['Science Fiction', 'Adventure', 'Family']",False,1985-07-12,6.238,473,109,,-60.4,standalone
19457,The Yards,24000000.0,889352,"['Crime', 'Drama', 'Thriller']",False,2000-04-27,6.2,468,115,,-96.29436666666666,standalone
17927,Fired Up!,20000000.0,18599102,['Comedy'],False,2009-02-20,6.1,656,91,,-7.00449,standalone
548473,Color Out of Space,6000000.0,1023510,"['Horror', 'Science Fiction', 'Mystery', 'Thriller']",True,2020-01-24,6.0,1541,110,Arkham Horror Collection,-82.9415,starter
10533,The Scarlet Letter,50000000.0,10382407,"['Drama', 'Romance']",False,1995-10-13,6.1,491,135,,-79.235186,standalone
33408,The Crush,6000000.0,13609396,"['Thriller', 'Drama']",False,1993-04-02,6.617,514,89,,126.82326666666665,standalone
2259,The House of the Spirits,25000000.0,6265311,"['Romance', 'Drama']",False,1993-10-21,6.927,703,140,,-74.938756,standalone
6972,Australia,130000000.0,211787511,"['Adventure', 'Romance', 'Drama']",False,2008-11-18,6.6,2340,165,,62.913470000000004,standalone
87093,Big Eyes,10000000.0,28900000,['Drama'],False,2014-12-24,6.979,3520,106,,189.0,standalone
11469,Black Knight,50000000.0,33422806,"['Comedy', 'Fantasy', 'Adventure']",False,2001-11-21,5.347,1134,95,,-33.154388000000004,standalone
526050,Little,20000000.0,17399000,"['Comedy', 'Fantasy', 'Romance']",False,2019-04-04,6.879,726,108,,-13.004999999999999,standalone
30666,Stepfather 2,1500000.0,1519796,"['Horror', 'Thriller']",True,1989-11-03,5.5,107,93,The Stepfather Collection,1.3197333333333334,starter
11873,The Color of Money,13800000.0,52293982,['Drama'],True,1986-10-17,6.856,1414,119,The Hustler Collection,278.94189855072466,subsequent
239678,This Is Where I Leave You,19800000.0,41300000,"['Drama', 'Comedy']",False,2014-09-10,6.626,1382,103,,108.58585858585859,standalone
11327,Midnight Express,2300000.0,35000000,"['Drama', 'Crime']",False,1978-08-31,7.477,1762,121,,1421.7391304347825,standalone
413052,Hacker,2000000.0,11239,"['Crime', 'Drama', 'Thriller']",False,2016-09-15,6.289,310,95,,-99.43805,standalone
314405,Tale of Tales,12000000.0,5500277,"['Romance', 'Fantasy', 'Horror']",False,2015-05-14,6.4,1663,134,,-54.164358333333325,standalone
11888,Snow Dogs,35000000.0,81000000,"['Comedy', 'Family', 'Adventure']",False,2002-01-18,5.61,746,99,,131.42857142857142,standalone
58151,Fright Night,30000000.0,41002607,"['Horror', 'Comedy']",True,2011-08-18,6.2,1972,106,Fright Night (Reboot) Collection,36.675356666666666,starter
676710,The Amazing Maurice,17000000.0,21110363,"['Animation', 'Adventure', 'Comedy', 'Family', 'Fantasy']",False,2022-12-16,6.746,167,93,,24.17860588235294,standalone
16690,Return to Never Land,20000000.0,109862682,"['Adventure', 'Fantasy', 'Animation', 'Family']",True,2002-02-14,6.5,2346,72,Peter Pan Collection,449.31341,subsequent
8838,Mercury Rising,60000000.0,93100000,"['Action', 'Crime', 'Drama', 'Thriller']",False,1998-04-03,6.3,1564,111,,55.166666666666664,standalone
471968,The Last Warrior,8250000.0,30060061,"['Fantasy', 'Family', 'Adventure', 'Action', 'Comedy']",True,2017-10-19,6.847,186,120,The Last Warrior (Collection),264.3643757575758,starter
11361,Halloween 5: The Revenge of Michael Myers,3000000.0,11642254,"['Horror', 'Thriller']",True,1989-10-12,5.309,1249,98,Halloween Collection,288.0751333333333,subsequent
16007,Death Note,20000000.0,29667169,"['Fantasy', 'Mystery', 'Thriller']",True,2006-06-17,7.067,722,126,Death Note Collection,48.335845,starter
501979,Bill & Ted Face the Music,25000000.0,6274027,"['Comedy', 'Science Fiction', 'Adventure']",True,2020-08-27,5.903,990,92,Bill & Ted Collection,-74.903892,subsequent
8987,The River Wild,45000000.0,94216343,"['Adventure', 'Thriller', 'Drama']",False,1994-09-30,6.429,904,111,,109.36965111111112,standalone
13815,Fresh,3500000.0,8094616,"['Crime', 'Drama']",False,1994-06-15,7.2,218,114,,131.27474285714285,standalone
39486,Secretariat,35000000.0,60300000,['Drama'],False,2010-08-20,7.419,606,123,,72.28571428571429,standalone
400710,Flatliners,19000000.0,45158254,"['Drama', 'Horror', 'Thriller']",False,2017-09-28,5.645,2314,111,,137.6750210526316,standalone
9932,Analyze That,60000000.0,55003135,"['Comedy', 'Crime']",True,2002-12-06,5.824,1292,96,Analyze Collection,-8.328108333333335,subsequent
8978,Assault on Precinct 13,30000000.0,35294470,"['Thriller', 'Action', 'Adventure', 'Crime', 'Drama']",False,2005-01-19,6.176,1124,109,,17.648233333333334,standalone
1580,Rope,1500000.0,2200000,"['Thriller', 'Crime', 'Drama']",False,1948-03-11,7.943,2820,81,,46.666666666666664,standalone
245168,Suffragette,14000000.0,16002420,"['Drama', 'History']",False,2015-10-16,7.216,1637,106,,14.302999999999999,standalone
11881,Miracle on 34th Street,630000.0,2700000,"['Comedy', 'Drama', 'Family']",False,1947-06-04,7.371,780,96,,328.57142857142856,standalone
2149,Body of Evidence,30000000.0,38000000,"['Drama', 'Thriller', 'Romance']",False,1993-01-15,5.008,315,101,,26.666666666666668,standalone
328425,The Gift,5000000.0,58978653,"['Thriller', 'Mystery', 'Drama']",False,2015-07-31,6.692,3304,108,,1079.5730600000002,standalone
10776,Little Shop of Horrors,25000000.0,53964308,"['Horror', 'Comedy']",False,1986-12-19,6.9,1505,94,,115.857232,standalone
44977,Dhoom 3,19500000.0,91000000,"['Action', 'Crime']",True,2013-12-19,6.036,288,171,Dhoom Collection,366.66666666666663,subsequent
10658,Howard the Duck,37000000.0,38000000,"['Fantasy', 'Comedy', 'Action', 'Adventure', 'Romance', 'Science Fiction']",False,1986-08-01,5.4,1050,110,,2.7027027027027026,standalone
300168,Dragon Blade,65000000.0,121545703,"['Adventure', 'History', 'Action', 'Fantasy']",False,2015-02-19,6.389,592,127,,86.99338923076924,standalone
29427,The Crazies,20000000.0,54956140,"['Mystery', 'Horror', 'Action']",False,2010-02-26,6.3,2114,101,,174.78070000000002,standalone
11825,Police Academy 5: Assignment Miami Beach,14000000.0,19510371,"['Comedy', 'Crime']",True,1988-03-17,5.226,942,90,Police Academy Collection,39.35979285714286,subsequent
8984,Disclosure,55000000.0,214015089,"['Thriller', 'Drama', 'Crime']",False,1994-12-09,6.252,1208,128,,289.1183436363636,standalone
34806,The Back-Up Plan,35000000.0,77477008,"['Comedy', 'Romance']",False,2010-04-23,6.145,1435,106,,121.36287999999999,standalone
463821,The House with a Clock in Its Walls,42000000.0,131523093,"['Comedy', 'Fantasy', 'Family', 'Horror']",False,2018-09-15,6.253,2212,105,,213.15022142857143,standalone
71469,The Darkest Hour,30000000.0,64626786,"['Horror', 'Action', 'Thriller', 'Science Fiction']",False,2011-12-22,5.3,1503,89,,115.42262000000001,standalone
14165,Ta Ra Rum Pum,6000000.0,15242548,"['Family', 'Comedy', 'Romance']",False,2007-04-27,6.1,75,153,,154.04246666666668,standalone
300673,The Finest Hours,80000000.0,52099090,"['Action', 'Drama', 'History', 'Thriller']",False,2016-01-27,6.604,1643,117,,-34.8761375,standalone
199373,The Frozen Ground,27220000.0,5496951,"['Thriller', 'Crime']",False,2013-07-11,6.286,1505,105,,-79.80547024246877,standalone
16538,"I Love You, Man",41000000.0,92000000,"['Comedy', 'Romance']",False,2009-03-20,6.573,1788,105,,124.39024390243902,standalone
226857,Endless Love,20000000.0,34100000,"['Drama', 'Romance']",False,2014-02-12,6.903,1709,103,,70.5,standalone
2657,Pleasantville,60000000.0,49800000,"['Fantasy', 'Comedy', 'Drama']",False,1998-09-17,7.256,1742,124,,-17.0,standalone
583406,Judas and the Black Messiah,26000000.0,6416063,"['Drama', 'History']",False,2021-02-12,7.316,1594,126,,-75.32283461538462,standalone
10787,The Invisible Man,328000.0,27105,"['Horror', 'Science Fiction']",True,1933-11-03,7.498,881,71,The Invisible Man Collection,-91.73628048780488,starter
38356,Transformers: Dark of the Moon,195000000.0,1123794079,"['Action', 'Science Fiction', 'Adventure']",True,2011-06-28,6.215,8535,154,Transformers Collection,476.30465589743596,subsequent
1847,The Long Goodbye,1700000.0,959000,"['Mystery', 'Crime', 'Comedy', 'Drama', 'Thriller']",False,1973-03-08,7.397,687,112,,-43.588235294117645,standalone
18395,Exit to Eden,27500000.0,6800000,"['Comedy', 'Crime', 'Thriller']",False,1994-10-14,4.087,92,114,,-75.27272727272727,standalone
8408,Day of the Dead,3500000.0,34000000,"['Horror', 'Drama', 'Mystery']",True,1985-07-03,7.0,1294,101,Living Dead Collection,871.4285714285713,subsequent
8875,Timber Falls,2600000.0,677548,"['Horror', 'Thriller']",False,2007-12-07,5.2,155,97,,-73.94046153846155,standalone
68812,The Iceman,20000000.0,1969193,"['Thriller', 'Crime', 'Drama']",False,2012-09-01,6.557,1058,105,,-90.154035,standalone
31685,The Hunchback of Notre Dame,1800000.0,6877900,"['Drama', 'Romance', 'Horror']",False,1939-12-29,7.297,202,117,,282.10555555555555,standalone
20737,Air Bud,3000000.0,23144499,"['Comedy', 'Family']",True,1997-08-01,5.552,482,98,Air Bud Collection,671.4833,starter
2116,Out of Time,50000000.0,55495563,"['Thriller', 'Crime', 'Drama']",False,2003-10-03,6.339,1218,105,,10.991126,standalone
530,A Grand Day Out,17300.0,40118,"['Family', 'Animation', 'Comedy']",True,1990-05-18,7.48,934,24,Wallace & Gromit Collection,131.8959537572254,starter
11522,Pretty in Pink,9000000.0,40471663,"['Romance', 'Drama', 'Comedy']",False,1986-02-28,6.719,1144,97,,349.6851444444444,standalone
859,Dangerous Liaisons,14000000.0,34670720,"['Drama', 'Romance']",False,1988-12-21,7.199,1201,119,,147.648,standalone
9271,Virtuosity,30000000.0,24048000,"['Action', 'Crime', 'Science Fiction', 'Thriller']",False,1995-08-04,5.502,558,106,,-19.84,standalone
14175,Valiant,35000000.0,61746888,"['Family', 'Animation', 'Adventure', 'Comedy', 'War']",False,2005-03-25,5.531,918,76,,76.41968,standalone
2924,Backdraft,75000000.0,152368585,"['Drama', 'Thriller', 'Action', 'Crime']",True,1991-05-24,6.668,1469,137,Backdraft Collection,103.15811333333333,starter
72207,The Five-Year Engagement,30000000.0,54169363,"['Comedy', 'Romance']",False,2012-04-27,5.862,1355,124,,80.56454333333333,standalone
533642,Child's Play,10000000.0,44902237,"['Horror', 'Thriller']",False,2019-06-19,6.0,1954,90,,349.02237,standalone
1412,"sex, lies, and videotape",1200000.0,24741667,['Drama'],False,1989-08-04,7.0,958,101,,1961.8055833333333,standalone
80389,Get the Gringo,35000000.0,8826837,"['Action', 'Thriller', 'Crime', 'Drama']",False,2012-03-15,6.583,1683,96,,-74.78046571428571,standalone
249660,God's Not Dead,17000000.0,29789000,['Drama'],True,2014-03-21,5.996,925,113,God's Not Dead Collection,75.22941176470587,starter
11891,Kung Pow: Enter the Fist,10000000.0,17000000,"['Comedy', 'Action']",False,2002-01-25,6.374,692,81,,70.0,standalone
9517,Bully,2100000.0,480811,"['Crime', 'Drama']",False,2001-06-15,6.677,502,113,,-77.1042380952381,standalone
319888,Eddie the Eagle,23000000.0,46152411,"['Comedy', 'Drama', 'History', 'Adventure']",False,2016-02-25,7.169,2172,106,,100.66265652173914,standalone
277685,Unfriended,1000000.0,62900000,"['Horror', 'Mystery', 'Thriller']",True,2014-10-22,5.5,3393,83,Unfriended Collection,6190.0,starter
9770,Mad City,50000000.0,10500000,"['Thriller', 'Drama']",False,1997-11-07,6.242,351,114,,-79.0,standalone
525686,My Cousin the Sexologist,15000.0,35749,"['Comedy', 'Drama']",True,2016-07-20,6.783,515,104,My Cousin the Sexologist – Collection,138.32666666666665,starter
192145,Third Person,28000000.0,1749201,"['Drama', 'Romance']",False,2014-06-20,5.889,614,137,,-93.75285357142857,standalone
1408,Cutthroat Island,102000000.0,16000000,"['Action', 'Adventure']",False,1995-12-22,5.8,575,124,,-84.31372549019608,standalone
42949,Arthur 3: The War of the Two Worlds,70200000.0,33885979,"['Animation', 'Adventure', 'Fantasy', 'Family']",True,2010-08-22,5.8,1547,101,Arthur and the Invisibles Collection,-51.72937464387465,subsequent
1192195,Riviera Revenge,5000000.0,6483501,['Comedy'],False,2024-04-24,6.1,80,94,,29.67002,standalone
287424,Maggie,4000000.0,187112,"['Horror', 'Drama', 'Science Fiction']",False,2015-05-08,5.393,1614,95,,-95.3222,standalone
244267,I Origins,1000000.0,481234,"['Science Fiction', 'Drama']",False,2014-07-18,7.58,3291,106,,-51.876599999999996,standalone
11044,Arizona Dream,19000000.0,112547,"['Fantasy', 'Comedy', 'Drama', 'Romance']",False,1993-01-06,7.164,715,142,,-99.40764736842105,standalone
22972,Green Zone,100000000.0,94882889,"['War', 'Action', 'Adventure', 'Drama', 'Thriller']",False,2010-03-11,6.485,2241,115,,-5.1171109999999995,standalone
14636,The Condemned,20000000.0,8600000,"['Action', 'Thriller']",True,2007-04-27,6.1,808,113,The Condemned Collection,-56.99999999999999,starter
517302,Hatching,3896000.0,508000,"['Horror', 'Fantasy', 'Drama']",False,2022-03-04,6.3,444,91,,-86.96098562628337,standalone
513691,The Debt Collector,3000000.0,28645,"['Action', 'Comedy']",True,2018-06-05,5.831,222,96,The Debt Collector Collection,-99.04516666666666,starter
9504,Glengarry Glen Ross,12500000.0,10725228,"['Crime', 'Drama', 'Mystery']",False,1992-09-10,7.3,1470,100,,-14.198176000000002,standalone
2275,The General's Daughter,60000000.0,149700000,"['Thriller', 'Mystery', 'Crime']",False,1999-06-18,6.405,957,116,,149.5,standalone
11652,Invincible,30000000.0,57800000,"['Drama', 'History']",False,2006-08-25,7.021,956,105,,92.66666666666666,standalone
9051,10,7000000.0,107000000,"['Comedy', 'Romance']",False,1979-10-05,5.741,274,122,,1428.5714285714287,standalone
4464,Seabiscuit,87000000.0,148300000,"['Drama', 'History']",False,2003-07-22,7.055,861,141,,70.45977011494253,standalone
96936,The Bling Ring,15000000.0,19145732,"['Drama', 'Crime']",False,2013-06-12,5.425,3050,90,,27.638213333333333,standalone
61202,Zindagi Na Milegi Dobara,7700000.0,160000000,"['Drama', 'Comedy', 'Romance']",False,2011-07-15,7.57,369,154,,1977.922077922078,standalone
9421,The Dinner Game,12500000.0,78599508,['Comedy'],False,1998-04-15,7.771,1970,80,,528.796064,standalone
146239,Delivery Man,26000000.0,51164106,['Comedy'],False,2013-10-10,6.255,1513,105,,96.78502307692308,standalone
10404,Raise the Red Lantern,1000000.0,16600000,['Drama'],False,1991-12-18,7.929,742,125,,1560.0,standalone
13225,FernGully: The Last Rainforest,24000000.0,32710894,"['Family', 'Fantasy', 'Animation', 'Adventure']",True,1992-04-10,6.378,595,76,FernGully Collection,36.29539166666667,starter
2662,House of 1000 Corpses,7000000.0,17949758,['Horror'],True,2003-04-11,6.2,1653,89,Firefly Collection,156.42511428571427,starter
27324,Pulse,25000000.0,318451,"['Horror', 'Thriller', 'Mystery']",False,2001-02-03,6.7,574,119,,-98.726196,standalone
9745,Jack Frost,27000000.0,34562925,"['Comedy', 'Family', 'Drama', 'Fantasy']",False,1998-11-15,6.019,1172,101,,28.010833333333334,standalone
264999,Magic Mike XXL,14800000.0,117800000,"['Comedy', 'Drama']",True,2015-07-01,6.165,1799,115,Magic Mike Collection,695.9459459459459,subsequent
21972,Like Mike,30000000.0,62300000,"['Family', 'Comedy', 'Fantasy']",True,2002-07-03,6.118,532,99,Like Mike Collection,107.66666666666667,starter
8010,Highlander II: The Quickening,34000000.0,15556340,"['Fantasy', 'Action', 'Adventure', 'Science Fiction']",True,1991-01-13,4.71,890,100,Highlander Collection,-54.24605882352941,subsequent
2395,Asterix at the Olympic Games,97250400.0,131856927,"['Fantasy', 'Adventure', 'Comedy', 'Family']",True,2008-01-25,5.217,2033,116,Asterix & Obelix Live-action Collection,35.58497137286839,subsequent
109421,Side Effects,30000000.0,63414135,"['Thriller', 'Crime', 'Drama']",False,2013-02-07,6.605,3152,106,,111.38045000000001,standalone
554230,The Lost Daughter,5000000.0,703281,['Drama'],False,2021-12-15,6.489,1019,122,,-85.93438,standalone
714888,Argentina 1985,20000000.0,58424000,"['Drama', 'History', 'Crime']",False,2022-09-29,7.837,670,141,,192.12,standalone
221,Rebel Without a Cause,1500000.0,4500000,['Drama'],False,1955-10-27,7.513,1668,111,,200.0,standalone
9400,Set It Off,9000000.0,41590886,"['Crime', 'Drama', 'Thriller']",False,1996-11-06,7.21,366,123,,362.12095555555555,standalone
1715,The Cider House Rules,24000000.0,88500000,['Drama'],False,1999-12-17,7.074,1210,126,,268.75,standalone
9885,Wolf Creek,1000000.0,30894796,"['Horror', 'Thriller']",True,2005-09-16,6.221,1208,104,Wolf Creek Collection,2989.4796,starter
381902,The Monkey King 2,68490000.0,193677158,"['Action', 'Adventure', 'Fantasy']",True,2016-01-22,5.9,100,120,The Monkey King Collection,182.78165863629727,subsequent
11870,Big Fat Liar,15000000.0,52970014,"['Family', 'Comedy', 'Adventure']",True,2002-02-08,5.858,843,88,Big Fat Liar Collection,253.13342666666668,starter
6575,Walk Hard: The Dewey Cox Story,35000000.0,18317151,"['Comedy', 'Music']",False,2007-12-21,6.587,698,96,,-47.665282857142856,standalone
705,All About Eve,1400000.0,8400000,['Drama'],False,1950-11-09,8.08,1592,139,,500.0,standalone
14534,Rudy,12000000.0,22800000,"['Drama', 'History']",False,1993-09-17,7.356,697,114,,90.0,standalone
454292,Saaho,51000000.0,55000000,"['Action', 'Adventure', 'Thriller']",False,2019-08-29,5.9,100,171,,7.8431372549019605,standalone
15263,McLintock!,4000000.0,14500000,"['Western', 'Comedy']",False,1963-11-12,6.556,241,127,,262.5,standalone
823452,The Boys in the Boat,40000000.0,54401583,"['Drama', 'History']",False,2023-12-25,7.257,294,124,,36.0039575,standalone
14902,1776,6000000.0,2800000,"['Drama', 'History']",False,1972-11-09,6.8,79,141,,-53.333333333333336,standalone
9395,Above the Law,7500000.0,18869631,"['Action', 'Crime', 'Thriller']",False,1988-04-08,6.117,733,99,,151.59508,standalone
38358,The Last Exorcism,1800000.0,69400000,"['Horror', 'Thriller', 'Mystery']",True,2010-08-27,5.682,1053,87,The Last Exorcism Collection,3755.5555555555557,starter
20856,Aliens in the Attic,45000000.0,57881056,"['Adventure', 'Comedy', 'Family', 'Fantasy', 'Science Fiction']",False,2009-07-30,5.691,1012,86,,28.62456888888889,standalone
8453,Fanaa,5300000.0,22175908,"['Action', 'Drama', 'Romance', 'Thriller']",False,2006-05-26,6.752,210,168,,318.41335849056605,standalone
24100,The Little Vampire,35000000.0,27965865,"['Family', 'Adventure', 'Comedy', 'Fantasy']",False,2000-10-27,6.893,442,95,,-20.097528571428573,standalone
3035,Frankenstein,291000.0,12000000,"['Drama', 'Horror', 'Science Fiction']",True,1931-11-21,7.47,1656,70,Frankenstein (Universal) Collection,4023.711340206186,starter
99,All About My Mother,8272296.0,67956089,"['Comedy', 'Drama']",False,1999-04-16,7.643,1949,101,,721.4900554815737,standalone
10490,Drop Dead Gorgeous,10000000.0,10571408,['Comedy'],False,1999-07-23,6.4,395,98,,5.71408,standalone
1441,The Contract,25000000.0,5549200,"['Drama', 'Action', 'Thriller', 'Crime']",False,2006-04-05,5.724,519,96,,-77.80319999999999,standalone
223,Rebecca,1288000.0,7592465,"['Mystery', 'Romance', 'Thriller']",False,1940-03-23,7.897,1842,130,,489.4770962732919,standalone
15417,Every Which Way but Loose,5000000.0,85196485,"['Action', 'Comedy', 'Adventure', 'Romance', 'Drama']",True,1978-12-16,6.1,474,110,Philo & Clyde Collection,1603.9297000000001,starter
10215,Sliding Doors,6000000.0,58809149,"['Comedy', 'Drama', 'Fantasy', 'Romance']",False,1998-04-23,6.567,1354,99,,880.1524833333334,standalone
1534,Pathfinder,45000000.0,30800000,"['Adventure', 'Action']",False,2007-01-11,5.677,736,99,,-31.555555555555554,standalone
10166,The Witches,11000000.0,15400000,"['Fantasy', 'Family', 'Horror']",False,1990-05-25,6.935,1287,91,,40.0,standalone
60243,A Separation,5000000.0,24426169,['Drama'],False,2011-02-15,7.887,1817,123,,388.52338,standalone
18289,Godzilla vs. Biollante,5000000.0,7000000,"['Action', 'Horror', 'Fantasy', 'Science Fiction']",True,1989-12-16,7.422,269,105,Godzilla (Heisei) Collection,40.0,starter
10294,Vacancy,19000000.0,35300645,"['Horror', 'Thriller']",True,2007-04-20,6.279,1520,85,Vacancy Collection,85.79286842105263,starter
10122,Flight of the Navigator,9000000.0,18564613,"['Family', 'Science Fiction', 'Adventure']",False,1986-07-30,6.946,874,90,,106.27347777777779,standalone
11158,"Honey, I Blew Up the Kid",40000000.0,58662452,"['Adventure', 'Comedy', 'Family', 'Science Fiction']",True,1992-07-16,5.268,1201,89,"Honey, I Shrunk the Kids Collection",46.656130000000005,subsequent
11702,The Replacement Killers,30000000.0,19200000,"['Action', 'Crime', 'Thriller']",False,1998-02-06,6.2,536,87,,-36.0,standalone
1300437,Trap,50.0,250,[],False,2010-05-28,0.0,0,85,,400.0,standalone
9922,The Postman,80000000.0,17626234,"['Science Fiction', 'Adventure', 'Action']",False,1997-12-25,6.267,1116,177,,-77.9672075,standalone
8409,A Man Apart,36000000.0,44350926,"['Action', 'Drama', 'Crime']",False,2003-04-04,6.089,900,109,,23.197016666666666,standalone
2153,The Driver,4000000.0,4900000,"['Crime', 'Thriller', 'Action']",False,1978-06-08,7.172,471,91,,22.5,standalone
934,Rififi,200000.0,460000,"['Crime', 'Thriller', 'Drama']",False,1955-04-13,7.789,590,118,,130.0,standalone
10647,Pay It Forward,40000000.0,55707411,['Drama'],False,2000-10-20,7.359,1880,122,,39.2685275,standalone
13279,Lakeview Terrace,20000000.0,27640028,"['Drama', 'Crime', 'Thriller']",False,2008-09-19,5.959,1089,110,,38.20014,standalone
146301,Paranormal Activity: The Ghost Dimension,10000000.0,78903124,"['Horror', 'Thriller']",True,2015-10-21,5.291,1405,87,Paranormal Activity Collection,689.03124,subsequent
1124876,Ulajh,4300000.0,1100000,"['Drama', 'Thriller']",False,2024-08-02,5.545,11,134,,-74.4186046511628,standalone
663870,Riders of Justice,5300000.0,679505,"['Action', 'Comedy', 'Drama', 'Thriller']",False,2020-11-19,7.272,931,116,,-87.17915094339622,standalone
1259,Notes on a Scandal,15000000.0,49814392,"['Drama', 'Romance']",False,2006-12-25,7.094,923,92,,232.0959466666667,standalone
964960,The Taste of Things,6500000.0,5970753,"['Romance', 'Drama']",False,2023-11-08,7.122,328,135,,-8.142261538461538,standalone
9562,Timeline,80000000.0,43935763,"['Action', 'Adventure', 'Science Fiction']",False,2003-11-26,5.717,1099,116,,-45.08029625,standalone
416477,The Big Sick,5000000.0,56303596,"['Comedy', 'Drama', 'Romance']",False,2017-03-30,7.331,2498,120,,1026.07192,standalone
9263,Now and Then,12000000.0,27400000,"['Comedy', 'Drama', 'Romance']",False,1995-10-20,6.904,451,100,,128.33333333333334,standalone
10676,Halloween III: Season of the Witch,2500000.0,14400000,"['Horror', 'Science Fiction']",True,1982-10-22,5.23,1437,99,Halloween Collection,476.0,subsequent
11963,Three Days of the Condor,7800000.0,41509797,"['Thriller', 'Mystery']",False,1975-09-24,7.283,1219,117,,432.1768846153846,standalone
57089,Hoodwinked Too! Hood VS. Evil,30000000.0,13500000,"['Comedy', 'Animation', 'Family']",True,2011-04-29,5.074,551,86,Hoodwinked! Collection,-55.00000000000001,subsequent
11536,The Misfits,4000000.0,8200000,"['Western', 'Drama', 'Romance']",False,1961-02-01,6.943,397,124,,105.0,standalone
15189,Hotel for Dogs,35000000.0,117000198,"['Comedy', 'Family']",False,2009-01-16,6.027,882,100,,234.28627999999998,standalone
10185,The Midnight Meat Train,15000000.0,3533227,"['Horror', 'Mystery', 'Fantasy']",False,2008-08-07,6.148,1162,98,,-76.44515333333334,standalone
13751,Akeelah and the Bee,8000000.0,18948425,['Drama'],False,2006-04-28,7.068,338,112,,136.8553125,standalone
10280,Thinner,8000000.0,15315484,"['Fantasy', 'Horror']",False,1996-10-25,5.899,631,92,,91.44355,standalone
11592,Serial Mom,13000000.0,7820688,"['Comedy', 'Crime']",False,1994-04-13,6.743,711,94,,-39.84086153846154,standalone
10218,Swingers,200000.0,4505922,"['Comedy', 'Drama']",False,1996-10-18,6.861,761,96,,2152.9610000000002,standalone
16619,Ordinary People,6000000.0,54766923,['Drama'],False,1980-09-19,7.5,646,124,,812.78205,standalone
14621,Lean On Me,10000000.0,31906454,['Drama'],False,1989-03-03,7.282,316,108,,219.06454000000002,standalone
18501,Gamer,50000000.0,40800000,"['Action', 'Thriller', 'Science Fiction']",False,2009-09-03,5.7,2455,95,,-18.4,standalone
3082,Modern Times,1500000.0,1800000,"['Comedy', 'Drama', 'Romance']",False,1936-02-05,8.28,3843,87,,20.0,standalone
203739,Vampire Academy,30000000.0,15391979,"['Comedy', 'Action', 'Fantasy']",False,2014-02-07,6.336,1771,104,,-48.693403333333336,standalone
11424,High Society,2800000.0,8200000,"['Music', 'Comedy', 'Romance']",False,1956-07-17,6.9,234,107,,192.85714285714286,standalone
369557,Sing Street,4000000.0,13624522,"['Romance', 'Drama', 'Music', 'Comedy']",False,2016-03-11,7.863,2338,105,,240.61305000000002,standalone
199534,Wolf Creek 2,8000000.0,9630444,"['Horror', 'Thriller']",True,2013-08-30,6.424,672,106,Wolf Creek Collection,20.38055,subsequent
44639,Inside Job,2000000.0,7871522,"['Documentary', 'Crime']",False,2010-10-08,7.703,967,109,,293.5761,standalone
11589,Kelly's Heroes,4000000.0,5200000,"['Adventure', 'Comedy', 'War']",False,1970-06-22,7.348,751,144,,30.0,standalone
9396,Crocodile Dundee II,14000000.0,239606210,"['Adventure', 'Comedy']",True,1988-05-19,5.839,1142,110,Crocodile Dundee Collection,1611.4729285714286,subsequent
122857,Universal Soldier: Day of Reckoning,11500000.0,1402307,"['Action', 'Science Fiction', 'Thriller']",True,2012-10-04,5.538,446,113,Universal Soldier Collection,-87.80602608695652,subsequent
272435,Gemma Bovery,9700000.0,154701,"['Romance', 'Drama', 'Comedy']",False,2014-09-10,6.13,328,99,,-98.40514432989691,standalone
11647,Infernal Affairs II,125000.0,3208262,"['Action', 'Thriller', 'Crime']",True,2003-10-01,7.3,432,119,Infernal Affairs Collection,2466.6096,subsequent
1939,Laura,1020000.0,2000000,"['Drama', 'Mystery']",False,1944-10-11,7.632,838,88,,96.07843137254902,standalone
11934,The Hudsucker Proxy,25000000.0,2800000,"['Comedy', 'Drama', 'Fantasy']",False,1994-03-11,7.068,1096,111,,-88.8,standalone
9726,A Good Year,35000000.0,42064105,"['Comedy', 'Drama', 'Romance']",False,2006-09-09,6.668,1536,117,,20.18315714285714,standalone
11916,Two Mules for Sister Sara,2500000.0,5050000,"['Western', 'Adventure', 'Romance']",False,1970-03-02,7.0,605,114,,102.0,standalone
14746,Streets of Fire,14500000.0,8089290,['Action'],True,1984-06-01,6.92,515,93,Tom Cody Collection,-44.21179310344828,starter
12500,American Ninja,1000000.0,10499694,['Action'],True,1985-08-30,5.96,450,95,American Ninja Collection,949.9694,starter
693113,Midnight in the Switchgrass,15000000.0,229811,"['Crime', 'Mystery', 'Thriller', 'Action']",False,2021-07-23,5.8,455,99,,-98.46792666666667,standalone
9838,King Solomon's Mines,12500000.0,15057465,"['Action', 'Adventure', 'Comedy']",True,1985-11-22,5.423,436,100,Allan Quatermain Collection,20.45972,starter
172,Star Trek V: The Final Frontier,33000000.0,63000000,"['Science Fiction', 'Action', 'Adventure', 'Thriller']",True,1989-06-09,5.721,1219,106,Star Trek: The Original Series Collection,90.9090909090909,subsequent
11051,The Last Temptation of Christ,7000000.0,33773585,['Drama'],False,1988-05-28,7.223,1108,163,,382.47978571428575,standalone
87496,The Company You Keep,2000000.0,20014680,"['Drama', 'Thriller']",False,2012-12-20,6.167,724,121,,900.7339999999999,standalone
49950,The Roommate,16000000.0,52545707,"['Thriller', 'Drama', 'Horror']",False,2011-02-04,5.4,952,92,,228.41066875,standalone
9667,The Jacket,29000000.0,21733230,"['Drama', 'Mystery', 'Science Fiction', 'Thriller', 'Fantasy']",False,2005-03-04,6.869,1561,103,,-25.057827586206898,standalone
15613,Fire in the Sky,15000000.0,19885552,"['Science Fiction', 'Drama', 'Mystery', 'Thriller', 'Fantasy']",False,1993-03-12,6.6,624,109,,32.570346666666666,standalone
10549,Hamlet,18000000.0,4700000,['Drama'],False,1996-12-25,7.324,493,242,,-73.88888888888889,standalone
10992,Cats & Dogs,60000000.0,93375151,"['Family', 'Comedy', 'Action', 'Adventure', 'Fantasy']",True,2001-07-04,5.392,1666,87,Cats & Dogs Collection,55.625251666666664,starter
590995,The Craft: Legacy,18000000.0,2300000,"['Horror', 'Drama', 'Fantasy']",True,2020-10-28,6.1,841,94,The Craft Collection,-87.22222222222223,subsequent
351044,Welcome to Marwen,39000000.0,13061491,"['Drama', 'Comedy']",False,2018-12-21,6.513,1165,116,,-66.50899743589743,standalone
8054,The Imaginarium of Doctor Parnassus,30000000.0,64352607,"['Adventure', 'Fantasy', 'Mystery']",False,2009-10-01,6.376,2753,123,,114.50868999999999,standalone
11031,This Is Spinal Tap,2500000.0,5809128,"['Comedy', 'Music']",True,1984-03-02,7.4,1477,82,This Is Spinal Tap Collection,132.36512,starter
9425,Soldier,75000000.0,14594226,"['Science Fiction', 'Action', 'Drama', 'Fantasy']",False,1998-10-23,6.396,876,99,,-80.541032,standalone
3083,Mr. Smith Goes to Washington,1500000.0,9600000,"['Comedy', 'Drama']",False,1939-10-19,7.85,1100,129,,540.0,standalone
14310,Infernal Affairs III,250000.0,4468597,"['Crime', 'Drama', 'Action']",True,2003-12-12,6.9,341,118,Infernal Affairs Collection,1687.4388,subsequent
10074,Hot Rod,25000000.0,14353654,"['Comedy', 'Action']",False,2007-08-03,6.4,1011,88,,-42.585384,standalone
10768,The Final Conflict,5000000.0,20471382,"['Horror', 'Mystery', 'Thriller']",True,1981-03-20,5.833,596,108,The Omen Collection,309.42764,subsequent
10518,Marathon Man,6500000.0,21709020,"['Thriller', 'Crime', 'Drama', 'Action']",False,1976-10-08,7.2,1132,125,,233.98492307692308,standalone
124459,The Incredible Burt Wonderstone,30000000.0,27437881,['Comedy'],False,2013-03-14,5.697,1458,100,,-8.540396666666666,standalone
7874,Black Snake Moan,15000000.0,10900000,['Drama'],False,2006-12-31,6.845,898,116,,-27.333333333333332,standalone
14047,The Great Debaters,15000000.0,30226144,['Drama'],False,2007-12-25,7.251,651,126,,101.50762666666667,standalone
532671,The Prodigy,6000000.0,21200000,"['Horror', 'Thriller']",False,2019-02-06,6.155,1007,92,,253.33333333333331,standalone
413362,"Roman J. Israel, Esq.",22000000.0,13025860,"['Drama', 'Crime', 'Thriller']",False,2017-11-17,6.342,1317,122,,-40.79154545454545,standalone
14362,Out for Justice,14000000.0,39673161,"['Action', 'Crime', 'Drama', 'Thriller']",False,1991-04-12,6.122,454,91,,183.37972142857143,standalone
2669,The Bounty,25000000.0,8613462,"['Action', 'Drama', 'History']",False,1984-05-04,6.691,584,132,,-65.546152,standalone
9945,Vampires,20000000.0,20308772,"['Action', 'Fantasy', 'Horror']",True,1998-10-30,6.316,1279,108,Vampires Collection,1.54386,starter
7450,Titan A.E.,75000000.0,36754634,"['Animation', 'Science Fiction', 'Adventure', 'Family', 'Action']",False,2000-06-16,6.585,1111,94,,-50.99382133333334,standalone
354556,Guardians,5400000.0,15065483,"['Science Fiction', 'Action', 'Fantasy', 'Comedy', 'Thriller']",False,2017-02-14,5.023,782,89,,178.99042592592593,standalone
12100,Windtalkers,115000000.0,77600000,"['War', 'Action', 'History']",False,2002-06-14,6.309,1314,134,,-32.52173913043478,standalone
676701,"Tad, the Lost Explorer and the Emerald Tablet",11983950.0,32800000,"['Animation', 'Adventure', 'Family', 'Comedy', 'Fantasy']",True,2022-08-24,7.481,317,89,The Adventures of Tad Jones,173.69940628924522,subsequent
12309,Bachelor Party,6000000.0,38435947,['Comedy'],True,1984-06-29,6.281,661,105,Bachelor Party Collection,540.5991166666666,starter
12102,Kramer vs. Kramer,8000000.0,106260000,['Drama'],False,1979-12-07,7.573,2296,105,,1228.25,standalone
1251,Letters from Iwo Jima,19000000.0,68673228,"['Action', 'Drama', 'War']",True,2006-12-09,7.477,2118,141,Clint Eastwood's Iwo Jima Collection,261.43804210526315,subsequent
2789,The Chronicles of Riddick,105000000.0,115772733,"['Action', 'Science Fiction']",True,2004-06-11,6.54,4219,119,The Chronicles of Riddick Collection,10.259745714285714,subsequent
15138,Little Monsters,7000000.0,793775,"['Adventure', 'Fantasy', 'Comedy', 'Family']",False,1989-08-25,5.84,206,102,,-88.66035714285714,standalone
26505,Arthur and the Revenge of Maltazard,87000000.0,52377611,"['Adventure', 'Fantasy', 'Animation', 'Family']",True,2009-11-26,5.7,1713,93,Arthur and the Invisibles Collection,-39.79584942528736,subsequent
901,City Lights,1500000.0,4250000,"['Comedy', 'Drama', 'Romance']",False,1931-02-06,8.265,2288,87,,183.33333333333331,standalone
11177,Mask,7500000.0,42400000,['Drama'],False,1985-03-08,7.233,464,126,,465.3333333333333,standalone
11064,Brewster's Millions,20000000.0,45833132,['Comedy'],False,1985-05-22,6.594,618,97,,129.16566,standalone
370567,Sherlock Gnomes,59000000.0,90497778,"['Animation', 'Family', 'Fantasy', 'Comedy', 'Adventure', 'Mystery']",True,2018-03-15,5.717,739,86,Gnomeo & Juliet Collection,53.38606440677967,subsequent
71864,The Odd Life of Timothy Green,25000000.0,56012642,"['Fantasy', 'Drama', 'Comedy', 'Family']",False,2012-08-15,6.999,1210,105,,124.050568,standalone
32985,Solomon Kane,45000000.0,19700000,"['Adventure', 'Fantasy', 'Action']",False,2009-12-23,6.021,1436,104,,-56.222222222222214,standalone
625,The Killing Fields,14400000.0,34700291,"['Drama', 'History', 'War']",False,1984-11-23,7.467,770,142,,140.97424305555555,standalone
419704,Ad Astra,87500000.0,127461872,"['Science Fiction', 'Drama']",False,2019-09-17,6.115,6830,123,,45.67071085714286,standalone
10307,Stigmata,29000000.0,50041732,"['Horror', 'Thriller', 'Fantasy']",False,1999-09-02,6.275,1142,103,,72.55769655172413,standalone
10403,The Player,8000000.0,21706101,"['Mystery', 'Drama', 'Thriller', 'Comedy', 'Crime']",False,1992-05-08,7.204,870,124,,171.3262625,standalone
517116,Haunt,5000000.0,2243353,"['Horror', 'Thriller']",True,2019-09-13,6.68,1276,93,Haunt Collection,-55.13294,starter
425505,Kin,30000000.0,10023153,"['Science Fiction', 'Action', 'Adventure', 'Thriller']",False,2018-08-29,6.1,848,102,,-66.58949,standalone
10339,Moby Dick,4500000.0,10400000,"['Adventure', 'Drama']",False,1956-06-27,7.063,432,116,,131.11111111111111,standalone
455714,Bad Genius,1839169.0,42350000,"['Drama', 'Crime', 'Thriller', 'Comedy']",False,2017-05-03,7.885,801,130,,2202.6703908123727,standalone
342737,20th Century Women,7000000.0,5664764,['Drama'],False,2016-12-28,7.33,1168,118,,-19.0748,standalone
22821,The Boondock Saints II: All Saints Day,8000000.0,10629321,"['Action', 'Thriller', 'Crime']",True,2009-11-24,5.989,766,118,The Boondock Saints Collection,32.8665125,subsequent
6644,El Dorado,4653000.0,6000000,['Western'],False,1966-12-17,7.352,550,126,,28.949065119277883,standalone
702525,Bigfoot Family,17520000.0,10855626,"['Animation', 'Adventure', 'Family']",True,2020-07-23,7.144,212,97,Bigfoot Collection,-38.038664383561645,subsequent
21778,RRRrrrr!!!,17820000.0,14054361,['Comedy'],False,2004-01-28,6.302,1189,94,,-21.131531986531986,standalone
11943,Jeremiah Johnson,3100000.0,44700000,"['Adventure', 'Western']",False,1972-09-10,7.288,629,108,,1341.9354838709678,standalone
12609,Help! I'm a Fish,18000000.0,5600000,"['Adventure', 'Animation', 'Comedy', 'Family', 'Drama']",False,2000-10-06,6.654,432,80,,-68.88888888888889,standalone
1722,Captain Corelli's Mandolin,57000000.0,62112895,"['Drama', 'Romance', 'War']",False,2001-04-18,6.0,541,131,,8.969991228070176,standalone
579047,Reminiscence,68000000.0,18717947,"['Mystery', 'Science Fiction']",False,2021-08-18,6.6,1835,116,,-72.47360735294117,standalone
4958,The Legend of Bagger Vance,80000000.0,39459427,"['Drama', 'Romance', 'Fantasy']",False,2000-11-02,6.596,926,126,,-50.67571625,standalone
152599,The Immigrant,16000000.0,5867686,"['Drama', 'Romance']",False,2013-11-27,6.3,832,117,,-63.32696249999999,standalone
8079,Om Shanti Om,9100000.0,37707444,"['Comedy', 'Thriller', 'Drama']",False,2007-11-07,7.089,365,169,,314.36751648351645,standalone
8069,Barbarella,9000000.0,2500000,"['Science Fiction', 'Adventure', 'Comedy', 'Fantasy', 'Action']",False,1968-10-10,5.961,766,98,,-72.22222222222221,standalone
892,Delicatessen,4000000.0,1794187,"['Comedy', 'Science Fiction', 'Fantasy']",False,1991-04-17,7.298,1522,99,,-55.145325,standalone
524247,The Intruder,8000000.0,40600000,['Thriller'],False,2019-05-03,6.048,589,102,,407.5,standalone
819876,Crimes of the Future,27000000.0,4551565,"['Science Fiction', 'Horror']",False,2022-05-25,6.053,1155,107,,-83.14235185185184,standalone
17680,The Girlfriend Experience,1700000.0,1007962,['Drama'],False,2009-05-22,5.03,312,77,,-40.70811764705882,standalone
455,Bend It Like Beckham,3500000.0,76585951,"['Comedy', 'Drama', 'Romance']",False,2002-04-11,6.3,1933,112,,2088.1700285714282,standalone
403300,A Hidden Life,9000000.0,4645140,"['History', 'Drama', 'War']",False,2019-08-27,7.151,721,173,,-48.38733333333333,standalone
785663,Old Henry,1500000.0,77463,"['Western', 'Action', 'Drama']",False,2021-10-01,7.26,605,99,,-94.8358,standalone
527776,Overcomer,5000000.0,38026103,['Drama'],False,2019-08-22,7.725,289,119,,660.52206,standalone
11899,The Muppets Take Manhattan,8000000.0,25500000,"['Romance', 'Comedy', 'Family']",False,1984-06-27,6.568,390,94,,218.75,standalone
87492,Foxcatcher,24000000.0,12096300,"['Drama', 'Thriller']",False,2014-11-14,6.655,2357,134,,-49.59875,standalone
11439,The Ghost Writer,45000000.0,60300000,"['Thriller', 'Mystery']",False,2010-02-12,6.822,2298,128,,34.0,standalone
1079244,Bonhoeffer: Pastor. Spy. Assassin,25000000.0,12165702,"['History', 'Drama', 'War']",False,2024-11-20,6.745,51,132,,-51.337192,standalone
339103,Gotti,10000000.0,4343227,"['Crime', 'Drama', 'History', 'Thriller']",False,2018-06-14,5.312,620,106,,-56.567730000000005,standalone
12498,Sling Blade,1200000.0,34100000,['Drama'],False,1996-08-30,7.541,816,135,,2741.666666666667,standalone
9967,Uncommon Valor,11000000.0,30503151,"['Drama', 'War', 'Action']",False,1983-12-16,6.24,202,105,,177.30137272727274,standalone
70436,The Raven,26000000.0,29657751,"['Crime', 'Thriller', 'Mystery']",False,2012-03-09,6.294,1370,111,,14.068273076923077,standalone
10778,The Man Who Wasn't There,20000000.0,18900000,"['Crime', 'Drama']",False,2001-10-26,7.528,1630,116,,-5.5,standalone
534780,Andhadhun,4500000.0,40000000,"['Crime', 'Mystery', 'Thriller', 'Comedy']",False,2018-10-05,7.633,549,139,,788.8888888888889,standalone
623511,The Burning Sea,8300000.0,2836382,"['Action', 'Thriller', 'Drama']",False,2021-10-29,6.6,269,104,,-65.82672289156626,standalone
889,The Flintstones in Viva Rock Vegas,83000000.0,59468275,"['Comedy', 'Family', 'Romance']",True,2000-04-28,4.783,771,90,The Flintstones Collection,-28.35147590361446,subsequent
9067,Tank Girl,25000000.0,4064495,"['Action', 'Comedy', 'Science Fiction', 'Fantasy']",False,1995-03-31,5.442,524,104,,-83.74202,standalone
20815,The Handmaid's Tale,13000000.0,5000000,"['Drama', 'Science Fiction']",False,1990-02-15,6.156,250,108,,-61.53846153846154,standalone
41280,Private Lessons,2800000.0,26279000,"['Comedy', 'Romance']",False,1981-05-01,5.8,122,87,,838.5357142857142,standalone
10650,Sudden Impact,22000000.0,150000000,"['Thriller', 'Crime', 'Action']",True,1983-12-08,6.549,934,117,Dirty Harry Collection,581.8181818181819,subsequent
18937,Quest for Camelot,40000000.0,38200000,"['Fantasy', 'Animation', 'Drama', 'Romance', 'Family']",False,1998-05-15,6.8,820,86,,-4.5,standalone
13824,Superstar,14000000.0,30636478,['Comedy'],False,1999-10-08,5.346,293,82,,118.83198571428571,standalone
282813,The Pyramid,6500000.0,16861137,['Horror'],False,2014-12-04,5.303,1097,89,,159.40210769230768,standalone
15655,The Tigger Movie,30000000.0,45554533,"['Animation', 'Family', 'Comedy']",False,2000-02-11,6.557,584,77,,51.848443333333336,standalone
369883,Middle School: The Worst Years of My Life,8500000.0,23316139,"['Family', 'Comedy']",False,2016-10-07,6.9,433,92,,174.30751764705883,standalone
19101,A Little Princess,17000000.0,10000000,"['Drama', 'Family', 'Fantasy']",False,1995-05-10,7.629,991,97,,-41.17647058823529,standalone
766475,See How They Run,40000000.0,21921551,"['Mystery', 'Comedy', 'Crime']",False,2022-09-09,6.369,1181,99,,-45.1961225,standalone
10197,Nine,80000000.0,53825515,"['Drama', 'Music', 'Romance']",False,2009-12-03,5.5,610,118,,-32.71810625,standalone
10952,New Jack City,8500000.0,47624253,"['Thriller', 'Crime', 'Drama']",False,1991-03-08,6.609,552,97,,460.28532941176474,standalone
10015,Heartbreak Ridge,15000000.0,42700000,"['War', 'Drama']",False,1986-12-05,6.874,1048,130,,184.66666666666666,standalone
1792,Stuck on You,55000000.0,65784503,['Comedy'],False,2003-12-10,5.339,675,119,,19.608187272727275,standalone
11548,*batteries not included,25000000.0,65088797,"['Family', 'Comedy', 'Fantasy', 'Science Fiction']",False,1987-12-18,6.658,736,107,,160.355188,standalone
250734,Far from the Madding Crowd,14500000.0,30300000,"['Drama', 'Romance']",False,2015-04-23,7.018,1057,119,,108.9655172413793,standalone
26963,The Secret of Kells,8000000.0,1803412,"['Animation', 'Family', 'Fantasy']",False,2009-02-09,7.4,727,78,,-77.45735,standalone
12560,The Big Chill,8000000.0,56342711,"['Comedy', 'Drama']",False,1983-09-30,6.859,614,105,,604.2838875,standalone
290,Barton Fink,9000000.0,6153939,"['Comedy', 'Drama', 'Thriller']",False,1991-08-01,7.455,1743,117,,-31.622899999999998,standalone
11866,Flight of the Phoenix,45000000.0,21009180,"['Action', 'Adventure', 'Drama']",False,2004-12-17,6.0,886,113,,-53.31293333333333,standalone
1696,The Devil's Rejects,7000000.0,20901859,"['Drama', 'Horror', 'Crime']",True,2005-07-22,6.8,1459,111,Firefly Collection,198.5979857142857,subsequent
14291,Searching for Bobby Fischer,12000000.0,7266383,['Drama'],False,1993-08-13,7.078,588,110,,-39.44680833333333,standalone
13192,Moonwalker,22000000.0,67000000,"['Fantasy', 'Music']",False,1988-10-29,6.949,564,93,,204.54545454545453,standalone
413644,The Son of Bigfoot,30000000.0,46372519,"['Family', 'Animation', 'Comedy']",True,2017-07-26,6.565,498,92,Bigfoot Collection,54.57506333333333,starter
17496,Urban Cowboy,10000000.0,53300000,"['Drama', 'Romance', 'Western']",False,1980-06-06,6.452,262,132,,433.0,standalone
9367,El Mariachi,7225.0,2040920,"['Action', 'Crime', 'Thriller']",True,1993-02-22,6.8,1185,81,Mexico Collection,28148.027681660897,starter
397837,Before I Fall,5000000.0,16373843,"['Drama', 'Fantasy']",False,2017-03-02,6.967,3455,98,,227.47686,standalone
20857,Hardball,32000000.0,40222729,['Drama'],False,2001-09-14,6.485,513,106,,25.696028124999998,standalone
11973,Thirteen Days,80000000.0,34566746,"['History', 'Thriller']",False,2000-12-25,7.015,778,145,,-56.79156749999999,standalone
838,American Graffiti,777000.0,140000000,"['Comedy', 'Drama']",True,1973-08-11,7.027,1494,110,American Graffiti Collection,17918.018018018018,starter
19277,In Hell,17000000.0,293671,"['Action', 'Drama', 'Thriller']",False,2003-11-24,6.554,554,96,,-98.27252352941176,standalone
417678,"Everything, Everything",10000000.0,61621140,"['Drama', 'Romance']",False,2017-05-18,7.2,3702,96,,516.2114,standalone
87567,The Big Wedding,35000000.0,21800000,['Comedy'],False,2013-04-25,5.848,1187,90,,-37.714285714285715,standalone
37034,True Legend,20000000.0,6820000,"['Action', 'Fantasy']",False,2010-02-09,6.6,228,115,,-65.9,standalone
437543,The Monkey King 3,87000000.0,115089944,"['Adventure', 'Fantasy', 'Action', 'Family']",True,2018-02-16,5.53,50,114,The Monkey King Collection,32.28729195402299,subsequent
239566,Get on Up,30000000.0,33448971,"['Drama', 'Music', 'History']",False,2014-08-01,6.767,540,139,,11.49657,standalone
9447,Babe: Pig in the City,90000000.0,69100000,"['Family', 'Adventure', 'Comedy', 'Drama']",True,1998-11-25,5.635,1262,96,Babe Collection,-23.22222222222222,subsequent
8851,The Blob,110000.0,4000000,"['Horror', 'Science Fiction']",True,1958-09-10,6.217,627,82,The Blob Collection,3536.3636363636365,starter
1290954,Rekhachithram,1058000.0,6741000,"['Mystery', 'Thriller', 'Crime']",False,2025-01-09,6.9,22,139,,537.1455576559546,standalone
467909,In the Heights,55000000.0,43000000,"['Drama', 'Romance']",False,2021-06-10,7.142,741,143,,-21.818181818181817,standalone
10766,Damien - Omen II,6800000.0,26518355,"['Horror', 'Thriller']",True,1978-06-09,6.43,763,107,The Omen Collection,289.9758088235294,subsequent
10426,Friday After Next,20000000.0,33526835,"['Comedy', 'Drama']",True,2002-11-22,6.317,427,85,Friday Collection,67.634175,subsequent
716612,Spencer,18000000.0,14000000,"['Drama', 'History']",False,2021-11-04,6.753,1712,116,,-22.22222222222222,standalone
41411,The Round Up,20000000.0,25346148,"['Drama', 'History', 'War']",False,2010-03-10,7.544,1022,115,,26.730739999999997,standalone
11418,National Lampoon's European Vacation,17000000.0,49364621,"['Adventure', 'Comedy', 'Romance']",True,1985-07-25,6.183,915,95,National Lampoon's Vacation Collection,190.38012352941175,subsequent
11202,Patton,12000000.0,89800000,"['War', 'Drama', 'History']",True,1970-01-25,7.485,1131,172,Patton Collection,648.3333333333334,starter
230179,Big Game,8500000.0,7500000,"['Action', 'Adventure', 'Thriller']",False,2015-03-19,5.486,1172,90,,-11.76470588235294,standalone
489925,Eighth Grade,2000000.0,13539709,"['Comedy', 'Drama']",False,2018-01-19,7.162,1576,94,,576.98545,standalone
588921,AINBO: Spirit of the Amazon,10000000.0,10237061,"['Adventure', 'Animation', 'Family', 'Fantasy']",False,2021-02-09,7.052,446,84,,2.37061,standalone
13509,The Monster Squad,12000000.0,3769990,"['Comedy', 'Action', 'Fantasy']",False,1987-08-14,6.7,589,82,,-68.58341666666666,standalone
8592,Dick Tracy,47000000.0,103738726,"['Adventure', 'Comedy', 'Crime']",False,1990-04-05,6.2,970,105,,120.72069361702127,standalone
7979,The Kite Runner,20000000.0,73276047,['Drama'],False,2007-12-14,7.332,1182,128,,266.380235,standalone
11258,Hard Rain,70000000.0,19900000,"['Thriller', 'Crime', 'Action']",False,1998-01-16,5.843,731,97,,-71.57142857142857,standalone
46528,The Warrior's Way,42000000.0,11100000,"['Adventure', 'Fantasy', 'Action', 'Western', 'Thriller']",False,2010-12-01,6.565,633,100,,-73.57142857142858,standalone
8011,Highlander III: The Sorcerer,30000000.0,36738574,"['Fantasy', 'Action', 'Adventure']",True,1994-11-29,4.742,513,99,Highlander Collection,22.46191333333333,subsequent
823491,Out of Darkness,1500000.0,1987281,"['Adventure', 'Horror', 'Thriller']",False,2024-02-09,5.839,96,87,,32.4854,standalone
586,Wag the Dog,15000000.0,64256513,"['Comedy', 'Drama']",False,1997-12-25,6.938,979,97,,328.37675333333334,standalone
9449,The Borrowers,29000000.0,22619699,"['Adventure', 'Fantasy', 'Action', 'Comedy', 'Family']",False,1997-12-05,6.003,487,87,,-22.001037931034485,standalone
533991,Stree,2800000.0,21000000,"['Horror', 'Comedy']",True,2018-08-31,6.923,163,128,Maddock Horror Comedy Universe,650.0,starter
43894,Naughty Marietta,782000.0,2057000,"['Music', 'Romance']",False,1935-03-29,5.381,21,103,,163.04347826086956,standalone
15772,Guru,4700000.0,31000000,"['Drama', 'Romance']",False,2007-01-12,6.807,127,166,,559.5744680851064,standalone
67660,Think Like a Man,12000000.0,96070507,"['Comedy', 'Romance']",True,2012-04-20,6.8,854,122,Think Like a Man Collection,700.5875583333333,starter
34653,A Single Man,7000000.0,25000000,"['Drama', 'Romance']",False,2009-12-11,7.3,1577,100,,257.14285714285717,standalone
266396,The Gunman,40000000.0,13644292,"['Action', 'Drama', 'Crime']",False,2015-02-16,5.752,971,115,,-65.88927,standalone
15450,Tyler Perry's The Family That Preys,15000000.0,37100000,"['Drama', 'Romance']",False,2008-09-12,6.8,87,110,,147.33333333333334,standalone
2176,The Glass House,30000000.0,23619609,"['Drama', 'Thriller']",True,2001-09-14,5.944,1027,107,The Glass House Collection,-21.26797,starter
9920,Ultraviolet,30000000.0,31070211,"['Science Fiction', 'Action', 'Thriller']",False,2006-03-03,5.223,1630,87,,3.5673700000000004,standalone
7007,Rising Sun,40000000.0,107198790,"['Action', 'Drama', 'Thriller']",False,1993-07-30,6.146,782,125,,167.996975,standalone
28032,Thumbelina,28000000.0,17000000,"['Animation', 'Fantasy', 'Romance', 'Music', 'Family']",False,1994-03-30,6.417,509,86,,-39.285714285714285,standalone
11395,The Santa Clause,22000000.0,189833357,"['Fantasy', 'Drama', 'Comedy', 'Family']",True,1994-11-11,6.494,2137,97,The Santa Clause Collection,762.8788954545454,starter
454293,Night School,29000000.0,33157615,['Comedy'],False,2018-09-27,6.145,1703,111,,14.336603448275861,standalone
414453,Columbus,700000.0,1015744,['Drama'],False,2017-08-04,7.112,416,104,,45.10628571428572,standalone
323675,Ride Along 2,40000000.0,124827316,"['Action', 'Comedy']",True,2016-01-14,6.252,1720,102,Ride Along Collection,212.06829,subsequent
82696,Hope Springs,30000000.0,114281051,"['Drama', 'Comedy', 'Romance']",False,2012-08-07,6.254,792,100,,280.93683666666664,standalone
246741,What We Do in the Shadows,1600000.0,6300000,"['Comedy', 'Horror']",False,2014-06-19,7.56,3673,86,,293.75,standalone
289222,The Zookeeper's Wife,20000000.0,26152835,"['Drama', 'History', 'War']",False,2017-03-24,7.331,1521,126,,30.764174999999998,standalone
11113,My Fair Lady,17000000.0,72661442,"['Music', 'Comedy', 'Romance']",False,1964-10-21,7.513,1346,170,,327.4202470588235,standalone
13554,Eight Men Out,6100000.0,5700000,"['Drama', 'History']",False,1988-09-02,6.901,253,120,,-6.557377049180328,standalone
1833,Rent,40000000.0,31670620,"['Drama', 'Romance']",False,2005-11-17,6.8,569,135,,-20.823449999999998,standalone
14248,Igor,25000000.0,30700000,"['Animation', 'Comedy', 'Family', 'Fantasy', 'Horror']",False,2008-09-19,5.946,570,87,,22.8,standalone
25389,Matinee,14000000.0,9532895,"['Comedy', 'Drama']",False,1993-01-29,6.6,298,99,,-31.907892857142855,standalone
412988,The Happytime Murders,40000000.0,27500000,"['Action', 'Comedy', 'Crime']",False,2018-08-22,5.791,1032,90,,-31.25,standalone
44603,Hereafter,50000000.0,107000000,"['Drama', 'Fantasy']",False,2010-10-22,6.117,1721,129,,113.99999999999999,standalone
976584,The Book of Clarence,40000000.0,6205230,"['Adventure', 'Comedy', 'Drama']",False,2024-01-11,6.0,107,129,,-84.486925,standalone
2654,In the Mouth of Madness,8000000.0,8946600,"['Horror', 'Mystery']",False,1995-02-03,7.2,1738,95,,11.8325,standalone
516329,Antlers,17000000.0,18867659,"['Drama', 'Horror', 'Mystery']",False,2021-10-28,6.228,1137,99,,10.986229411764706,standalone
121734,"Tad, the Lost Explorer",10500000.0,23000000,"['Animation', 'Comedy', 'Adventure', 'Family']",True,2012-08-10,6.26,578,90,The Adventures of Tad Jones,119.04761904761905,starter
37221,Another Egg and Chicken Movie,1900000.0,8583678,"['Animation', 'Comedy', 'Adventure', 'Family']",True,2009-03-20,7.749,183,100,Huevos - Collection,351.77252631578943,subsequent
22897,It's Complicated,85000000.0,219103655,"['Comedy', 'Romance']",False,2009-12-23,6.5,1440,121,,157.76900588235293,standalone
139567,Fire with Fire,20000000.0,2500277,"['Action', 'Crime', 'Drama', 'Thriller']",False,2012-08-31,5.687,694,97,,-87.498615,standalone
83686,The Words,6000000.0,13231461,"['Drama', 'Thriller']",False,2012-09-07,6.67,1223,96,,120.52435,standalone
9080,Spies Like Us,22000000.0,60088980,"['Comedy', 'Adventure']",False,1985-12-06,6.171,654,102,,173.1317272727273,standalone
11531,Book of Shadows: Blair Witch 2,15000000.0,47737094,"['Horror', 'Mystery']",True,2000-10-27,4.28,856,90,Blair Witch Collection,218.24729333333335,subsequent
11897,How the West Was Won,15000000.0,50000000,['Western'],False,1962-11-02,6.982,452,164,,233.33333333333334,standalone
79224,War of the Arrows,8000000.0,49000000,"['Drama', 'Action', 'History']",False,2011-08-10,7.243,268,122,,512.5,standalone
117691,Gangs of Wasseypur - Part 1,1400000.0,4100000,"['Action', 'Thriller', 'Crime']",True,2012-06-22,7.073,388,160,Gangs of Wasseypur Collection,192.85714285714286,starter
72913,Amigo,1200000.0,183597,"['Drama', 'History', 'War']",False,2011-08-19,4.813,16,128,,-84.70025,standalone
799155,Attack,9600000.0,2600000,"['Action', 'Science Fiction', 'Thriller']",False,2022-04-01,6.8,209,123,,-72.91666666666666,standalone
9030,The Eye,12000000.0,58010320,"['Drama', 'Horror', 'Thriller']",False,2008-02-01,5.887,1089,98,,383.4193333333333,standalone
9980,Maximum Overdrive,10000000.0,7400000,"['Horror', 'Action', 'Science Fiction', 'Comedy']",False,1986-07-13,5.818,792,97,,-26.0,standalone
2099,Raw Deal,8500000.0,16209459,"['Action', 'Crime', 'Thriller']",False,1986-06-06,5.822,811,106,,90.69951764705883,standalone
37861,Valhalla Rising,5650000.0,31000,"['Adventure', 'Drama', 'Action', 'Fantasy']",False,2009-09-04,6.091,1238,93,,-99.45132743362832,standalone
113947,The Sessions,1000000.0,9138338,"['Drama', 'Romance', 'Comedy']",False,2012-05-02,6.897,571,95,,813.8337999999999,standalone
413518,Pinocchio,12400000.0,17133446,"['Drama', 'Family', 'Fantasy']",False,2019-12-19,6.57,1521,124,,38.172951612903226,standalone
10276,What About Bob?,35000000.0,63710000,['Comedy'],False,1991-05-17,6.861,847,100,,82.02857142857142,standalone
523781,Words on Bathroom Walls,8000000.0,3151849,"['Drama', 'Romance']",False,2020-08-21,7.787,630,111,,-60.6018875,standalone
3177,Battle Royale II: Requiem,9080000.0,14902587,"['Action', 'Thriller']",True,2003-07-05,4.954,493,155,Battle Royale Collection,64.12540748898678,subsequent
6073,The Mexican,57000000.0,147845033,"['Action', 'Comedy', 'Crime', 'Romance']",False,2001-03-01,5.936,1499,123,,159.37725087719298,standalone
9592,Open Water 2: Adrift,1200000.0,6816129,"['Drama', 'Horror', 'Thriller']",True,2006-07-10,5.476,689,94,Open Water Collection,468.01075000000003,starter
2787,Pitch Black,23000000.0,53187659,"['Thriller', 'Science Fiction', 'Action']",True,2000-02-18,6.849,4550,108,The Chronicles of Riddick Collection,131.25069130434784,starter
2000,"Aguirre, the Wrath of God",370000.0,37041,"['History', 'Adventure', 'Drama']",False,1972-12-29,7.467,1151,95,,-89.98891891891891,standalone
8265,Welcome to the Sticks,11000000.0,245144417,"['Comedy', 'Drama', 'Romance']",False,2008-02-20,6.692,2478,106,,2128.585609090909,standalone
614939,Bros,22000000.0,14800000,"['Comedy', 'Romance']",False,2022-09-30,6.687,525,115,,-32.72727272727273,standalone
1730,Inland Empire,15000000.0,4304157,"['Horror', 'Thriller', 'Mystery', 'Drama', 'Fantasy']",False,2006-12-06,7.006,1163,180,,-71.30562,standalone
15152,"OSS 117: Cairo, Nest of Spies",15200000.0,23055884,"['Crime', 'Action', 'Adventure', 'Comedy']",True,2006-04-19,7.231,1785,99,OSS 117 - Saga,51.68344736842106,starter
382322,Batman: The Killing Joke,3500000.0,3775000,"['Action', 'Animation', 'Crime', 'Drama']",False,2016-07-24,6.607,1864,77,,7.857142857142857,standalone
10226,High Tension,2500000.0,6291958,"['Horror', 'Thriller', 'Mystery']",False,2003-06-18,6.761,1368,91,,151.67832,standalone
10147,Bad Santa,23000000.0,76500000,"['Drama', 'Comedy', 'Crime']",True,2003-11-26,6.55,2211,92,Bad Santa Collection,232.60869565217394,starter
20533,Jonah Hex,47000000.0,10539000,"['Action', 'Western', 'Drama', 'Fantasy', 'Thriller']",False,2010-06-18,5.0,1469,82,,-77.57659574468086,standalone
14181,Boiler Room,7000000.0,28780255,"['Crime', 'Drama', 'Thriller']",False,2000-02-18,6.7,685,118,,311.1465,standalone
224141,Into the Woods,50000000.0,212902372,"['Fantasy', 'Comedy']",False,2014-12-24,5.754,4291,125,,325.80474399999997,standalone
1394,Nostalgia,875000.0,311708,"['Drama', 'Romance']",False,1983-06-02,7.801,565,124,,-64.37622857142857,standalone
309302,Wolf Totem,38000000.0,123205624,"['Adventure', 'Drama']",False,2015-02-19,6.494,386,116,,224.2253263157895,standalone
13600,City of Ember,55000000.0,17869048,"['Adventure', 'Family', 'Fantasy']",False,2008-10-07,6.35,1780,90,,-67.51082181818182,standalone
994143,Skinamarink,15000.0,2131183,['Horror'],False,2023-01-13,5.4,318,100,,14107.886666666667,standalone
10366,Universal Soldier: The Return,33500000.0,10667893,"['Action', 'Science Fiction']",True,1999-08-05,5.9,1289,82,Universal Soldier Collection,-68.15554328358209,subsequent
184346,Deliver Us from Evil,30000000.0,87937815,"['Thriller', 'Crime', 'Horror']",False,2014-07-01,6.255,2104,118,,193.12605,standalone
13788,The Unborn,16000000.0,76514050,"['Horror', 'Thriller', 'Mystery']",False,2009-01-09,5.2,1374,87,,378.2128125,standalone
407439,Mary Magdalene,20000000.0,11710110,['Drama'],False,2018-03-15,6.308,549,120,,-41.44945,standalone
10753,Police Story 2,750000.0,11477301,"['Action', 'Crime', 'Thriller']",True,1988-08-13,7.1,571,105,Police Story Collection,1430.3068,subsequent
13490,Welcome Home Roscoe Jenkins,35000000.0,43650785,"['Comedy', 'Drama', 'Family']",False,2008-02-08,6.0,295,114,,24.716528571428572,standalone
285783,The Walk,35000000.0,61181942,"['History', 'Drama', 'Adventure']",False,2015-09-30,6.991,3247,123,,74.80554857142857,standalone
3683,Flags of Our Fathers,90000000.0,65900249,"['War', 'Drama', 'History']",True,2006-10-19,6.853,1890,135,Clint Eastwood's Iwo Jima Collection,-26.777501111111114,starter
11571,Journey to the Center of the Earth,3440000.0,10000000,"['Adventure', 'Fantasy', 'Family']",False,1959-12-15,6.914,479,132,,190.69767441860466,standalone
1969,Bandidas,35000000.0,18381890,"['Action', 'Comedy', 'Western', 'Crime']",False,2006-01-18,6.025,1118,93,,-47.480314285714286,standalone
576,The Wild Bunch,6244087.0,638641,['Western'],False,1969-06-19,7.6,1248,145,,-89.77206755767496,standalone
24973,The Egyptian,5000000.0,15000000,"['History', 'Drama']",False,1954-08-25,6.4,96,139,,200.0,standalone
262,The King of Comedy,19000000.0,2536000,"['Drama', 'Comedy']",False,1982-12-18,7.783,2403,109,,-86.65263157894736,standalone
77949,The Awakening,4798235.0,6879667,"['Horror', 'Thriller', 'Mystery']",False,2011-08-17,6.374,1424,107,,43.37911752967498,standalone
8852,Prince of Darkness,3000000.0,14182492,['Horror'],False,1987-10-23,6.779,1060,102,,372.7497333333333,standalone
522,Ed Wood,18000000.0,5900000,"['Comedy', 'Drama', 'History']",False,1994-09-28,7.491,2389,127,,-67.22222222222223,standalone
1852,World Trade Center,65000000.0,163200000,"['Drama', 'History', 'Thriller']",False,2006-08-09,6.142,1688,129,,151.0769230769231,standalone
449563,Isn't It Romantic,31000000.0,48800000,"['Comedy', 'Fantasy', 'Romance']",False,2019-02-13,6.209,3507,89,,57.41935483870968,standalone
11507,Body Double,10000000.0,8801940,"['Crime', 'Mystery', 'Thriller']",False,1984-10-25,6.758,845,114,,-11.980599999999999,standalone
25602,Ninja,10000000.0,194243,"['Action', 'Crime', 'Drama', 'Thriller']",True,2009-10-22,6.095,372,83,Ninja Collection,-98.05757,starter
951546,Reign of Chaos,10000.0,100,"['Action', 'Horror', 'Fantasy']",False,2022-04-12,5.4,43,77,,-99.0,standalone
575094,Abigail,7000000.0,1940234,"['Adventure', 'Fantasy', 'Mystery']",False,2019-08-22,6.1,238,110,,-72.28237142857142,standalone
17689,The Gauntlet,5500000.0,26400000,"['Drama', 'Action', 'Crime', 'Thriller']",False,1977-12-17,6.566,565,109,,380.0,standalone
11484,Rollerball,6000000.0,30000000,"['Science Fiction', 'Action']",False,1975-06-25,6.256,562,125,,400.0,standalone
37903,The White Ribbon,21555450.0,11652157,"['Drama', 'Mystery']",False,2009-09-24,7.482,1061,144,,-45.94333683592781,standalone
10400,The Hurricane,50000000.0,73956241,['Drama'],False,1999-09-17,7.44,1448,146,,47.912482,standalone
13370,A Mighty Wind,6000000.0,18750246,"['Comedy', 'Music']",False,2003-04-16,6.743,249,92,,212.5041,standalone
13195,Flawless,20000000.0,6819587,"['Crime', 'Drama', 'Thriller']",False,2007-09-01,6.7,567,108,,-65.902065,standalone
10223,A Simple Plan,17000000.0,16316273,"['Crime', 'Drama', 'Thriller']",False,1998-12-11,7.19,978,121,,-4.021923529411764,standalone
186992,Stranger by the Lake,1400000.0,1200000,"['Drama', 'Thriller']",False,2013-06-12,6.31,443,100,,-14.285714285714285,standalone
432527,Padmaavat,31000000.0,81673897,"['Drama', 'History', 'Romance']",False,2018-01-25,6.947,284,163,,163.46418387096776,standalone
14429,Drive Me Crazy,8000000.0,22593409,"['Romance', 'Comedy', 'Drama']",False,1999-10-01,6.6,401,91,,182.4176125,standalone
10684,Courage Under Fire,46000000.0,100900000,"['Drama', 'Thriller', 'Mystery', 'War']",False,1996-07-04,6.508,962,116,,119.34782608695653,standalone
9059,Tales from the Crypt: Demon Knight,13000000.0,21089146,"['Horror', 'Comedy', 'Thriller']",True,1995-01-13,6.866,507,92,Tales from the Crypt Collection,62.224199999999996,starter
27945,Hombre,5860000.0,12000000,['Western'],False,1967-03-21,7.1,221,111,,104.77815699658703,standalone
98357,Broken City,56000000.0,34737199,"['Thriller', 'Crime', 'Drama']",False,2013-01-18,5.946,1498,109,,-37.9692875,standalone
390051,Aftermath,10500000.0,840809,"['Drama', 'Thriller']",False,2017-02-28,5.747,919,92,,-91.99229523809524,standalone
9431,Bordello of Blood,15000000.0,5600000,"['Horror', 'Comedy']",True,1996-08-16,5.9,387,87,Tales from the Crypt Collection,-62.66666666666667,subsequent
62204,Quest for Fire,12000000.0,55260558,"['Adventure', 'Drama']",False,1981-12-16,7.018,532,100,,360.50464999999997,standalone
3036,Mary Shelley's Frankenstein,45000000.0,112000000,"['Drama', 'Horror', 'Science Fiction', 'Romance']",False,1994-11-04,6.437,1264,123,,148.88888888888889,standalone
77948,The Cold Light of Day,20000000.0,16863583,"['Action', 'Thriller', 'Mystery']",False,2012-04-04,5.36,936,93,,-15.682085,standalone
10823,Children of the Corn,800000.0,14568989,"['Horror', 'Thriller']",True,1984-03-09,5.724,1040,92,Children of the Corn Collection,1721.123625,starter
476968,"Paul, Apostle of Christ",5000000.0,25915966,['Drama'],False,2018-03-23,7.599,378,108,,418.31932,standalone
11426,From Here to Eternity,1650000.0,30500000,"['War', 'Romance', 'Drama']",False,1953-08-28,7.282,662,118,,1748.4848484848485,standalone
429733,Mayhem,2500000.0,17366,"['Action', 'Comedy', 'Horror']",False,2017-11-10,6.5,724,87,,-99.30536,standalone
14177,Beauty Shop,25000000.0,36351350,"['Comedy', 'Romance']",False,2005-04-22,6.303,525,105,,45.4054,standalone
759,Gentlemen Prefer Blondes,2300000.0,5300000,"['Comedy', 'Romance']",False,1953-07-14,7.3,1001,91,,130.43478260869566,standalone
1019939,Hundreds of Beavers,150000.0,804017,"['Comedy', 'Adventure', 'Action']",False,2024-01-26,7.225,193,108,,436.01133333333337,standalone
366668,Playmobil: The Movie,75000000.0,1630000,"['Family', 'Animation', 'Comedy', 'Adventure']",False,2019-06-10,5.643,287,99,,-97.82666666666667,standalone
10206,Buffy the Vampire Slayer,7000000.0,16624456,"['Action', 'Comedy', 'Horror']",False,1992-07-24,5.607,846,86,,137.49222857142857,standalone
42188,Never Let Me Go,15000000.0,9918093,"['Drama', 'Romance', 'Science Fiction']",False,2010-03-18,6.852,2344,103,,-33.87938,standalone
3635,Girl with a Pearl Earring,10500000.0,31500000,"['Drama', 'Romance']",False,2003-12-12,6.614,1405,101,,200.0,standalone
498248,Mia and the White Lion,9600000.0,35487190,"['Adventure', 'Family', 'Drama']",False,2018-08-02,7.274,888,98,,269.6582291666667,standalone
2690,Irma la Douce,5000000.0,25200000,"['Romance', 'Comedy']",False,1963-06-05,7.412,434,147,,404.0,standalone
10774,Network,3800000.0,23700000,['Drama'],False,1976-11-14,7.815,1847,122,,523.6842105263157,standalone
10592,Hart's War,70000000.0,32287044,"['Drama', 'War']",False,2002-02-15,6.39,974,125,,-53.87565142857142,standalone
1093966,Vettaiyan,35500000.0,30745762,"['Action', 'Crime', 'Drama']",False,2024-10-10,6.1,27,161,,-13.392219718309859,standalone
17501,Don,5000000.0,15000000,"['Action', 'Drama', 'Thriller']",True,2006-10-20,6.881,277,178,Don Collection,200.0,starter
1147546,The Diplomat,2352000.0,6230000,"['Thriller', 'Drama']",False,2025-03-07,6.469,16,132,,164.88095238095238,standalone
621587,Next Goal Wins,14000000.0,18062279,"['Comedy', 'Drama']",False,2023-11-16,6.408,519,104,,29.016278571428572,standalone
9298,Ali G Indahouse,7000000.0,23280529,['Comedy'],False,2002-03-21,6.065,1406,85,,232.5789857142857,standalone
234,The Cabinet of Dr. Caligari,18000.0,8811,"['Drama', 'Horror', 'Thriller', 'Crime']",False,1920-02-27,7.93,1661,77,,-51.05,standalone
17898,Silver Bullet,7000000.0,12400000,['Horror'],False,1985-10-10,6.6,639,95,,77.14285714285715,standalone
2453,Harley Davidson and the Marlboro Man,23000000.0,7434726,"['Action', 'Thriller']",False,1991-08-23,6.296,451,98,,-67.67510434782609,standalone
48034,Little White Lies,25000000.0,48531470,"['Comedy', 'Drama']",True,2010-10-20,7.109,1582,154,Little White Lies Collection,94.12588,starter
12177,The Love Guru,62000000.0,40854735,"['Comedy', 'Romance']",False,2008-06-20,4.1,730,87,,-34.10526612903226,standalone
480001,The Art of Self-Defense,1800000.0,2400000,"['Comedy', 'Thriller', 'Drama', 'Mystery']",False,2019-07-12,6.569,762,104,,33.33333333333333,standalone
335462,Wolf Warrior,12000000.0,80000000,"['Action', 'War']",True,2015-04-02,6.2,252,90,Wolf Warrior Collection,566.6666666666667,starter
1989,My Blueberry Nights,10000000.0,21800000,"['Drama', 'Romance']",False,2007-11-28,6.4,794,95,,118.0,standalone
9013,Midnight Run,30000000.0,38413606,"['Action', 'Comedy', 'Crime', 'Thriller']",True,1988-07-20,7.195,1150,126,Midnight Run Collection,28.045353333333335,starter
11950,Cannonball Run II,20000000.0,56278073,"['Action', 'Comedy']",True,1984-06-29,5.384,328,108,Cannonball Run Collection,181.390365,subsequent
6415,Three Kings,75000000.0,108000000,"['Action', 'Comedy', 'War']",False,1999-09-27,6.654,2130,114,,44.0,standalone
922,Dead Man,9000000.0,1038000,"['Drama', 'Fantasy', 'Western']",False,1995-12-23,7.299,1625,121,,-88.46666666666667,standalone
8975,The Marine,20000000.0,22165608,['Action'],True,2006-10-13,5.967,781,92,The Marine Collection,10.82804,starter
12516,Dreams,12000000.0,2970161,"['Fantasy', 'Drama']",False,1990-05-11,7.703,502,119,,-75.24865833333332,standalone
13154,Showdown in Little Tokyo,8000000.0,2275557,"['Action', 'Comedy', 'Crime']",False,1991-08-23,6.375,493,79,,-71.5555375,standalone
11615,The Life of David Gale,50000000.0,38955598,"['Drama', 'Thriller', 'Crime']",False,2003-02-21,7.441,2077,130,,-22.088804,standalone
10669,Deliverance,2000000.0,46122355,"['Drama', 'Adventure', 'Thriller']",False,1972-08-18,7.314,1671,109,,2206.11775,standalone
454294,The Kid Who Would Be King,59000000.0,32140970,"['Action', 'Adventure', 'Fantasy', 'Family']",False,2019-01-16,6.201,788,120,,-45.52377966101695,standalone
2122,The Whole Ten Yards,40000000.0,26155781,"['Comedy', 'Thriller', 'Crime']",True,2004-04-07,5.746,975,98,The Whole Nine/Ten Yards Collection,-34.6105475,subsequent
9663,Starman,22000000.0,28744356,"['Science Fiction', 'Romance', 'Drama']",False,1984-12-13,6.941,914,115,,30.656163636363637,standalone
9292,Hudson Hawk,65000000.0,17218080,"['Action', 'Adventure', 'Comedy']",False,1991-05-23,5.699,1041,100,,-73.51064615384615,standalone
49022,Something Borrowed,35000000.0,65090821,"['Comedy', 'Drama', 'Romance']",False,2011-05-05,6.245,1060,112,,85.97377428571428,standalone
10606,The Philadelphia Experiment,9000000.0,8103330,"['Science Fiction', 'Adventure', 'Thriller']",True,1984-10-05,6.1,403,102,The Philadelphia Experiment Collection,-9.963,starter
9290,Crocodile Dundee in Los Angeles,21150000.0,39438674,"['Adventure', 'Comedy']",True,2001-04-12,5.187,630,95,Crocodile Dundee Collection,86.4712718676123,subsequent
19185,Night of the Living Dead,4200000.0,5835247,['Horror'],False,1990-10-19,6.9,873,88,,38.934452380952386,standalone
11347,The Lair of the White Worm,2500000.0,1189315,"['Horror', 'Comedy']",False,1988-09-21,5.9,274,93,,-52.4274,standalone
70074,Bullet to the Head,55000000.0,9489829,"['Action', 'Crime', 'Thriller']",False,2012-11-14,5.617,1308,92,,-82.74576545454545,standalone
227348,Paranormal Activity: The Marked Ones,5000000.0,90894962,"['Horror', 'Thriller']",True,2014-01-01,5.403,1466,84,Paranormal Activity Collection,1717.8992399999997,subsequent
72431,Red Tails,58000000.0,50365377,"['Drama', 'Action', 'Adventure', 'History', 'War']",False,2012-01-19,6.574,651,125,,-13.163143103448277,standalone
19084,Johnson Family Vacation,12000000.0,31179516,"['Comedy', 'Family']",False,2004-04-07,5.5,198,97,,159.8293,standalone
9075,Black Book,21000000.0,26768563,"['Drama', 'Thriller', 'War']",False,2006-09-14,7.447,1178,145,,27.469347619047618,standalone
19345,Black Widow,10500000.0,25205460,['Thriller'],False,1987-02-06,6.163,209,102,,140.052,standalone
21301,Barbershop 2: Back in Business,18000000.0,65070412,"['Comedy', 'Drama']",True,2004-01-20,5.976,290,106,Barbershop Collection,261.50228888888887,subsequent
910,The Big Sleep,250000.0,10682000,"['Mystery', 'Crime', 'Thriller']",False,1946-08-23,7.605,1085,114,,4172.8,standalone
242095,The Signal,4000000.0,2665322,"['Thriller', 'Science Fiction']",False,2014-03-15,6.01,1724,97,,-33.36695,standalone
68179,Escape from Planet Earth,40000000.0,74597643,"['Animation', 'Comedy', 'Adventure', 'Family', 'Science Fiction']",False,2013-02-14,5.741,771,89,,86.4941075,standalone
169209,Empire State,11000000.0,3639345,"['Action', 'Drama']",False,2013-09-03,5.388,704,94,,-66.91504545454545,standalone
306947,The Invitation,1000000.0,354835,"['Thriller', 'Horror']",False,2016-04-08,6.424,2678,100,,-64.5165,standalone
10126,Colors,6000000.0,46616067,"['Action', 'Crime', 'Drama', 'Romance', 'Thriller']",False,1988-04-15,6.486,489,120,,676.93445,standalone
255,Stolen Kisses,350000.0,1500000,"['Comedy', 'Drama', 'Romance']",True,1968-09-04,7.3,436,90,The Adventures of Antoine Doinel Collection,328.57142857142856,starter
10654,Hair,11000000.0,15313606,"['Music', 'Drama', 'Comedy']",False,1979-03-15,7.281,688,121,,39.2146,standalone
565028,Candyman,25000000.0,77411570,"['Horror', 'Thriller']",True,2021-08-25,6.021,1632,91,Candyman Collection,209.64628,subsequent
170522,Asterix: The Mansions of the Gods,30000000.0,51379470,"['Animation', 'Comedy', 'Adventure', 'Family']",True,2014-11-26,6.79,1405,85,Asterix and Obelix (Animation) Collection,71.2649,starter
663260,Black Box,10722240.0,9738741,"['Mystery', 'Thriller', 'Drama']",False,2021-09-08,7.331,1314,130,,-9.17251432536485,standalone
9091,Sudden Death,35000000.0,64350171,"['Action', 'Drama', 'Thriller', 'Crime']",False,1995-10-27,5.998,750,110,,83.85763142857144,standalone
16761,A Movie of Eggs,800000.0,7144638,"['Animation', 'Comedy', 'Family']",True,2006-04-21,7.789,306,90,Huevos - Collection,793.07975,starter
9763,Goal!,10000000.0,27610873,['Drama'],True,2005-09-29,6.76,1149,118,Goal! Collection,176.10873,starter
148284,Enthiran,26400000.0,62000000,"['Action', 'Science Fiction']",True,2010-10-01,6.6,229,155,Robot Collection,134.84848484848484,starter
241254,The Prince,18000000.0,1289595,"['Thriller', 'Action']",False,2014-08-22,4.901,496,93,,-92.83558333333333,standalone
29826,The Legend of the Nahuala,975000.0,4000000,"['Animation', 'Family', 'Fantasy', 'Horror']",True,2007-10-31,7.834,211,84,Las Leyendas Collection,310.2564102564103,starter
10679,Iron Sky,7500000.0,10109659,"['Action', 'Comedy', 'Science Fiction']",True,2012-04-04,5.73,1661,93,Iron Sky Collection,34.795453333333334,starter
4012,The Believer,1500000.0,1309316,['Drama'],False,2001-08-23,6.872,627,98,,-12.712266666666666,standalone
577328,Kabir Singh,8751000.0,55478164,"['Drama', 'Romance']",False,2019-06-20,6.471,153,172,,533.9637070049137,standalone
42661,The Vikings,5000000.0,20311,"['Adventure', 'History', 'Action']",False,1958-06-11,7.1,336,115,,-99.59378,standalone
10874,Muppet Treasure Island,31000000.0,34300000,"['Family', 'Comedy', 'Adventure', 'Music']",False,1996-02-16,6.679,420,99,,10.64516129032258,standalone
10907,The Adventures of Robin Hood,2033000.0,3981000,"['Adventure', 'Romance', 'History', 'Action']",False,1938-05-13,7.471,786,102,,95.81898671913429,standalone
12690,Appaloosa,20000000.0,20211394,"['Drama', 'Western', 'Crime']",False,2008-09-19,6.581,1032,115,,1.05697,standalone
226,Boys Don't Cry,2000000.0,11540607,"['Crime', 'Drama']",False,1999-09-02,7.406,1371,118,,477.03035,standalone
472454,Ayla: The Daughter of War,4200000.0,21107423,"['Drama', 'War', 'History']",False,2017-10-27,8.0,373,124,,402.55769047619043,standalone
73499,The Double,17000000.0,4729855,"['Action', 'Drama', 'Crime']",False,2011-10-27,5.791,680,98,,-72.17732352941177,standalone
13121,Teeth,2000000.0,2340110,"['Comedy', 'Horror']",False,2008-01-18,5.4,760,94,,17.0055,standalone
13477,When in Rome,55000000.0,43042835,"['Comedy', 'Fantasy', 'Romance']",False,2010-01-29,5.954,1227,91,,-21.7403,standalone
983044,The Arctic Convoy,6600000.0,3637940,"['War', 'Drama']",False,2023-12-25,6.895,110,109,,-44.87969696969697,standalone
9779,The Sisterhood of the Traveling Pants,25000000.0,39053061,"['Drama', 'Comedy', 'Romance']",True,2005-06-01,6.511,1307,119,The Sisterhood of the Traveling Pants Collection,56.212244,starter
16608,The Proposition,2000000.0,5048693,"['Action', 'Adventure', 'Crime', 'Drama', 'Thriller', 'Western']",False,2005-10-06,7.029,657,104,,152.43465,standalone
14813,Mickey's Christmas Carol,3000000.0,21000000,"['Family', 'Animation']",False,1983-10-19,7.645,940,25,,600.0,standalone
11123,Earthquake,7000000.0,79666653,"['Action', 'Drama', 'Thriller']",False,1974-11-15,6.1,334,123,,1038.095042857143,standalone
64685,Extremely Loud & Incredibly Close,40000000.0,55200000,['Drama'],False,2011-12-25,7.0,2046,129,,38.0,standalone
14435,My Bloody Valentine,15000000.0,102836002,"['Horror', 'Thriller']",False,2009-01-16,5.6,1235,101,,585.5733466666667,standalone
75900,My Week with Marilyn,6400000.0,35100000,"['Drama', 'Romance']",False,2011-11-23,6.679,1303,99,,448.4375,standalone
1026227,There's Still Tomorrow,9000000.0,50121593,"['Drama', 'Comedy', 'History']",False,2023-10-26,8.13,1391,118,,456.9065888888889,standalone
3109,The Quiet Man,1750000.0,3800000,"['Romance', 'Comedy', 'Drama']",False,1952-07-21,7.314,557,129,,117.14285714285715,standalone
11121,Tess,12000000.0,20101247,"['Drama', 'Romance']",False,1979-10-06,7.066,349,172,,67.51039166666666,standalone
9443,Chariots of Fire,5500000.0,58972904,"['Drama', 'History']",False,1981-05-15,6.788,953,123,,972.2346181818182,standalone
11566,Dave,28000000.0,92000000,['Comedy'],False,1993-05-07,6.652,775,110,,228.57142857142856,standalone
326215,Ooops! Noah Is Gone...,6000000.0,22783699,"['Animation', 'Adventure', 'Comedy', 'Family']",True,2015-03-26,6.382,325,85,Ooops! Noah is Gone... Collection,279.7283166666667,starter
187596,Walk of Shame,6000000.0,8100000,['Comedy'],False,2014-05-02,5.963,1460,95,,35.0,standalone
64720,Take Shelter,5000000.0,3741098,"['Thriller', 'Drama', 'Horror']",False,2011-09-30,7.039,1838,120,,-25.178040000000003,standalone
23759,Centurion,12000000.0,6890432,"['Adventure', 'Action', 'Drama']",False,2010-02-15,6.219,1448,97,,-42.57973333333334,standalone
348668,A Conspiracy of Faith,5210000.0,9700000,"['Crime', 'Drama', 'Mystery', 'Thriller']",True,2016-03-03,7.0,579,108,Department Q Collection,86.18042226487525,subsequent
9989,Antitrust,30000000.0,18200000,"['Action', 'Crime', 'Drama']",False,2001-01-11,6.054,538,108,,-39.33333333333333,standalone
243940,The Lazarus Effect,3300000.0,64110728,"['Horror', 'Science Fiction', 'Thriller']",False,2015-01-29,5.296,1449,83,,1842.7493333333334,standalone
12103,Don't Say a Word,50000000.0,100020092,"['Thriller', 'Mystery']",False,2001-09-28,6.2,939,113,,100.04018400000001,standalone
11676,Nothing to Lose,25000000.0,44480039,"['Comedy', 'Crime', 'Action', 'Adventure']",False,1997-07-18,6.593,634,97,,77.92015599999999,standalone
9087,The American President,62000000.0,107879496,"['Comedy', 'Drama', 'Romance']",False,1995-11-17,6.5,740,113,,73.9991870967742,standalone
323677,Race,5000000.0,24804129,"['Drama', 'History']",False,2016-02-19,7.2,1564,134,,396.08258,standalone
11356,The Odd Couple,1200000.0,44527234,['Comedy'],True,1968-05-16,7.453,604,106,The Odd Couple Collection,3610.6028333333334,starter
2001,We Own the Night,21000000.0,55033767,"['Drama', 'Crime', 'Thriller']",False,2007-10-12,6.691,1405,118,,162.06555714285716,standalone
13552,The Doom Generation,800000.0,284785,"['Comedy', 'Crime', 'Drama']",False,1995-10-20,6.502,274,83,,-64.401875,standalone
9021,The Santa Clause 2,65000000.0,172842355,"['Fantasy', 'Comedy', 'Family']",True,2002-09-29,5.97,1345,104,The Santa Clause Collection,165.9113153846154,subsequent
10328,Cocoon,17500000.0,85300000,"['Comedy', 'Science Fiction', 'Mystery', 'Drama']",True,1985-06-21,6.6,1322,117,Cocoon Collection,387.4285714285714,starter
452773,"Tad, the Lost Explorer, and the Secret of King Midas",10778400.0,34156960,"['Animation', 'Adventure', 'Comedy', 'Family']",True,2017-03-25,6.677,415,85,The Adventures of Tad Jones,216.90195205225265,subsequent
995,Stagecoach,531374.0,1103757,"['Western', 'Adventure']",False,1939-03-02,7.626,1160,96,,107.7175398118839,standalone
12193,Four Christmases,80000000.0,164112721,"['Comedy', 'Romance', 'Drama']",False,2008-11-26,5.806,1178,88,,105.14090125,standalone
9079,Dying Young,18000000.0,82264675,"['Drama', 'Romance']",False,1991-06-20,6.68,460,111,,357.0259722222222,standalone
1623,Brubaker,9000000.0,37121708,"['Crime', 'Drama']",False,1980-06-20,7.07,477,125,,312.4634222222222,standalone
17277,The Fall of the Roman Empire,19000000.0,4750000,"['Drama', 'History', 'War']",False,1964-03-24,6.488,206,188,,-75.0,standalone
226486,Tammy,20000000.0,100500000,['Comedy'],False,2014-07-02,5.339,1231,97,,402.50000000000006,standalone
11359,The Indian in the Cupboard,45000000.0,35700000,"['Adventure', 'Family', 'Fantasy']",False,1995-07-14,6.461,642,96,,-20.666666666666668,standalone
9393,Before the Fall,4500000.0,3764219,['Drama'],False,2004-07-04,7.0,338,117,,-16.35068888888889,standalone
1548,Ghost World,7000000.0,8800000,"['Comedy', 'Drama']",False,2001-07-20,7.077,1468,111,,25.71428571428571,standalone
10142,Casualties of War,22500000.0,18671317,"['Drama', 'History', 'War']",False,1989-08-18,7.153,927,113,,-17.016368888888888,standalone
285213,The Pirates,13000000.0,64400000,"['Action', 'Adventure', 'Comedy', 'Fantasy']",True,2014-08-06,7.0,224,130,The Pirates Collection,395.3846153846154,starter
10155,U Turn,19000000.0,6682098,"['Crime', 'Drama', 'Thriller', 'Romance']",False,1997-10-03,6.626,760,125,,-64.83106315789475,standalone
11545,Rushmore,9000000.0,17096053,"['Comedy', 'Drama']",False,1998-12-11,7.399,2560,93,,89.95614444444445,standalone
506,Marnie,2135000.0,7000000,"['Thriller', 'Mystery', 'Romance', 'Crime']",False,1964-07-17,7.136,1162,130,,227.8688524590164,standalone
446791,All the Money in the World,50000000.0,56996304,"['Crime', 'History', 'Thriller']",False,2017-12-21,6.477,2304,132,,13.992608,standalone
44564,The Dilemma,70000000.0,67112664,"['Comedy', 'Drama']",False,2011-01-13,5.326,874,111,,-4.124765714285714,standalone
11827,Heavy Metal,9300000.0,20118654,"['Animation', 'Science Fiction', 'Adventure', 'Fantasy', 'Music']",True,1981-08-07,6.508,727,90,Heavy Metal Collection,116.32961290322581,starter
11257,A Room with a View,3000000.0,20966644,"['Drama', 'Romance']",False,1986-03-07,6.9,790,117,,598.8881333333334,standalone
13550,The Changeling,7600000.0,12000000,['Horror'],False,1980-03-28,6.98,664,105,,57.89473684210527,standalone
10072,A Nightmare on Elm Street 3: Dream Warriors,4450000.0,44793222,"['Horror', 'Thriller', 'Fantasy']",True,1987-02-27,6.7,1867,96,A Nightmare on Elm Street Collection,906.5892584269664,subsequent
15139,The Pagemaster,27000000.0,13670688,"['Family', 'Fantasy', 'Animation']",False,1994-11-23,6.39,750,75,,-49.36782222222222,standalone
11167,Peeping Tom,150000.0,83957,"['Horror', 'Thriller', 'Drama']",False,1960-05-16,7.444,838,101,,-44.028666666666666,standalone
428449,A Ghost Story,100000.0,1929659,"['Drama', 'Fantasy', 'Mystery', 'Romance']",False,2017-04-24,7.093,2379,93,,1829.6589999999999,standalone
12797,Ghost Town,20000000.0,27100000,"['Drama', 'Comedy', 'Fantasy']",False,2008-09-19,6.532,998,102,,35.5,standalone
10156,History of the World: Part I,11000000.0,31672907,['Comedy'],False,1981-06-12,6.783,835,92,,187.93551818181817,standalone
382597,R.A.I.D. Special Unit,32400000.0,34598750,"['Action', 'Comedy']",False,2017-02-01,5.738,920,105,,6.786265432098765,standalone
145,Breaking the Waves,7500000.0,23000000,"['Drama', 'Romance']",False,1996-07-05,7.5,1041,158,,206.66666666666669,standalone
38357,Morning Glory,40000000.0,60040976,"['Drama', 'Comedy', 'Romance']",False,2010-11-10,6.356,1535,107,,50.10244,standalone
9662,The Triplets of Belleville,9500000.0,14776760,"['Animation', 'Comedy', 'Drama', 'Family']",False,2003-06-11,7.392,978,80,,55.54484210526316,standalone
895956,The Burning Cold,1200000.0,100772,"['Drama', 'War']",False,2023-01-20,7.393,14,117,,-91.60233333333333,standalone
103370,Madea's Witness Protection,20000000.0,66899242,"['Drama', 'Comedy', 'Crime']",True,2012-06-29,6.1,183,114,Madea Collection,234.49621000000002,subsequent
354859,The Promise,90000000.0,12448676,"['History', 'Romance', 'Drama']",False,2016-12-02,6.9,475,133,,-86.16813777777777,standalone
339380,On the Basis of Sex,20000000.0,38755968,"['Drama', 'History']",False,2018-12-25,7.372,1058,120,,93.77984000000001,standalone
58244,Upside Down,60000000.0,22187813,"['Romance', 'Science Fiction', 'Drama', 'Fantasy']",False,2012-09-27,6.279,2526,104,,-63.020311666666665,standalone
9768,Cry-Baby,11000000.0,8266343,"['Comedy', 'Romance']",False,1990-04-06,6.5,1514,85,,-24.85142727272727,standalone
140818,Ragnarok,6500000.0,3721345,"['Action', 'Adventure']",False,2013-10-04,5.673,223,93,,-42.74853846153846,standalone
10655,Gettysburg,25000000.0,12700000,"['Drama', 'History', 'War']",True,1993-10-08,6.918,305,254,American Civil War Collection,-49.2,starter
11644,Blow Out,18000000.0,12000000,"['Thriller', 'Mystery', 'Crime']",False,1981-07-24,7.372,1531,108,,-33.33333333333333,standalone
10253,Dragon Wars: D-War,32000000.0,75108998,"['Fantasy', 'Drama', 'Horror', 'Action', 'Thriller', 'Science Fiction']",False,2007-08-01,4.528,425,90,,134.71561875,standalone
670428,PG: Psycho Goreman,1700000.0,95384,"['Science Fiction', 'Comedy', 'Horror']",False,2020-10-29,5.9,381,95,,-94.38917647058823,standalone
78698,Big Miracle,40000000.0,24719215,"['Adventure', 'Drama', 'Romance', 'Fantasy']",False,2012-02-02,6.704,506,107,,-38.2019625,standalone
2255,Chasing Amy,250000.0,12021272,"['Comedy', 'Drama', 'Romance']",False,1997-04-04,6.764,1443,114,,4708.5088,standalone
303903,Pokémon the Movie: Diancie and the Cocoon of Destruction,24720400.0,28595105,"['Animation', 'Family', 'Adventure', 'Action', 'Comedy', 'Drama']",True,2014-07-19,6.616,185,76,Pokémon: XY Collection,15.674119350819565,starter
9407,Red Corner,48000000.0,22420000,"['Crime', 'Drama', 'Thriller']",False,1997-10-30,6.3,378,122,,-53.29166666666667,standalone
208763,Forbidden Empire,26000000.0,34592118,"['Thriller', 'Adventure', 'Mystery', 'Fantasy', 'Horror', 'Science Fiction']",True,2014-01-30,5.878,319,128,Viy Collection,33.046607692307695,starter
49948,Fantasia 2000,80000000.0,60655420,"['Animation', 'Family', 'Music']",True,2000-01-01,6.971,1312,74,Fantasia Collection,-24.180725,subsequent
11775,Intolerable Cruelty,60000000.0,119940815,"['Comedy', 'Romance', 'Crime']",False,2003-09-02,5.946,1539,100,,99.90135833333333,standalone
14433,Zulu,1720000.0,8000000,"['Action', 'Drama', 'History', 'War']",True,1964-01-22,7.385,535,138,Zulu Collection,365.1162790697674,starter
11208,Wicker Park,30000000.0,13000000,"['Drama', 'Mystery', 'Romance', 'Thriller']",False,2004-09-03,6.8,699,114,,-56.666666666666664,standalone
1025491,Freud's Last Session,10000000.0,1697993,['Drama'],False,2023-12-22,6.722,133,109,,-83.02007,standalone
5375,Fred Claus,100000000.0,97800000,"['Action', 'Comedy', 'Drama']",False,2007-11-09,5.834,870,115,,-2.1999999999999997,standalone
9826,The Phantom,45000000.0,17323326,"['Adventure', 'Action']",False,1996-06-06,5.27,586,100,,-61.503719999999994,standalone
9410,Great Expectations,25000000.0,55494066,"['Comedy', 'Drama', 'Romance']",False,1998-01-30,6.609,621,111,,121.97626399999999,standalone
1968,Fools Rush In,20000000.0,42000000,"['Comedy', 'Drama', 'Romance']",False,1997-02-14,6.474,566,109,,110.00000000000001,standalone
14289,Fire Down Below,60000000.0,16228448,"['Action', 'Thriller']",False,1997-09-05,5.7,364,104,,-72.95258666666666,standalone
9591,That Thing You Do!,26000000.0,34585416,"['Comedy', 'Drama', 'Romance', 'Music']",False,1996-10-04,6.875,862,108,,33.02083076923077,standalone
5653,Luther,30000000.0,29400000,"['Drama', 'History']",False,2003-10-29,6.431,317,123,,-2.0,standalone
370665,Dilwale,26000000.0,61000000,"['Crime', 'Action', 'Comedy']",False,2015-12-18,6.673,321,158,,134.6153846153846,standalone
803114,The Requin,8500000.0,130493,"['Horror', 'Mystery', 'Thriller']",False,2022-01-28,4.8,353,89,,-98.46478823529412,standalone
402529,All Eyez on Me,40000000.0,55668698,"['History', 'Drama', 'Music']",False,2017-06-12,6.71,1186,139,,39.171745,standalone
470,21 Grams,20000000.0,60427839,"['Drama', 'Crime', 'Thriller']",False,2003-09-06,7.3,3207,124,,202.139195,standalone
14367,Adventures in Babysitting,7000000.0,34368475,['Comedy'],False,1987-07-01,6.876,690,102,,390.9782142857143,standalone
17466,Death Warrant,4000000.0,16853487,"['Action', 'Crime', 'Thriller', 'Mystery']",False,1990-09-14,6.227,580,89,,321.337175,standalone
286567,Max Steel,10000000.0,6272403,"['Action', 'Adventure', 'Science Fiction']",False,2016-10-14,5.605,806,92,,-37.27597,standalone
12088,Fortress,8000000.0,6739141,"['Action', 'Thriller', 'Science Fiction']",True,1992-12-18,6.043,670,95,Fortress (1992) Collection,-15.7607375,starter
290751,Secret in Their Eyes,19500000.0,34854990,"['Thriller', 'Mystery', 'Crime']",False,2015-10-14,6.353,1378,111,,78.74353846153846,standalone
9952,Rescue Dawn,10000000.0,7177143,"['Adventure', 'Drama', 'War']",False,2007-06-23,6.959,1305,125,,-28.228569999999998,standalone
452557,Wolf Warrior 2,29700000.0,870322670,"['War', 'Action']",True,2017-07-27,6.5,294,124,Wolf Warrior Collection,2830.3793602693604,subsequent
320588,"Hello, My Name Is Doris",1000000.0,14659448,"['Comedy', 'Drama', 'Romance']",False,2015-11-27,6.393,492,95,,1365.9448,standalone
19384,Dark Angel,7000000.0,9200000,"['Action', 'Thriller', 'Science Fiction', 'Crime', 'Horror']",False,1990-01-26,5.9,331,91,,31.428571428571427,standalone
760099,Living,10000000.0,6999027,['Drama'],False,2022-11-04,7.002,442,102,,-30.00973,standalone
9701,North Country,35000000.0,25224242,['Drama'],False,2005-02-12,7.254,678,126,,-27.930737142857144,standalone
4244,The Kid,65000000.0,110317580,"['Fantasy', 'Comedy', 'Family']",False,2000-07-07,6.726,1047,104,,69.71935384615384,standalone
768,From Hell,35000000.0,74558115,"['Horror', 'Mystery', 'Thriller']",False,2001-02-08,6.698,2871,122,,113.02318571428572,standalone
333352,Eye in the Sky,13000000.0,18704595,"['Drama', 'Thriller', 'War']",False,2015-09-07,7.011,1620,102,,43.8815,standalone
261392,American Ultra,28000000.0,27100000,"['Action', 'Comedy']",False,2015-08-19,6.094,2816,96,,-3.214285714285714,standalone
25188,The Last Picture Show,1300000.0,29133000,"['Drama', 'Romance']",True,1971-10-03,7.62,721,119,The Last Picture Show and Texasville,2141.0,starter
340945,USS Indianapolis: Men of Courage,40000000.0,2158568,"['Action', 'War']",False,2016-09-22,5.881,624,128,,-94.60358,standalone
26594,The Secret,3500000.0,65600000,['Documentary'],False,2006-03-26,6.556,369,90,,1774.2857142857144,standalone
24253,The Girl Who Played with Fire,4422952.0,67126795,"['Drama', 'Action', 'Thriller', 'Crime', 'Mystery']",True,2009-09-18,6.994,1693,129,The Millennium Collection,1417.6921431659216,subsequent
15037,Can't Hardly Wait,10000000.0,25605015,"['Comedy', 'Romance']",False,1998-06-12,6.239,549,100,,156.05015,standalone
1406,City Slickers,27000000.0,179033791,"['Comedy', 'Western']",True,1991-06-07,6.44,812,114,City Slickers Collection,563.0881148148148,starter
407451,A Wrinkle in Time,103000000.0,132675864,"['Adventure', 'Science Fiction', 'Family', 'Fantasy']",False,2018-03-08,5.061,1808,109,,28.81151844660194,standalone
8617,Prom Night,20000000.0,14800000,"['Horror', 'Drama', 'Mystery']",False,2008-04-10,5.047,745,88,,-26.0,standalone
103332,Ruby Sparks,8000000.0,9368803,"['Comedy', 'Romance', 'Fantasy', 'Drama']",False,2012-07-25,7.122,1679,104,,17.1100375,standalone
308504,Last Knights,40000000.0,3643591,"['Action', 'Adventure']",False,2015-04-03,6.424,1098,115,,-90.89102249999999,standalone
656663,Jackass Forever,10000000.0,80340218,"['Comedy', 'Documentary', 'Action']",True,2022-02-01,6.818,832,96,Jackass Collection,703.4021799999999,subsequent
333385,Mr. Right,8000000.0,34694,"['Comedy', 'Romance', 'Crime']",False,2016-02-29,6.46,1377,95,,-99.566325,standalone
1276960,Apocalypse Unknown,5000.0,1300,"['Horror', 'Drama']",False,2022-08-27,0.0,0,51,,-74.0,standalone
424277,Annette,15500000.0,3700000,"['Drama', 'Romance']",False,2021-07-07,6.716,704,140,,-76.12903225806451,standalone
383785,Kung Fu Yoga,65000000.0,254212245,"['Comedy', 'Mystery', 'Family', 'Action', 'Adventure']",True,2017-01-27,5.8,394,107,The Myth Collection,291.09576153846155,subsequent
8461,Funny Games,15000000.0,7938872,"['Thriller', 'Horror']",False,2008-03-14,6.552,2115,111,,-47.07418666666667,standalone
62564,"Turn Me On, Dammit!",3100000.0,1743743,"['Drama', 'Comedy']",False,2011-08-19,6.3,209,76,,-43.75022580645162,standalone
14623,Thunderbirds,57000000.0,28283637,"['Action', 'Adventure', 'Comedy', 'Family']",False,2004-07-23,4.962,299,95,,-50.37958421052632,standalone
854239,Till,33000000.0,11498884,"['Drama', 'History']",False,2022-10-14,7.338,297,131,,-65.15489696969698,standalone
459616,The Brand New Adventures of Aladdin,18900000.0,19000000,"['Comedy', 'Fantasy', 'Adventure']",True,2018-10-03,4.847,392,98,The New Adventures of Aladin Collection,0.5291005291005291,starter
902,The City of Lost Children,18000000.0,1738611,"['Fantasy', 'Science Fiction', 'Adventure']",False,1995-05-17,7.244,1136,113,,-90.34105,standalone
11133,Poltergeist II: The Other Side,19000000.0,40996665,"['Horror', 'Thriller']",True,1986-05-23,5.992,712,91,Poltergeist Collection,115.77192105263158,subsequent
35854,Flash Point,8000000.0,6177725,['Action'],False,2007-07-26,6.889,339,88,,-22.778437500000003,standalone
692,Pink Flamingos,12000.0,6000000,"['Comedy', 'Crime']",False,1972-03-17,6.2,518,93,,49900.0,standalone
49527,Man on a Ledge,42000000.0,46221189,"['Action', 'Thriller', 'Crime']",False,2012-01-13,6.43,2663,102,,10.05045,standalone
11807,Jab We Met,2300000.0,10065630,"['Drama', 'Comedy', 'Romance']",False,2007-10-26,7.294,284,138,,337.6360869565217,standalone
66034,Mad Dog Time,8000000.0,107874,"['Action', 'Comedy', 'Crime']",False,1996-11-08,5.3,46,93,,-98.65157500000001,standalone
403,Driving Miss Daisy,7500000.0,145793296,['Drama'],False,1989-12-13,7.231,1645,99,,1843.9106133333332,standalone
11884,The Last Starfighter,15000000.0,28733290,"['Adventure', 'Science Fiction', 'Action']",False,1984-07-13,6.6,710,101,,91.55526666666667,standalone
1233531,Article 370,2413068.0,13222021,"['Action', 'Thriller', 'Drama']",False,2024-02-23,6.797,32,160,,447.9340408144321,standalone
16140,Death Note: The Last Name,17000000.0,47919757,"['Fantasy', 'Thriller', 'Mystery']",True,2006-10-28,7.057,509,140,Death Note Collection,181.88092352941177,subsequent
791,The Fog,18000000.0,46201432,"['Horror', 'Mystery']",False,2005-10-14,4.523,772,100,,156.6746222222222,standalone
10210,A Midsummer Night's Dream,11000000.0,16071990,"['Fantasy', 'Comedy', 'Romance']",False,1999-05-20,6.4,379,116,,46.109,standalone
398929,Alibi.com,7546570.0,29370592,"['Comedy', 'Family']",True,2017-02-15,6.465,1705,90,Alibi.com Collection,289.19127497657877,starter
479226,The Purity of Vengeance,6000000.0,470000,"['Crime', 'Thriller', 'Mystery', 'Drama']",True,2018-10-04,7.2,509,118,Department Q Collection,-92.16666666666666,subsequent
519010,Pain and Glory,10769016.0,37359689,['Drama'],False,2019-03-22,7.386,1827,114,,246.91831639956706,standalone
452,The Idiots,2500000.0,7200,"['Comedy', 'Drama']",False,1998-04-28,6.485,612,114,,-99.712,standalone
408648,Batman and Harley Quinn,3500000.0,39091,"['Adventure', 'Animation', 'Comedy', 'Crime']",False,2017-08-14,6.1,622,74,,-98.88311428571429,standalone
1902,Open Your Eyes,2900000.0,370720,"['Drama', 'Thriller', 'Science Fiction']",False,1997-12-19,7.458,1097,117,,-87.21655172413793,standalone
179,The Interpreter,80000000.0,162944923,"['Crime', 'Thriller']",False,2005-04-08,6.312,1474,128,,103.68115375,standalone
14030,"Hello, Dolly!",24000000.0,33208099,"['Music', 'Comedy', 'Romance']",False,1969-12-12,6.973,364,148,,38.36707916666667,standalone
60309,The Conspirator,25000000.0,15478800,"['Crime', 'Drama', 'History']",False,2011-04-15,6.557,459,122,,-38.0848,standalone
1129608,The Greatest of All Time,36000000.0,47700000,"['Action', 'Drama', 'Thriller']",False,2024-09-05,4.8,28,183,,32.5,standalone
225728,Macbeth,15000000.0,16322067,"['Drama', 'War']",False,2015-09-22,6.5,1467,113,,8.81378,standalone
65055,Shark Night 3D,28000000.0,10126458,"['Thriller', 'Horror']",False,2011-09-02,5.1,576,91,,-63.83407857142858,standalone
10053,When a Stranger Calls,15000000.0,67062123,"['Horror', 'Mystery']",False,2006-02-03,5.736,1068,87,,347.08082,standalone
82505,House at the End of the Street,6900000.0,44287131,"['Horror', 'Thriller']",False,2012-09-21,5.8,1826,101,,541.8424782608696,standalone
9415,Murder at 1600,40000000.0,25804707,"['Action', 'Drama', 'Mystery', 'Thriller', 'Crime']",False,1997-04-18,6.058,548,107,,-35.4882325,standalone
237214,Duniyadari,390000.0,3,[],False,2014-07-19,6.7,10,148,,-99.99923076923078,standalone
76544,Man of Tai Chi,25000000.0,2054941,"['Action', 'Drama']",False,2013-07-04,6.094,946,106,,-91.780236,standalone
1088096,Goodrich,5000000.0,1320429,"['Comedy', 'Drama']",False,2024-10-17,6.3,73,111,,-73.59142,standalone
535389,The Great Battle,13305000.0,41509280,"['War', 'History', 'Action']",False,2018-09-19,6.803,173,135,,211.9825629462608,standalone
1647,The Recruit,46000000.0,101200000,"['Action', 'Thriller']",False,2003-01-31,6.37,1788,115,,120.0,standalone
24940,Head Over Heels,14000000.0,13127022,"['Romance', 'Comedy']",False,2001-02-02,5.6,241,87,,-6.235557142857143,standalone
49526,Premium Rush,35000000.0,31100000,"['Crime', 'Action', 'Thriller']",False,2012-08-24,6.333,2165,91,,-11.142857142857142,standalone
50837,Martha Marcy May Marlene,1000000.0,3500000,"['Drama', 'Thriller']",False,2011-10-21,6.6,768,101,,250.0,standalone
1909,Don Juan DeMarco,25000000.0,68792531,"['Romance', 'Drama', 'Comedy']",False,1994-10-12,6.7,757,97,,175.17012400000002,standalone
10414,The Mighty Ducks,10000000.0,50752337,"['Comedy', 'Family', 'Drama', 'Action']",True,1992-10-02,6.552,918,101,The Mighty Ducks Collection,407.52337,starter
8285,The Spirit,60000000.0,39031337,"['Crime', 'Thriller', 'Fantasy', 'Action']",False,2008-12-25,4.764,1007,103,,-34.94777166666667,standalone
13682,Pooh's Heffalump Movie,20000000.0,52900000,"['Family', 'Animation', 'Comedy', 'Fantasy']",False,2005-02-11,6.81,466,68,,164.5,standalone
424998,The Case for Christ,3000000.0,18200000,['Drama'],False,2017-04-07,6.854,298,112,,506.66666666666663,standalone
55292,Shaolin,29000000.0,33662874,"['Action', 'Drama']",False,2011-01-20,6.848,374,131,,16.078875862068966,standalone
10547,The Arrival,25000000.0,14063331,"['Science Fiction', 'Thriller', 'Horror']",True,1996-05-31,5.981,764,115,The Arrival Collection,-43.746676,starter
132316,Jab Tak Hai Jaan,6087315.0,27942181,"['Drama', 'Romance']",False,2012-11-13,7.058,266,176,,359.02308324770445,standalone
330764,The Brand New Testament,8700000.0,15709652,"['Comedy', 'Fantasy']",False,2015-09-02,6.648,1681,114,,80.57071264367816,standalone
4105,Black Rain,30000000.0,134212055,"['Drama', 'Action', 'Thriller']",False,1989-09-22,6.586,1143,125,,347.37351666666666,standalone
13850,Song of the South,2125000.0,65000000,"['Family', 'Animation']",False,1946-11-12,6.4,281,94,,2958.823529411765,standalone
659731,Varane Avashyamund,587640.0,4139731,"['Comedy', 'Family', 'Romance']",False,2020-02-07,6.5,32,145,,604.4671907970867,standalone
1073,Arlington Road,31000000.0,41100000,"['Crime', 'Drama', 'Thriller', 'Mystery']",False,1999-03-19,7.0,1145,117,,32.58064516129032,standalone
9086,Young Guns II,20000000.0,59000000,"['Western', 'Adventure']",True,1990-08-01,6.5,555,104,Young Guns Collection,195.0,starter
32909,Mulan: Rise of a Warrior,12000000.0,13380561,"['Adventure', 'Drama', 'Action']",False,2009-11-26,7.478,431,115,,11.504675,standalone
9440,Primary Colors,65000000.0,52090187,"['Drama', 'Comedy']",False,1998-03-20,6.282,328,143,,-19.86125076923077,standalone
1210724,Áfàméfùnà: An Nwa Boi Story,15000.0,57000,['Drama'],False,2023-11-06,0.0,0,125,,280.0,standalone
586810,Mars Express,7900000.0,1455713,"['Animation', 'Science Fiction', 'Action', 'Mystery']",False,2023-11-22,7.528,404,89,,-81.57325316455696,standalone
990,The Hustler,2000000.0,7600000,"['Drama', 'Romance']",True,1961-09-25,7.672,1010,134,The Hustler Collection,280.0,starter
290764,Tracers,11000000.0,593683,['Action'],False,2015-01-15,6.0,1082,94,,-94.60288181818181,standalone
333596,Woodlawn,12000000.0,14394097,['Drama'],False,2015-10-15,6.875,192,123,,19.950808333333335,standalone
19824,Van Wilder: Freshman Year,6000000.0,20543,"['Comedy', 'Romance']",True,2009-06-02,5.4,331,100,National Lampoon's Van Wilder Collection,-99.65761666666667,subsequent
6499,Turbo: A Power Rangers Movie,10000000.0,9615840,"['Action', 'Adventure', 'Family', 'Fantasy', 'Science Fiction']",True,1997-03-27,5.726,297,99,Power Rangers Collection,-3.8415999999999997,subsequent
38543,Ironclad,25000000.0,5151023,"['Romance', 'Adventure', 'Action', 'History']",True,2011-03-03,6.138,755,121,Ironclad Collection,-79.395908,starter
12150,Sea of Love,19000000.0,110879513,"['Crime', 'Drama', 'Romance']",False,1989-09-15,6.599,634,113,,483.57638421052627,standalone
508664,Danger Close: The Battle of Long Tan,23934823.0,2078370,"['War', 'Action', 'Drama', 'History']",False,2019-08-08,6.795,336,119,,-91.3165432641804,standalone
22825,The Box,30000000.0,33333531,"['Thriller', 'Science Fiction']",False,2009-10-29,5.6,1801,115,,11.11177,standalone
12253,Biker Boyz,24000000.0,23510601,"['Action', 'Drama']",False,2003-01-31,6.2,369,110,,-2.0391625,standalone
10649,The Enforcer,9000000.0,46236000,"['Crime', 'Action']",True,1976-12-16,6.7,912,96,Dirty Harry Collection,413.73333333333335,subsequent
225565,That Awkward Moment,8000000.0,45600000,"['Comedy', 'Romance']",False,2014-01-29,6.1,2675,94,,470.0,standalone
577,To Die For,20000000.0,21300000,"['Drama', 'Comedy', 'Crime']",False,1995-09-22,6.58,818,106,,6.5,standalone
211954,Instructions Not Included,5500000.0,99067206,"['Comedy', 'Drama']",False,2013-07-20,7.759,922,122,,1701.2219272727273,standalone
1694,Re-Animator,900000.0,2023414,"['Science Fiction', 'Comedy', 'Horror']",True,1985-10-18,7.1,1551,86,Re-Animator Collection,124.82377777777778,starter
57431,The Sitter,25000000.0,34942188,['Comedy'],False,2011-12-09,5.584,963,81,,39.768752,standalone
591120,The Pirates: The Last Royal Treasure,19597380.0,10247262,"['Action', 'Adventure', 'Comedy', 'Fantasy']",True,2022-01-26,6.514,210,126,The Pirates Collection,-47.71106137657177,subsequent
587496,The Rental,3500000.0,4311042,"['Horror', 'Thriller']",False,2020-07-23,5.557,932,88,,23.17262857142857,standalone
13531,Empire Records,10000000.0,303841,"['Music', 'Comedy', 'Drama', 'Romance']",False,1995-09-22,6.6,735,90,,-96.96159,standalone
2207,16 Blocks,55000000.0,65664721,"['Action', 'Adventure', 'Crime', 'Thriller']",False,2006-03-01,6.444,1984,105,,19.390401818181818,standalone
160588,Blue Jasmine,18000000.0,99104804,['Drama'],False,2013-08-01,6.986,3503,99,,450.5822444444444,standalone
50647,Wanderlust,35000000.0,24200000,"['Comedy', 'Romance']",False,2012-02-23,5.501,1269,98,,-30.857142857142854,standalone
435615,Possessor,2500000.0,911000,"['Horror', 'Thriller', 'Science Fiction']",False,2020-10-02,6.4,926,103,,-63.56,standalone
16340,Rugrats in Paris: The Movie,30000000.0,103291131,"['Family', 'Comedy', 'Adventure', 'Animation']",True,2000-11-17,6.632,466,78,Rugrats Collection,244.30377000000001,subsequent
11699,Bad Lieutenant: Port of Call - New Orleans,25000000.0,10589102,"['Drama', 'Crime']",False,2009-09-11,6.176,1180,122,,-57.643592,standalone
9963,Premonition,20000000.0,84297309,"['Thriller', 'Drama', 'Mystery']",False,2007-02-08,6.292,1597,96,,321.486545,standalone
1552,Parenthood,20000000.0,126297830,"['Comedy', 'Drama', 'Romance', 'Family']",False,1989-07-31,6.689,660,124,,531.48915,standalone
20763,Radio Flyer,35000000.0,4651977,['Drama'],False,1992-02-21,7.0,198,114,,-86.70863714285714,standalone
617209,Si Juki the Movie: Harta Pulau Monyet,600000.0,306554,"['Animation', 'Adventure', 'Comedy', 'Family', 'Fantasy']",True,2024-06-27,7.0,2,107,Si Juki the Movie Collection,-48.907666666666664,starter
26263,Death Wish 4: The Crackdown,5000000.0,6880310,"['Crime', 'Action', 'Drama', 'Thriller']",True,1987-06-11,5.683,317,99,Death Wish Collection,37.6062,subsequent
316152,Free State of Jones,50000000.0,25035950,"['Action', 'Drama', 'History', 'War']",False,2016-06-24,6.769,1547,140,,-49.9281,standalone
11157,She-Devil,20000000.0,15400000,['Comedy'],False,1989-12-08,5.919,402,99,,-23.0,standalone
429476,Hell Fest,5500000.0,18160930,"['Horror', 'Thriller']",False,2018-09-27,5.658,837,89,,230.19872727272727,standalone
9333,Last Man Standing,67000000.0,47267001,"['Crime', 'Action', 'Drama', 'Thriller', 'Western']",False,1996-09-20,6.365,916,101,,-29.45223731343284,standalone
9624,On Deadly Ground,50000000.0,49000000,"['Action', 'Adventure', 'Thriller']",False,1994-02-18,5.205,485,101,,-2.0,standalone
11895,Police Academy 6: City Under Siege,15000000.0,33200000,"['Comedy', 'Crime']",True,1989-03-09,5.15,881,84,Police Academy Collection,121.33333333333334,subsequent
409502,I'm Not Ashamed,1500000.0,2082980,['Drama'],False,2016-10-21,7.185,278,113,,38.86533333333333,standalone
13567,Sleepaway Camp,350000.0,11000000,['Horror'],True,1983-11-18,6.3,727,84,Sleepaway Camp Collection,3042.8571428571427,starter
14163,Chak De! India,6300000.0,40000000,['Drama'],False,2007-08-09,7.2,341,148,,534.9206349206349,standalone
506680,Unbroken: Path to Redemption,6000000.0,6200000,['Drama'],True,2018-09-14,6.631,145,98,Unbroken Collection,3.3333333333333335,subsequent
22309,The Fighting Temptations,15000000.0,30238577,"['Comedy', 'Music', 'Romance']",False,2003-09-19,5.766,126,122,,101.59051333333333,standalone
586863,Les Misérables,2500000.0,54606372,"['Crime', 'Drama', 'Thriller']",False,2019-11-14,7.564,1551,104,,2084.25488,standalone
10833,Heartbreakers,35000000.0,57800000,"['Comedy', 'Romance', 'Crime']",False,2001-03-23,6.099,929,123,,65.14285714285715,standalone
1071815,Restore Point,2000000.0,821731,"['Science Fiction', 'Crime', 'Thriller']",False,2023-09-21,5.837,98,114,,-58.91345,standalone
353069,Mother's Day,25000000.0,48782670,"['Comedy', 'Drama', 'Romance']",False,2016-04-28,5.983,1287,118,,95.13068,standalone
45610,Machine Gun Preacher,30000000.0,2527904,"['Action', 'Thriller', 'Crime']",False,2011-09-23,6.722,1080,129,,-91.57365333333334,standalone
8953,Steamboy,26000000.0,18900000,"['Animation', 'Fantasy', 'Science Fiction']",False,2004-07-17,6.882,451,126,,-27.307692307692307,standalone
8873,Wayne's World 2,40000000.0,48198019,"['Comedy', 'Music']",True,1993-12-10,6.095,1085,95,Wayne's World Collection,20.4950475,subsequent
3090,The Treasure of the Sierra Madre,3800000.0,4307000,"['Adventure', 'Drama', 'Western']",False,1948-01-15,7.954,1250,126,,13.342105263157894,standalone
16535,Titanic,1805000.0,4905000,"['Drama', 'Romance']",False,1953-04-11,6.6,147,98,,171.74515235457065,standalone
1049082,Jumbo,1200000.0,25167656,"['Animation', 'Comedy', 'Drama', 'Family', 'Fantasy']",False,2025-03-31,7.1,9,102,,1997.3046666666664,standalone
10199,The Tale of Despereaux,60000000.0,87000000,"['Adventure', 'Animation', 'Family']",False,2008-12-18,6.122,941,93,,45.0,standalone
257785,Tulip Fever,25000000.0,9204549,"['Drama', 'Romance']",False,2017-07-13,6.523,711,107,,-63.181804,standalone
8688,Snake Eyes,73000000.0,103900000,"['Thriller', 'Crime', 'Mystery']",False,1998-08-07,6.185,1399,98,,42.32876712328767,standalone
8665,K-19: The Widowmaker,100000000.0,65700000,"['Drama', 'History', 'Thriller', 'Mystery', 'War']",False,2002-07-19,6.5,1074,138,,-34.300000000000004,standalone
1262,Stranger Than Fiction,30000000.0,53653224,"['Comedy', 'Drama', 'Fantasy', 'Romance']",False,2006-09-09,7.279,2361,113,,78.84408,standalone
470229,Summer of 84,1500000.0,42027,"['Drama', 'Horror', 'Mystery']",False,2018-08-10,6.901,1365,105,,-97.1982,standalone
5279,Gosford Park,19800000.0,87754044,"['Drama', 'Mystery', 'Thriller']",False,2001-12-26,6.829,1137,137,,343.2022424242424,standalone
473149,Traffik,4000000.0,5132274,"['Horror', 'Thriller']",False,2018-04-20,6.1,460,96,,28.30685,standalone
5683,Pee-wee's Big Adventure,6000000.0,40900000,"['Comedy', 'Adventure', 'Family']",True,1985-07-26,6.5,804,91,Pee-wee's Collection,581.6666666666666,starter
81870,Flying Swords of Dragon Gate,35000000.0,127709,"['Action', 'Adventure', 'Drama']",True,2011-12-15,6.3,217,125,Dragon Inn Collection,-99.63511714285714,starter
231,Syriana,50000000.0,93974620,"['Drama', 'Thriller']",False,2005-11-23,6.417,1404,128,,87.94923999999999,standalone
2055,Open Range,22000000.0,68296293,"['Western', 'Drama', 'Action', 'Romance']",False,2003-08-11,7.214,1128,139,,210.43769545454546,standalone
687,Dead Man Walking,11000000.0,39363635,['Drama'],False,1995-12-29,7.32,1402,122,,257.8512272727273,standalone
17264,The Black Stallion,2700000.0,37799643,"['Family', 'Adventure']",True,1979-10-13,7.025,300,118,The Black Stallion Collection,1299.986777777778,starter
93,Anatomy of a Murder,2000000.0,8000000,"['Crime', 'Drama', 'Mystery']",False,1959-07-01,7.853,1058,161,,300.0,standalone
3980,Critters,2000000.0,13167232,"['Comedy', 'Horror', 'Science Fiction']",True,1986-04-11,6.472,1014,86,Critters Collection,558.3616000000001,starter
12227,White Fang,14000000.0,34793160,"['Action', 'Adventure', 'Drama', 'Family']",True,1991-01-18,6.751,619,107,White Fang Collection,148.52257142857144,starter
395458,Suburbicon,25000000.0,12751667,"['Thriller', 'Crime', 'Drama', 'Mystery']",False,2017-10-26,5.9,1743,105,,-48.993332,standalone
12146,The Missing,60000000.0,38364277,"['Thriller', 'Western', 'Adventure']",False,2003-11-26,6.3,647,135,,-36.059538333333336,standalone
441909,Tiger Zinda Hai,20000000.0,87530000,"['Action', 'Adventure', 'Thriller']",True,2017-12-18,6.258,159,160,YRF Spy Universe,337.65,starter
3089,Red River,3000000.0,9012000,['Western'],False,1948-09-17,7.348,553,133,,200.4,standalone
9623,The Juror,44000000.0,22754725,"['Thriller', 'Crime', 'Drama']",False,1996-02-02,5.635,406,118,,-48.284715909090906,standalone
11336,The Dead Zone,10000000.0,20766616,"['Thriller', 'Horror', 'Science Fiction']",False,1983-10-21,7.015,1700,103,,107.66616,standalone
9406,An American Werewolf in Paris,22000000.0,26570463,"['Horror', 'Comedy', 'Fantasy']",True,1997-05-29,6.0,709,98,An American Werewolf Collection,20.77483181818182,subsequent
339259,The Man with the Iron Heart,32679734.0,4412639,"['War', 'Action', 'History', 'Thriller']",False,2017-05-25,6.557,786,120,,-86.49732277502626,standalone
9722,Bewitched,85000000.0,131426169,"['Comedy', 'Fantasy', 'Romance']",False,2005-06-21,5.1,1574,102,,54.61902235294117,standalone
241257,Regression,20000000.0,17671101,"['Horror', 'Mystery', 'Thriller']",False,2015-10-01,5.584,1820,106,,-11.644495000000001,standalone
11568,Blues Brothers 2000,28000000.0,14051384,"['Music', 'Action', 'Comedy', 'Crime']",True,1998-02-05,5.262,695,123,The Blues Brothers Collection,-49.81648571428571,subsequent
29996,Solomon and Sheba,5000000.0,12200000,"['History', 'Romance']",False,1959-12-18,6.402,97,139,,144.0,standalone
10534,White Squall,38000000.0,10300000,"['Drama', 'Adventure']",False,1996-02-02,6.295,375,129,,-72.89473684210527,standalone
9606,Metropolis,15000000.0,4035384,"['Animation', 'Science Fiction']",False,2001-05-26,7.129,501,107,,-73.09744,standalone
491283,Judy,10000000.0,38981322,"['Drama', 'History', 'Music']",False,2019-09-27,6.7,1205,118,,289.81322,standalone
4281,Appointment with Death,6000000.0,960040,"['Thriller', 'Crime', 'Mystery', 'Drama']",True,1988-04-15,6.154,146,102,Hercule Poirot (Peter Ustinov) Collection,-83.99933333333334,subsequent
2335,Taxi 4,17500000.0,65114802,"['Action', 'Comedy']",True,2007-02-10,5.592,1261,91,Taxi Collection,272.08458285714283,subsequent
601337,83,36786988.0,25452983,"['Drama', 'History']",False,2021-12-23,7.167,57,160,,-30.80982058112504,standalone
1049,Sommersby,30000000.0,140081992,"['Drama', 'Thriller', 'Mystery', 'Romance']",False,1993-02-05,6.346,395,109,,366.93997333333334,standalone
465086,The Grudge,10000000.0,49511319,"['Horror', 'Mystery']",False,2019-12-31,5.422,1248,93,,395.11319000000003,standalone
11209,The Alamo,12000000.0,7900000,"['War', 'Adventure', 'History', 'Western']",False,1960-10-23,7.077,370,202,,-34.166666666666664,standalone
1816,A Chorus Line,25000000.0,14202899,"['Drama', 'Music']",False,1985-12-10,6.237,188,117,,-43.188404000000006,standalone
721625,Songbird,2500000.0,1000000,"['Science Fiction', 'Thriller']",False,2020-12-10,6.201,759,85,,-60.0,standalone
11577,Pat Garrett & Billy the Kid,4638783.0,11000000,"['Western', 'Drama', 'History', 'Action', 'Adventure']",False,1973-05-23,7.225,425,115,,137.13116134123973,standalone
15917,Devdas,6663555.0,13311117,"['Drama', 'Romance']",False,2002-07-11,7.5,352,185,,99.75999297672189,standalone
18169,About Last Night...,8500000.0,38702310,"['Comedy', 'Drama', 'Romance']",False,1986-07-02,6.025,222,113,,355.3212941176471,standalone
16553,Little Manhattan,385373.0,1117920,"['Comedy', 'Romance']",False,2005-09-26,7.2,725,90,,190.08778508094755,standalone
9073,Free Willy 2: The Adventure Home,31000000.0,30000000,"['Family', 'Adventure', 'Drama', 'Comedy']",True,1995-07-19,5.938,596,95,Free Willy Collection,-3.225806451612903,subsequent
868660,Guntur Kaaram,24066000.0,20687449,"['Action', 'Drama']",False,2024-01-11,5.6,21,156,,-14.038689437380537,standalone
2292,Clerks,27575.0,3151130,['Comedy'],True,1994-10-19,7.387,2588,92,Clerks Collection,11327.48866727108,starter
302,Swimming Pool,7800000.0,22441323,"['Crime', 'Thriller']",False,2003-05-21,6.48,736,102,,187.70926923076922,standalone
44629,Animal Kingdom,5000000.0,1000000,"['Crime', 'Drama']",False,2010-06-03,6.803,844,113,,-80.0,standalone
2007,Lorenzo's Oil,30000000.0,7300000,['Drama'],False,1992-12-30,7.099,539,135,,-75.66666666666667,standalone
74513,Special Forces,10000000.0,3424648,"['Action', 'Drama', 'War']",False,2011-11-02,6.717,595,109,,-65.75352,standalone
9356,Look Who's Talking Too,12000000.0,120889074,"['Romance', 'Comedy']",True,1990-12-14,5.478,1412,81,Look Who's Talking Collection,907.40895,subsequent
2383,The Bear,25000000.0,138241022,"['Adventure', 'Drama', 'Family']",False,1988-10-21,7.08,494,97,,452.96408799999995,standalone
9540,Dead Ringers,13000000.0,8038508,"['Thriller', 'Horror']",False,1988-09-23,7.132,926,115,,-38.16532307692307,standalone
9416,Money Talks,25000000.0,48407611,"['Comedy', 'Action', 'Crime']",False,1997-08-22,6.056,396,97,,93.630444,standalone
627336,L2: Empuraan,21035003.0,30823000,"['Action', 'Crime', 'Thriller']",True,2025-03-27,6.324,17,179,Lucifer Collection,46.5319496270098,starter
16614,Adventureland,9800000.0,17200000,"['Comedy', 'Drama', 'Romance']",False,2009-04-03,6.396,2224,107,,75.51020408163265,standalone
220882,London Fields,8000000.0,487420,"['Crime', 'Thriller']",False,2018-09-20,5.1,274,118,,-93.90725,standalone
12138,3000 Miles to Graceland,62000000.0,18720175,"['Action', 'Adventure', 'Comedy', 'Crime', 'Thriller']",False,2001-02-23,5.8,658,125,,-69.80616935483872,standalone
10805,Staying Alive,22000000.0,64892670,"['Drama', 'Music']",True,1983-07-11,5.765,478,96,Tony Manero Collection,194.96668181818183,subsequent
9445,Apt Pupil,14000000.0,8863193,"['Drama', 'Thriller']",False,1998-10-23,6.528,669,107,,-36.69147857142857,standalone
837881,She Said,32000000.0,13900000,"['Drama', 'History']",False,2022-11-17,7.235,638,129,,-56.56250000000001,standalone
13681,Places in the Heart,9500000.0,34901614,['Drama'],False,1984-09-11,7.214,173,111,,267.38541052631575,standalone
7288,Duplex,40000000.0,19322135,['Comedy'],False,2003-09-26,6.087,1722,89,,-51.6946625,standalone
9422,A Civil Action,70000000.0,56709981,['Drama'],False,1998-12-25,6.45,459,115,,-18.98574142857143,standalone
184098,Think Like a Man Too,24000000.0,70181428,"['Comedy', 'Romance']",True,2014-06-20,6.411,565,105,Think Like a Man Collection,192.42261666666667,subsequent
20829,Funny People,75000000.0,71600000,"['Comedy', 'Drama']",False,2009-07-30,5.896,1340,146,,-4.533333333333333,standalone
1032194,The Blind,30000000.0,17265487,['Drama'],False,2023-09-28,6.694,31,110,,-42.44837666666667,standalone
76487,The Devil Inside,1000000.0,101800000,"['Horror', 'Thriller']",False,2012-01-06,4.7,806,83,,10080.0,standalone
351211,Blair Witch,5000000.0,45172994,"['Thriller', 'Horror']",True,2016-09-15,5.219,1944,89,Blair Witch Collection,803.45988,subsequent
17707,Brokedown Palace,25000000.0,10115013,"['Drama', 'Thriller', 'Mystery']",False,1999-08-13,6.4,394,100,,-59.539947999999995,standalone
10048,Stealth,135000000.0,76932943,['Science Fiction'],False,2005-07-27,5.449,1075,121,,-43.01263481481482,standalone
325844,Serial Teachers 2,17000000.0,25364150,['Comedy'],True,2015-07-01,5.312,924,93,Serial Teachers Collection,49.20088235294118,starter
14423,First Sunday,20000000.0,38800000,"['Comedy', 'Action']",False,2008-01-11,5.688,247,96,,94.0,standalone
4823,Final Analysis,32000000.0,28600000,"['Drama', 'Thriller', 'Romance']",False,1992-02-07,5.7,293,124,,-10.625,standalone
339,Night on Earth,3500000.0,2015810,"['Comedy', 'Drama']",False,1991-12-12,7.52,960,128,,-42.40542857142857,standalone
13813,Defiance,32000000.0,51155219,"['Action', 'Drama', 'History', 'War']",False,2008-12-31,6.8,1778,137,,59.860059375,standalone
10435,Chaplin,31000000.0,9493259,['Drama'],False,1992-12-17,7.433,1120,143,,-69.37658387096775,standalone
11846,Father of the Bride,20000000.0,89325780,"['Comedy', 'Romance']",True,1991-12-20,6.457,1394,105,Father of the Bride (Steve Martin) Collection,346.62890000000004,starter
399796,Life of the Party,30000000.0,61700416,['Comedy'],False,2018-05-10,6.1,1010,105,,105.66805333333333,standalone
10861,Maximum Risk,25000000.0,51702483,"['Action', 'Thriller', 'Crime']",False,1996-09-13,5.784,516,100,,106.809932,standalone
9886,Johnny Mnemonic,25000000.0,19075720,"['Science Fiction', 'Action', 'Adventure']",False,1995-05-26,5.755,1413,97,,-23.697119999999998,standalone
339988,The Circle,18000000.0,40651864,"['Drama', 'Thriller', 'Science Fiction']",False,2017-04-27,5.517,4469,110,,125.84368888888888,standalone
474392,Samson,3500000.0,4900000,"['Action', 'Drama', 'Adventure']",False,2018-02-16,5.7,237,110,,40.0,standalone
1024,Heavenly Creatures,5000000.0,3049135,"['Drama', 'Fantasy']",False,1994-09-12,6.974,959,109,,-39.0173,standalone
377264,Morgan,8000000.0,8810591,"['Horror', 'Science Fiction', 'Thriller']",False,2016-09-01,5.808,1517,92,,10.1323875,standalone
13635,Mesrine: Killer Instinct,25000000.0,15000000,"['Drama', 'Action', 'Thriller', 'Crime']",True,2008-10-22,7.312,951,113,The Mesrine Collection,-40.0,starter
9043,The Family Stone,19000000.0,92884429,"['Comedy', 'Drama', 'Romance']",False,2005-12-15,6.292,1007,103,,388.8654157894737,standalone
49370,Perfect,19000000.0,12918858,"['Drama', 'Romance']",False,1985-05-15,5.653,189,115,,-32.006010526315784,standalone
48340,Sanctum,30000000.0,108609310,"['Action', 'Thriller']",False,2011-02-03,6.047,1084,108,,262.0310333333333,standalone
611748,Housefull 4,18000000.0,35000000,"['Comedy', 'Drama', 'Romance']",True,2019-10-25,5.741,87,142,Housefull Collection,94.44444444444444,starter
238751,Best of the Best,5000000.0,1700000,"['Action', 'Drama']",True,1989-11-10,6.471,314,97,Best of the Best Collection,-66.0,starter
14819,Heavyweights,10000000.0,17700000,"['Family', 'Comedy']",False,1995-02-17,6.141,387,97,,77.0,standalone
9981,Kicking & Screaming,45000000.0,56070433,"['Family', 'Comedy']",False,2005-05-13,5.799,642,95,,24.600962222222222,standalone
372343,The Snowman,35000000.0,43203413,"['Crime', 'Thriller', 'Mystery', 'Horror']",False,2017-08-24,5.2,2282,119,,23.438322857142857,standalone
42194,Tekken,30000000.0,967000,"['Crime', 'Drama', 'Action', 'Thriller', 'Science Fiction']",True,2010-03-20,5.359,700,92,Tekken Collection,-96.77666666666667,starter
4174,Spellbound,1500000.0,7000000,"['Thriller', 'Mystery', 'Romance']",False,1945-11-08,7.4,916,111,,366.66666666666663,standalone
3111,A Star Is Born,5019770.0,12000000,"['Drama', 'Music', 'Romance']",False,1954-10-01,7.12,309,176,,139.05477741012038,standalone
11442,Halloween: Resurrection,13000000.0,37664855,"['Horror', 'Thriller']",True,2002-07-01,4.602,1319,94,Halloween Collection,189.72965384615387,subsequent
996,Double Indemnity,927262.0,2500000,"['Crime', 'Thriller']",False,1944-07-06,8.111,1882,107,,169.61096216603292,standalone
8850,The Shadow,25000000.0,48063465,"['Fantasy', 'Action', 'Adventure', 'Crime', 'Mystery', 'Thriller']",True,1994-07-01,6.1,535,108,The Shadow Collection,92.25386,starter
10985,The New Guy,13000000.0,31200000,['Comedy'],False,2002-05-10,5.925,610,88,,140.0,standalone
26428,Agora,70000000.0,39457342,"['Adventure', 'Drama', 'History']",False,2009-05-17,7.0,1472,127,,-43.63236857142857,standalone
180147,We Are the Nobles,2000000.0,26433651,['Comedy'],False,2013-03-28,7.913,514,108,,1221.68255,standalone
10577,Dracula 2000,28000000.0,47053625,"['Thriller', 'Horror', 'Action', 'Fantasy']",True,2000-12-22,5.245,697,98,Dracula 2000 Collection,68.04866071428572,starter
18183,Like Water for Chocolate,2000000.0,21744201,"['Drama', 'Romance']",False,1992-04-16,7.279,526,105,,987.21005,standalone
4587,Mermaids,31000000.0,35419397,"['Comedy', 'Drama', 'Romance']",False,1990-12-14,6.7,534,110,,14.25611935483871,standalone
10208,Muppets from Space,24000000.0,22300000,"['Family', 'Comedy', 'Fantasy', 'Science Fiction']",False,1999-07-14,6.078,334,88,,-7.083333333333333,standalone
11980,The Prophecy,8000000.0,16115878,"['Horror', 'Fantasy', 'Thriller', 'Action', 'Crime', 'Drama', 'Mystery']",True,1995-08-05,6.473,517,98,The Prophecy Collection,101.448475,starter
10671,Airport,10000000.0,100489151,"['Action', 'Drama', 'Thriller']",True,1970-03-25,6.433,406,137,Airport Collection,904.89151,starter
10069,Stay Alive,9000000.0,27105095,"['Horror', 'Fantasy', 'Mystery', 'Science Fiction', 'Thriller']",False,2006-03-24,5.782,772,86,,201.1677222222222,standalone
49763,Bad Moon,7000000.0,1100000,['Horror'],False,1996-11-01,6.746,258,80,,-84.28571428571429,standalone
335778,Risen,20000000.0,46100000,"['Action', 'Adventure', 'Drama', 'Fantasy']",False,2016-02-18,6.239,881,107,,130.5,standalone
10354,True Crime,55000000.0,16700000,"['Drama', 'Crime', 'Thriller', 'Mystery']",False,1999-03-19,6.5,788,127,,-69.63636363636364,standalone
24929,Return of the Living Dead Part II,6000000.0,9205924,"['Horror', 'Comedy']",True,1988-01-15,6.3,649,89,Return of the Living Dead Collection,53.432066666666664,subsequent
459202,Boo 2! A Madea Halloween,25000000.0,48333932,['Comedy'],True,2017-10-20,5.7,482,100,Madea Collection,93.33572799999999,subsequent
46146,Troll Hunter,3500000.0,4159678,"['Fantasy', 'Horror']",False,2010-10-29,6.695,1635,104,,18.847942857142858,standalone
77883,The Possession,14000000.0,85446075,"['Horror', 'Thriller']",False,2012-08-30,6.032,1636,92,,510.3291071428571,standalone
13812,Quarantine,12000000.0,40855419,"['Horror', 'Science Fiction', 'Thriller']",True,2008-10-10,5.8,1289,89,Quarantine Collection,240.461825,starter
594718,Sputnik,2600000.0,354023,"['Science Fiction', 'Drama', 'Horror']",False,2020-07-24,6.535,903,113,,-86.38373076923077,standalone
145247,The 100 Year-Old Man Who Climbed Out the Window and Disappeared,9250000.0,51167572,"['Adventure', 'Comedy', 'Drama']",True,2013-12-25,6.797,954,115,The 100-Year Old Man Collection,453.1629405405406,starter
12700,Dominion: Prequel to The Exorcist,30000000.0,251495,['Horror'],True,2005-05-20,5.345,387,116,The Exorcist Collection,-99.16168333333333,subsequent
11817,Bulletproof Monk,52000000.0,37713879,"['Action', 'Comedy', 'Fantasy']",False,2003-03-28,5.496,946,104,,-27.47330961538462,standalone
24795,Angels in the Outfield,31000000.0,50236831,"['Comedy', 'Family', 'Fantasy']",True,1994-07-15,5.953,447,102,Angels in the ... Collection,62.05429354838709,starter
12715,Firewalker,8000000.0,11949484,"['Action', 'Adventure', 'Comedy']",False,1986-11-21,5.3,185,104,,49.36855,standalone
960258,Shark Bait,5000000.0,1824152,"['Horror', 'Thriller', 'Action', 'Adventure']",False,2022-05-13,5.7,341,87,,-63.51696,standalone
961,The General,750000.0,1000000,"['Action', 'Adventure', 'Comedy', 'War']",False,1926-12-25,7.941,1315,79,,33.33333333333333,standalone
505954,T-34,8000000.0,36220872,"['Action', 'Drama', 'History', 'War']",False,2018-12-27,7.148,875,139,,352.7609,standalone
12783,The Duchess,17759769.0,43306325,"['Drama', 'History', 'Romance']",False,2008-09-05,6.991,1716,110,,143.84509167883883,standalone
322240,Nine Lives,30000000.0,57814445,"['Fantasy', 'Comedy', 'Family']",False,2016-08-03,5.77,1087,86,,92.71481666666666,standalone
12311,Mutiny on the Bounty,1950000.0,4460000,"['Adventure', 'Drama', 'History']",False,1935-11-22,7.358,353,132,,128.71794871794873,standalone
11935,Capricorn One,5000000.0,12000000,"['Drama', 'Action', 'Thriller', 'Science Fiction']",False,1977-12-10,6.761,475,123,,140.0,standalone
11660,Following,6000.0,48482,"['Drama', 'Thriller']",False,1999-05-06,7.144,1690,69,,708.0333333333333,standalone
398,Capote,7000000.0,49327405,"['Crime', 'Drama']",False,2005-09-30,6.975,1530,114,,604.6772142857143,standalone
8952,I Love You Phillip Morris,13000000.0,20768906,"['Comedy', 'Crime', 'Drama', 'Romance']",False,2010-02-04,6.427,1704,98,,59.760815384615384,standalone
74534,The Best Exotic Marigold Hotel,10000000.0,150501815,"['Drama', 'Comedy']",True,2012-02-23,6.948,1379,124,Best Exotic Marigold Hotel Collection,1405.01815,starter
12163,The Wrestler,6000000.0,44734660,"['Drama', 'Romance']",False,2008-09-07,7.529,3764,109,,645.5776666666667,standalone
38579,Marmaduke,50000000.0,83761844,"['Family', 'Comedy']",False,2010-06-03,5.22,778,88,,67.523688,standalone
38684,Jane Eyre,13000000.0,34710627,"['Drama', 'Romance']",False,2011-03-11,7.2,1496,120,,167.0048230769231,standalone
10740,Birth,20000000.0,23900000,"['Drama', 'Mystery']",False,2004-10-29,5.999,699,100,,19.5,standalone
364433,They Call Me Jeeg,1900000.0,5713331,"['Drama', 'Action', 'Science Fiction']",False,2016-02-25,7.414,2527,112,,200.70163157894737,standalone
1879,Guess Who's Coming to Dinner,4000000.0,56666667,"['Drama', 'Romance']",False,1967-12-11,7.567,869,108,,1316.666675,standalone
11863,Jade,50000000.0,9851610,"['Mystery', 'Thriller']",False,1995-10-13,5.451,275,95,,-80.29678,standalone
62046,Flypaper,5000000.0,3142154,"['Mystery', 'Comedy', 'Crime']",False,2011-08-19,6.403,763,87,,-37.15692,standalone
11868,Dracula,104880.0,3500000,['Horror'],True,1958-04-21,7.278,642,82,Dracula (Hammer) Collection,3237.147215865751,starter
453755,Arctic,2000000.0,4100000,"['Drama', 'Adventure']",False,2018-11-21,6.514,1257,98,,105.0,standalone
11026,Exorcist: The Beginning,80000000.0,78000586,['Horror'],True,2004-08-20,5.382,837,114,The Exorcist Collection,-2.4992674999999998,subsequent
398181,You Were Never Really Here,17000000.0,9400000,"['Crime', 'Drama', 'Thriller']",False,2017-11-08,6.543,2878,89,,-44.70588235294118,standalone
11066,Boomerang,40000000.0,131052444,"['Comedy', 'Romance']",False,1992-06-30,5.653,586,117,,227.63111,standalone
1934,Shakespeare in Love,25000000.0,289300000,"['Romance', 'History', 'Comedy']",False,1998-12-11,6.9,3067,123,,1057.1999999999998,standalone
10640,Futureworld,2500000.0,4200000,"['Action', 'Adventure', 'Science Fiction', 'Thriller']",True,1976-08-13,5.9,332,108,Westworld Collection,68.0,subsequent
93856,Chernobyl Diaries,1000000.0,38390020,"['Horror', 'Thriller']",False,2012-05-24,5.3,1615,88,,3739.002,standalone
466622,The Rhythm Section,50000000.0,5989583,"['Action', 'Thriller']",False,2020-01-31,5.518,615,109,,-88.02083400000001,standalone
15592,Beaches,20000000.0,57041866,"['Comedy', 'Drama']",False,1988-12-21,6.693,264,123,,185.20933,standalone
3482,The Train,5800000.0,6800000,"['War', 'Thriller']",False,1964-09-24,7.5,343,133,,17.24137931034483,standalone
6552,Idle Hands,25000000.0,4152230,"['Comedy', 'Horror', 'Fantasy', 'Thriller']",False,1999-04-30,6.2,693,92,,-83.39107999999999,standalone
7183,Perfect Stranger,60795000.0,73090611,"['Thriller', 'Crime', 'Mystery']",False,2007-04-11,5.798,956,109,,20.224707623982237,standalone
219,Volver,12899867.0,85582407,"['Comedy', 'Drama', 'Romance']",False,2006-03-17,7.47,1797,121,,563.4363517081223,standalone
5723,Once,160000.0,20710513,"['Drama', 'Music', 'Romance']",False,2007-03-23,7.404,1356,85,,12844.070625,standalone
25678,American Ninja 2: The Confrontation,350000.0,4000000,['Action'],True,1987-05-01,5.471,294,90,American Ninja Collection,1042.857142857143,subsequent
5725,Supervixens,100000.0,17000000,['Comedy'],True,1975-04-02,5.694,147,106,Russ Meyer's Vixens Trilogy,16900.0,subsequent
280996,Mr. Holmes,11000000.0,29355203,"['Drama', 'Crime', 'Family', 'Mystery']",False,2015-06-19,6.476,1887,104,,166.86548181818182,standalone
281,Strange Days,42000000.0,7959291,"['Crime', 'Drama', 'Science Fiction', 'Thriller']",False,1995-10-13,7.009,1410,145,,-81.04930714285715,standalone
75622,Rampart,12000000.0,972512,"['Crime', 'Drama']",False,2011-11-23,5.439,375,108,,-91.89573333333333,standalone
10158,White Men Can't Jump,31000000.0,90753806,"['Comedy', 'Drama']",False,1992-03-27,6.6,1405,115,,192.7542129032258,standalone
517991,The Spy Gone North,17000000.0,3175,"['Drama', 'History', 'Thriller']",False,2018-08-08,7.396,197,138,,-99.98132352941177,standalone
9687,Keeping Mum,169000.0,18564702,['Comedy'],False,2005-12-02,6.658,576,103,,10885.030769230769,standalone
235260,Son of God,22000000.0,67800064,['Drama'],False,2014-02-28,6.826,319,138,,208.1821090909091,standalone
122081,Spring Breakers,5000000.0,32016127,"['Drama', 'Crime']",False,2013-03-06,5.244,3903,94,,540.32254,standalone
1630,The People vs. Larry Flynt,36000000.0,20300385,['Drama'],False,1996-12-25,7.0,1155,130,,-43.61004166666667,standalone
5916,The Getaway,3352254.0,36734619,"['Action', 'Crime', 'Thriller']",False,1972-12-13,7.112,598,123,,995.8184851147914,standalone
13374,Ice Princess,25000000.0,27645491,"['Family', 'Drama', 'Comedy']",False,2005-03-17,6.4,908,98,,10.581964000000001,standalone
10646,Tomcats,11000000.0,23400000,"['Comedy', 'Romance']",False,2001-03-30,5.1,261,95,,112.72727272727272,standalone
106747,Machete Kills,12000000.0,15000000,"['Action', 'Crime', 'Thriller']",True,2013-09-12,5.6,1940,108,Machete Collection,25.0,subsequent
592863,Respect,55000000.0,31217372,"['Drama', 'Music', 'History']",False,2021-08-12,6.764,434,145,,-43.241141818181816,standalone
11232,Kate & Leopold,48000000.0,76019048,"['Romance', 'Comedy', 'Fantasy']",False,2001-12-25,6.33,1398,118,,58.373016666666665,standalone
584,2 Fast 2 Furious,76000000.0,236350661,"['Action', 'Crime', 'Thriller']",True,2003-06-05,6.511,7713,107,The Fast and the Furious Collection,210.98771184210526,starter
951,Kindergarten Cop,15000000.0,201957688,['Comedy'],True,1990-12-21,6.116,2600,111,Kindergarten Cop Collection,1246.3845866666666,starter
8976,A Lot Like Love,30000000.0,42886719,"['Comedy', 'Drama', 'Romance']",False,2005-04-21,6.827,1310,107,,42.955729999999996,standalone
264419,Huevos: Little Rooster's Egg-Cellent Adventure,5300000.0,26072723,"['Animation', 'Adventure', 'Comedy', 'Family']",True,2015-09-04,6.984,220,99,Huevos - Collection,391.9381698113208,subsequent
84188,Compliance,270000.0,592116,"['Drama', 'Thriller']",False,2012-08-23,6.356,720,90,,119.30222222222223,standalone
2355,Reign Over Me,20000000.0,22222308,['Drama'],False,2007-03-22,7.205,1108,124,,11.11154,standalone
994,Straw Dogs,2200000.0,3251794,"['Drama', 'Thriller', 'Crime', 'Action']",False,1971-11-25,7.2,987,116,,47.80881818181818,standalone
326423,Barbershop: The Next Cut,20000000.0,55030051,"['Comedy', 'Drama']",True,2016-04-15,6.3,472,112,Barbershop Collection,175.15025500000002,subsequent
574,The Man Who Knew Too Much,1200000.0,11300000,"['Thriller', 'Mystery']",False,1956-05-16,7.46,1454,120,,841.6666666666666,standalone
11823,Wimbledon,31000000.0,41512007,"['Comedy', 'Romance']",False,2004-09-13,6.2,1022,98,,33.9097,standalone
10212,Ravenous,12000000.0,2000000,"['Adventure', 'Horror', 'Western', 'Comedy', 'Drama']",False,1999-03-16,6.846,645,101,,-83.33333333333334,standalone
32823,Get Him to the Greek,40000000.0,90029656,"['Adventure', 'Comedy', 'Music']",False,2010-06-03,5.98,1815,109,,125.07413999999999,standalone
11457,Life as a House,18000000.0,23903791,['Drama'],False,2001-10-25,7.096,421,125,,32.79883888888889,standalone
20379,Grand Prix,9000000.0,20800000,"['Action', 'Drama']",False,1966-12-21,7.2,204,176,,131.11111111111111,standalone
19997,Niagara,1250000.0,8500000,"['Thriller', 'Crime']",False,1953-01-26,6.81,403,92,,580.0,standalone
676727,The Inventor,10000000.0,2037563,"['Animation', 'Drama', 'Family', 'History']",False,2023-09-15,6.3,22,92,,-79.62437,standalone
16441,The Beastmaster,8000000.0,14056528,"['Fantasy', 'Adventure', 'Action']",True,1982-08-16,6.3,419,118,The Beastmaster Collection,75.70660000000001,starter
112949,Safe Haven,28000000.0,97600000,"['Romance', 'Thriller']",False,2013-02-07,7.243,2350,115,,248.57142857142858,standalone
22536,Thirst,5000000.0,13085023,"['Drama', 'Horror', 'Thriller']",False,2009-04-30,7.093,974,134,,161.70046,standalone
8649,Bringing Out the Dead,32000000.0,16797191,['Drama'],False,1999-10-22,6.595,1124,121,,-47.508778125,standalone
10090,Reno 911!: Miami,10000000.0,20342161,"['Action', 'Comedy', 'Crime']",True,2007-02-23,5.768,252,83,Reno 911! Collection,103.42161000000002,starter
346646,Veteran,7528230.0,87970000,"['Action', 'Crime', 'Comedy', 'Thriller']",True,2015-08-05,6.9,223,123,Veteran Collection,1068.5349677148545,starter
35169,Furry Vengeance,35000000.0,36236710,"['Family', 'Comedy']",False,2010-04-30,5.018,615,92,,3.533457142857143,standalone
250538,The Good Lie,20000000.0,3396345,['Drama'],False,2014-09-10,7.371,532,110,,-83.018275,standalone
14114,You Got Served,8000000.0,50576805,"['Music', 'Drama']",True,2004-01-30,6.347,440,95,You Got Served Collection,532.2100625,starter
848058,Piggy,2400000.0,543064,"['Drama', 'Horror']",False,2022-10-07,6.579,638,99,,-77.37233333333333,standalone
11172,Music and Lyrics,40000000.0,145896422,"['Comedy', 'Music', 'Romance']",False,2007-02-09,6.441,1714,104,,264.741055,standalone
16094,House Party,2500000.0,26385628,['Comedy'],True,1990-01-20,6.38,241,105,House Party Collection,955.42512,starter
601844,Becky,5000000.0,1045873,"['Thriller', 'Horror', 'Action']",True,2020-07-23,6.3,620,93,Becky Collection,-79.08254,starter
458253,Missing Link,100000000.0,26565710,"['Family', 'Animation', 'Comedy', 'Adventure']",False,2019-04-04,6.944,878,95,,-73.43429,standalone
157841,The Young and Prodigious T.S. Spivet,33000000.0,9494789,"['Adventure', 'Drama', 'Family']",False,2013-10-16,6.8,833,105,,-71.22791212121213,standalone
144336,Sabotage,35000000.0,22126842,"['Action', 'Drama', 'Thriller', 'Crime']",False,2014-03-28,5.591,1445,110,,-36.78045142857143,standalone
20539,The Crucible,25000000.0,7343114,"['Drama', 'History']",False,1996-11-27,6.576,517,123,,-70.627544,standalone
460555,Operation Red Sea,70000000.0,579330426,"['Action', 'Thriller', 'War', 'Adventure']",True,2018-02-16,7.371,400,138,Operation Red Sea Collection,727.6148942857143,starter
18573,House of Wax,1000000.0,23750319,"['Horror', 'Crime']",False,1953-04-16,7.0,351,88,,2275.0319,standalone
99770,Asterix & Obelix: God Save Britannia,61000000.0,61319383,"['Family', 'Adventure', 'Comedy']",True,2012-10-17,5.103,1335,110,Asterix & Obelix Live-action Collection,0.5235786885245902,subsequent
10149,Smoke,7000000.0,8349430,"['Comedy', 'Drama']",True,1995-06-09,7.197,502,112,Brooklyn Cigar Store Collection,19.277571428571427,starter
288158,The Woman in Black 2: Angel of Death,15000000.0,48854305,"['Thriller', 'Horror', 'Drama']",True,2014-12-30,5.254,1035,98,The Woman in Black Collection,225.69536666666664,subsequent
1407,La Vie en Rose,25000000.0,86274793,"['Music', 'Drama']",False,2007-02-14,7.399,1645,140,,245.099172,standalone
4952,Pillow Talk,1600000.0,18750000,"['Comedy', 'Romance']",False,1959-10-07,7.128,294,102,,1071.875,standalone
13416,Friday Night Lights,30000000.0,61255921,['Drama'],False,2004-10-08,6.895,587,118,,104.18640333333333,standalone
10249,The Rocketeer,42000000.0,46704056,"['Action', 'Adventure', 'Science Fiction', 'Family']",True,1991-06-21,6.465,966,108,The Rocketeer Collection,11.200133333333333,starter
9388,Thank You for Smoking,6500000.0,24793509,"['Comedy', 'Drama']",False,2005-09-09,7.19,2249,92,,281.4386,standalone
292011,Richard Jewell,45000000.0,33900000,['Drama'],False,2019-12-13,7.427,2582,131,,-24.666666666666668,standalone
12259,Sholay,408000.0,4800000,['Action'],False,1975-08-15,7.0,285,210,,1076.4705882352941,standalone
67308,3-D Sex and Zen: Extreme Ecstasy,3500000.0,10306807,"['History', 'Romance', 'Drama']",True,2011-04-14,5.508,182,110,Sex And Zen Collection,194.4802,starter
11569,Hellraiser III: Hell on Earth,5000000.0,12534961,"['Horror', 'Thriller']",True,1992-09-11,5.667,775,93,Hellraiser Collection,150.69922,subsequent
174,Star Trek VI: The Undiscovered Country,27000000.0,96888996,"['Science Fiction', 'Action', 'Adventure', 'Thriller']",True,1991-12-06,7.031,1312,110,Star Trek: The Original Series Collection,258.8481333333333,subsequent
396806,Anon,20000000.0,1197741,"['Science Fiction', 'Crime', 'Mystery', 'Thriller']",False,2018-05-03,5.975,1622,100,,-94.01129499999999,standalone
1116,The Wind That Shakes the Barley,6500000.0,22900000,"['Drama', 'War']",False,2006-06-23,7.354,837,127,,252.3076923076923,standalone
10476,Hustle & Flow,8000000.0,23563727,"['Crime', 'Drama', 'Music']",False,2005-07-22,7.139,400,116,,194.5465875,standalone
468224,Tolkien,20000000.0,8654322,"['War', 'Drama', 'Romance']",False,2019-05-03,6.945,1457,112,,-56.72839,standalone
32037,The Cassandra Crossing,6000000.0,15300000,"['Action', 'Thriller']",False,1976-12-18,6.3,215,129,,155.0,standalone
13962,Blank Check,13000000.0,30600000,"['Comedy', 'Family']",False,1994-02-11,5.9,508,93,,135.3846153846154,standalone
81446,The Baytown Outlaws,4000000.0,37470,"['Action', 'Comedy', 'Crime']",False,2012-08-27,5.958,322,98,,-99.06325,standalone
33273,Cell 211,5700000.0,19300483,"['Action', 'Thriller', 'Drama']",False,2009-11-06,7.451,1283,110,,238.6049649122807,standalone
84199,The First Time,2000000.0,92654,"['Drama', 'Comedy', 'Romance']",False,2012-10-19,7.0,2121,95,,-95.3673,standalone
13018,Deception,25000000.0,18024545,"['Thriller', 'Mystery']",False,2008-04-24,5.952,673,107,,-27.90182,standalone
31867,Repo Men,32000000.0,18409891,"['Action', 'Science Fiction', 'Thriller', 'Crime']",False,2010-03-18,6.329,1960,111,,-42.469090625,standalone
9672,Infamous,13000000.0,2689799,"['Drama', 'Crime']",False,2006-10-13,6.49,205,110,,-79.30923846153846,standalone
18041,Gossip,14000000.0,5108820,"['Mystery', 'Thriller']",False,2000-04-21,5.804,250,90,,-63.508428571428574,standalone
10086,Man Bites Dog,33000.0,205569,"['Comedy', 'Crime']",False,1992-08-20,7.216,954,96,,522.9363636363637,standalone
846867,Mad God,250000.0,322619,"['Animation', 'Fantasy', 'Horror', 'Science Fiction', 'War']",True,2021-09-17,6.864,455,84,Mad God Collection,29.047600000000003,starter
184341,Hands of Stone,20000000.0,5000000,['Drama'],False,2016-08-26,6.6,428,105,,-75.0,standalone
418879,The Current War,30000000.0,12217160,"['Drama', 'History']",False,2018-02-01,6.708,1097,108,,-59.276133333333334,standalone
9556,Darkman,16000000.0,48900000,"['Action', 'Science Fiction', 'Thriller']",True,1990-08-24,6.434,1418,95,Darkman Collection,205.625,starter
4380,Shall We Dance?,50000000.0,170128460,"['Drama', 'Romance', 'Comedy']",False,2004-10-15,6.4,1227,107,,240.25691999999998,standalone
308639,Dope,7000000.0,17986781,"['Crime', 'Drama', 'Comedy']",False,2015-06-19,7.06,1506,103,,156.9540142857143,standalone
51200,71: Into the Fire,10400000.0,20967660,['War'],False,2010-06-16,7.503,200,120,,101.6121153846154,standalone
138122,Student Of The Year,8391922.0,13749809,"['Comedy', 'Drama', 'Romance']",True,2012-10-19,5.803,180,146,Student of the Year Collection,63.84576739392954,starter
777270,Belfast,11000000.0,49158343,"['Drama', 'History']",False,2021-11-12,7.067,1563,98,,346.89402727272727,standalone
628241,Ala Vaikunthapurramuloo,14000000.0,28859072,"['Action', 'Comedy', 'Drama']",False,2020-01-12,6.7,92,165,,106.13622857142857,standalone
8675,Orgazmo,1000000.0,602302,['Comedy'],False,1998-07-02,6.104,450,94,,-39.7698,standalone
7452,"The Cook, the Thief, His Wife & Her Lover",2300000.0,7724701,"['Crime', 'Drama']",False,1989-10-13,7.341,656,124,,235.8565652173913,standalone
408266,Birth of the Dragon,31000000.0,7125027,"['Action', 'Drama']",False,2017-08-25,5.779,314,103,,-77.01604193548387,standalone
313922,Green Room,5000000.0,3800000,"['Horror', 'Crime', 'Thriller']",False,2016-04-15,6.721,2766,95,,-24.0,standalone
14900,The Great Muppet Caper,14000000.0,31200000,"['Family', 'Comedy', 'Crime', 'Music', 'Romance']",False,1981-06-26,6.865,315,97,,122.85714285714286,standalone
472451,Boy Erased,15000000.0,7900000,['Drama'],False,2018-09-24,7.0,1432,115,,-47.333333333333336,standalone
849,Krull,27000000.0,16916617,"['Action', 'Adventure', 'Fantasy', 'Science Fiction']",False,1983-07-29,6.055,575,121,,-37.34586296296296,standalone
1975,The Grudge 2,20000000.0,39143839,"['Horror', 'Thriller']",True,2006-10-12,5.532,1056,102,The Grudge Collection,95.719195,subsequent
659940,The Marco Effect,8000000.0,39300,"['Thriller', 'Crime']",True,2021-05-27,5.791,104,125,Department Q Collection,-99.50875,subsequent
19904,The Stepfather,20000000.0,31198531,"['Horror', 'Thriller']",False,2009-10-16,5.8,920,101,,55.992655,standalone
19666,Lagaan: Once Upon a Time in India,5200000.0,8100000,"['Adventure', 'Drama', 'History']",False,2001-06-15,7.251,592,224,,55.769230769230774,standalone
11549,Invasion of the Body Snatchers,416911.0,3000000,"['Science Fiction', 'Horror', 'Thriller']",False,1956-02-05,7.467,1123,80,,619.5780394376737,standalone
